Name,Price,Image,Winery,Grapes,Region,Wine Style,Product URL
Chateau Calon Segur Marquis de Calon 2015,$348.00 ,images\Chateau_Calon_Segur_Marquis_de_Calon_2015.jpg,Château Calon-Ségur,"Cabernet Sauvignon, Cabernet Franc, Merlot, Petit Verdot",France / Bordeaux / Médoc / Saint-Estèphe,Bordeaux Saint-Estèphe,https://vinewineltd.com/product/chateau-calon-segur-marquis-de-calon-2015/
Rauzan Gassies Margaux 2010 (Ex-Chateau),$899.00 ,images\Rauzan_Gassies_Margaux_2010_(Ex-Chateau).jpg,,,,,https://vinewineltd.com/product/rauzan-gassies-margaux-2010-ex-chateau/
Chateau Lafon-Rochet Saint-Estephe 1990,$898.00 ,images\Chateau_Lafon-Rochet_Saint-Estephe_1990.jpg,Château Lafon-Rochet,"Cabernet Sauvignon, Cabernet Franc, Merlot, Petit Verdot",France / Bordeaux / Médoc / Saint-Estèphe,Bordeaux Saint-Estèphe,https://vinewineltd.com/product/chateau-lafon-rochet-saint-estephe-1990/
La Reserve de Leoville Barton Saint-Julien 2018,$288.00 ,images\La_Reserve_de_Leoville_Barton_Saint-Julien_2018.jpg,Château Léoville Barton,"82% Cabernet Sauvignon, 18% Merlot",France / Bordeaux / Médoc / Saint-Julien,Bordeaux Saint-Julien,https://vinewineltd.com/product/la-reserve-de-leoville-barton-saint-julien-2018/
"Chateau Monbousquet, Saint-Emilion Grand Cru 1999",$798.00 ,"images\Chateau_Monbousquet,_Saint-Emilion_Grand_Cru_1999.jpg",Château Monbousquet,"Cabernet Sauvignon, Cabernet Franc, Merlot",France / Bordeaux / Libournais / Saint-Émilion / Saint-Émilion Grand Cru,Bordeaux Saint-Émilion,https://vinewineltd.com/product/chateau-monbousquet-1999/
"Chateau Montrose, Saint-Estephe 1985","$1,780.00 ","images\Chateau_Montrose,_Saint-Estephe_1985.jpg",Château Montrose,"Cabernet Sauvignon, Merlot",France / Bordeaux / Médoc / Saint-Estèphe,Bordeaux Saint-Estèphe,https://vinewineltd.com/product/chateau-montrose-1985/
Chateau Latour 1986,"$4,400.00 ",images\Chateau_Latour_1986.jpg,Château Latour,"Cabernet Sauvignon, Merlot, Petit Verdot",France / Bordeaux / Médoc / Pauillac,Bordeaux Pauillac,https://vinewineltd.com/product/chateau-latour-1986/
Chateau Haut Simard 2015,$398.00 ,images\Chateau_Haut_Simard_2015.jpg,,"Cabernet Sauvignon, Merlot",France / Bordeaux / Médoc / Pauillac,Bordeaux Pauillac,https://vinewineltd.com/product/chateau-haut-simard-2015/
"Chateau Giscours, Margaux 1998",$798.00 ,,Château Giscours,"Merlot, Cabernet Sauvignon, Cabernet Franc",France / Bordeaux / Médoc / Margaux,Bordeaux Margaux,https://vinewineltd.com/product/chateau-giscours-1998/
Chateau Talbot 2001,$820.00 ,images\Chateau_Talbot_2001.jpg,Château Talbot,"Cabernet Sauvignon, Merlot, Petit Verdot",France / Bordeaux / Médoc / Saint-Julien,Bordeaux Saint-Julien,https://vinewineltd.com/product/chateau-talbot-2001/
"Chateau Du Tertre, Margaux 2017",$420.00 ,"images\Chateau_Du_Tertre,_Margaux_2017.jpg",Château du Tertre,"40% Cabernet Sauvignon, 35% Merlot, 20% Cabernet Franc, 5% Petit Verdot",France / Bordeaux / Médoc / Margaux,Bordeaux Margaux,https://vinewineltd.com/product/chateau-du-tertre-margaux-2017/
"Chateau Olivier, Pessac Leognan 2010",$420.00 ,"images\Chateau_Olivier,_Pessac_Leognan_2010.jpg",Château Olivier,Cabernet Sauvignon,France / Bordeaux / Graves / Pessac-Léognan,Bordeaux Pessac-Léognan,https://vinewineltd.com/product/chateau-olivier-pessac-leognan-2010/
Chateau Tour de Mirambeau Reserve Blanc 2023,$160.00 ,images\Chateau_Tour_de_Mirambeau_Reserve_Blanc_2023.jpg,Château Tour de Mirambeau,Sauvignon Blanc,France / Bordeaux,Bordeaux White,https://vinewineltd.com/product/chateau-tour-de-mirambeau-cuvee-passion-blanc-2023-2/
Chateau Tour de Mirambeau Reserve Rouge 2020,$158.00 ,images\Chateau_Tour_de_Mirambeau_Reserve_Rouge_2020.jpg,Château Tour de Mirambeau,Merlot,France / Bordeaux,Bordeaux Red,https://vinewineltd.com/product/chateau-tour-de-mirambeau-cuvee-passion-rouge-2020/
Chateau Pichon Longueville Comtesse de Lalande ‘Pichon Comtesse Reserve’ Pauillac 2009,$562.00 ,images\Chateau_Pichon_Longueville_Comtesse_de_Lalande_‘Pichon_Comtesse_Reserve’_Pauillac_2009.jpg,Château Pichon Longueville Comtesse de Lalande,"Merlot, Cabernet Sauvignon, Petit Verdot",France / Bordeaux / Médoc / Pauillac,Bordeaux Pauillac,https://vinewineltd.com/product/chateau-pichon-longueville-comtesse-de-lalande-pichon-comtesse-reserve-pauillac-2009/
Chateau Branaire-Ducru 1993,$800.00 ,images\Chateau_Branaire-Ducru_1993.jpg,Château Branaire-Ducru,Cabernet Sauvignon,France / Bordeaux / Médoc / Saint-Julien,Bordeaux Saint-Julien,https://vinewineltd.com/product/chateau-branaire-ducru-1993/
Chateau Ducru-Beaucaillou 1979,"$2,363.00 ",images\Chateau_Ducru-Beaucaillou_1979.jpg,Château Ducru-Beaucaillou,100% Cabernet Sauvignon,France / Bordeaux / Médoc / Saint-Julien,Bordeaux Saint-Julien,https://vinewineltd.com/product/chateau-ducru-beaucaillou-1979/
Chateau Grand-Puy-Lacoste 1988,$880.00 ,images\Chateau_Grand-Puy-Lacoste_1988.jpg,Château Grand-Puy-Lacoste,"Cabernet Sauvignon, Merlot",France / Bordeaux / Médoc / Pauillac,Bordeaux Pauillac,https://vinewineltd.com/product/chateau-grand-puy-lacoste-1988/
Chateau Leoville Las Cases 1993,"$1,680.00 ",images\Chateau_Leoville_Las_Cases_1993.jpg,"Château Léoville Las Cases
Grapes: Cabernet Sauvignon, Cabernet Franc, Merlot",,France / Bordeaux / Médoc / Saint-Julien,Bordeaux Saint-Julien,https://vinewineltd.com/product/chateau-leoville-las-cases-1993/
Chateau Leoville Poyferre Saint-Julien 1989,"$1,372.00 ",images\Chateau_Leoville_Poyferre_Saint-Julien_1989.jpg,Château Léoville Poyferré,"Cabernet Franc, Merlot, Petit Verdot, Cabernet Sauvignon",France / Bordeaux / Médoc / Saint-Julien,Bordeaux Saint-Julien,https://vinewineltd.com/product/chateau-leoville-poyferre-1989/
"Chateau Montrose, Saint-Estephe 1981","$1,531.00 ","images\Chateau_Montrose,_Saint-Estephe_1981.jpg",Château Montrose,"Cabernet Sauvignon, Merlot",France / Bordeaux / Médoc / Saint-Estèphe,Bordeaux Saint-Estèphe,https://vinewineltd.com/product/chateau-montrose-1981/
Chateau Prieure-Lichine 1986,$758.00 ,images\Chateau_Prieure-Lichine_1986.jpg,Château Prieuré-Lichine,Cabernet Sauvignon,France / Bordeaux / Médoc / Margaux,Bordeaux Margaux,https://vinewineltd.com/product/chateau-prieure-lichine-1986/
Chateau Boyd-Cantenac 1995,$698.00 ,images\Chateau_Boyd-Cantenac_1995.jpg,Château Boyd-Cantenac,Cabernet Sauvignon,France / Bordeaux / Médoc / Margaux,Bordeaux Margaux,https://vinewineltd.com/product/chateau-boyd-cantenac-1995/
Chateau Duhart-Milon 2001,$718.00 ,images\Chateau_Duhart-Milon_2001.jpg,Château Duhart-Milon,100% Cabernet Sauvignon,France / Bordeaux / Médoc / Pauillac,Bordeaux Pauillac,https://vinewineltd.com/product/chateau-duhart-milon-2001/
Chateau Du Bois de Tau 2022,$129.00 ,images\Chateau_Du_Bois_de_Tau_2022.jpg,Château du Bois de Tau,"Cabernet Sauvignon, Cabernet Franc, Merlot",France / Bordeaux / Côtes de Bordeaux / Côtes de Bourg,Bordeaux Red,https://vinewineltd.com/product/chateau-du-bois-de-tau-2022/
"Chateau Giscours, Margaux 1999",$780.00 ,"images\Chateau_Giscours,_Margaux_1999.jpg",Château Giscours,"Merlot, Cabernet Sauvignon, Cabernet Franc",France / Bordeaux / Médoc / Margaux,Bordeaux Margaux,https://vinewineltd.com/product/chateau-giscours-1999/
Chateau Lafite Rothschild ‘Carruades de Lafite’ Pauillac 2010,"$2,480.00 ",images\Chateau_Lafite_Rothschild_‘Carruades_de_Lafite’_Pauillac_2010.jpg,,,,,https://vinewineltd.com/product/chateau-lafite-rothschild-carruades-de-lafite-pauillac-2010/
Chateau Talbot Saint-Julien 1949 (Re-corked by the Chateau with single wooden case),"$9,998.00 ",images\Chateau_Talbot_Saint-Julien_1949_(Re-corked_by_the_Chateau_with_single_wooden_case).jpg,Château Talbot,Cabernet Sauvignon,France / Bordeaux / Médoc / Saint-Julien,Bordeaux Saint-Julien,https://vinewineltd.com/product/chateau-talbot-saint-julien-1949-re-corked-by-the-chateau-with-single-wooden-case/
Chateau Gruaud-Larose Saint-Julien 2014,$998.00 ,images\Chateau_Gruaud-Larose_Saint-Julien_2014.jpg,Château Gruaud Larose,"61% Cabernet Sauvignon, 29% Merlot, 7% Cabernet Franc, 3% Petit Verdot",France / Bordeaux / Médoc / Saint-Julien,Bordeaux Saint-Julien,https://vinewineltd.com/product/chateau-gruaud-larose-saint-julien-2014/
Chateau Haut-Bailly Pessac-Leognan 2014,$850.00 ,images\Chateau_Haut-Bailly_Pessac-Leognan_2014.jpg,Château Haut-Bailly,,France / Bordeaux / Graves / Pessac-Léognan,Bordeaux Pessac-Léognan,https://vinewineltd.com/product/chateau-haut-bailly-pessac-leognan-2014/
Chateau Rauzan-Segla Margaux 2014,$620.00 ,images\Chateau_Rauzan-Segla_Margaux_2014.jpg,Château Rauzan-Ségla,"56% Cabernet Sauvignon, 42% Merlot, 1% Petit Verdot and 1% Cabernet Franc",France / Bordeaux / Médoc / Margaux,Bordeaux Margaux,https://vinewineltd.com/product/chateau-rauzan-segla-margaux-2014/
Chateau Bouscaut Pessac-Leognan 2015,$328.00 ,images\Chateau_Bouscaut_Pessac-Leognan_2015.jpg,Château Bouscaut,,France / Bordeaux / Graves / Pessac-Léognan,Bordeaux Pessac-Léognan,https://vinewineltd.com/product/chateau-bouscaut-pessac-leognan-2015/
Chateau Kirwan Margaux 2015,$517.00 ,images\Chateau_Kirwan_Margaux_2015.jpg,Chateau Kirwan,,France / Bordeaux / Médoc / Margaux,Bordeaux Margaux,https://vinewineltd.com/product/chateau-kirwan-margaux-2015/
Chateau Montrose Saint-Estephe 2015,"$1,595.00 ",images\Chateau_Montrose_Saint-Estephe_2015.jpg,Château Montrose,,France / Bordeaux / Médoc / Saint-Estèphe,Bordeaux Saint-Estèphe,https://vinewineltd.com/product/chateau-montrose-saint-estephe-2015/
Chateau Leoville Poyferre Saint-Julien 2016,$865.00 ,images\Chateau_Leoville_Poyferre_Saint-Julien_2016.jpg,Château Léoville Poyferré,"60% Cabernet Sauvignon, 33% Merlot, 5% Petit Verdot and 2% Cabernet Franc",France / Bordeaux / Médoc / Saint-Julien,Saint-Julien,https://vinewineltd.com/product/chateau-leoville-poyferre-saint-julien-2016/
Chateau Monbousquet Blanc Bordeaux 2016,$480.00 ,images\Chateau_Monbousquet_Blanc_Bordeaux_2016.jpg,Château Monbousquet,"60% Sauvignon Blanc, 30% Sauvignon Gris and 5% each of Muscadelle and Sémillon",France / Bordeaux,Bordeaux White,https://vinewineltd.com/product/chateau-monbousquet-blanc-bordeaux-2016/
Chateau Montrose La Dame de Montrose Saint-Estephe 2016,$398.00 ,images\Chateau_Montrose_La_Dame_de_Montrose_Saint-Estephe_2016.jpg,Château Montrose,"35% Cabernet Sauvignon, 52% Merlot, 2% Cabernet Franc and 11% Petit Verdot",France/Bordeaux/Médoc/Saint-Estèphe,Bordeaux Saint-Estèphe,https://vinewineltd.com/product/chateau-montrose-la-dame-de-montrose-saint-estephe-2016/
La Tour Carnet Blanc 2016,$328.00 ,images\La_Tour_Carnet_Blanc_2016.jpg,Château La Tour Carnet,75% Sauvignon Blanc and 25% Semillon,France / Bordeaux,Bordeaux White,https://vinewineltd.com/product/la-tour-carnet-blanc-2016/
Chateau Lalande Borie 2017 – 375ml,$198.00 ,images\Chateau_Lalande_Borie_2017_–_375ml.jpg,,100% Cabernet Sauvignon,France / Bordeaux / Médoc / Saint-Julien,Bordeaux Saint-Julien,https://vinewineltd.com/product/chateau-lalande-borie-2017/
Vignobles Andre Lurton Chateau de Rochemorin Blanc Pessac-Leognan 2015,$248.00 ,images\Vignobles_Andre_Lurton_Chateau_de_Rochemorin_Blanc_Pessac-Leognan_2015.jpg,Château de Rochemorin,Sauvignon Blanc,France / Bordeaux / Graves / Pessac-Léognan,Bordeaux White,https://vinewineltd.com/product/vignobles-andre-lurton-chateau-de-rochemorin-blanc-pessac-leognan-2015/
Chateau Beychevelle Saint-Julien 2014,$928.00 ,images\Chateau_Beychevelle_Saint-Julien_2014.jpg,Château Beychevelle,"Merlot, Cabernet Sauvignon",France / Bordeaux / Médoc / Saint-Julien,Bordeaux Saint-Julien,https://vinewineltd.com/product/chateau-beychevelle-saint-julien-2014/
Chateau La Conseillante Pomerol 1978,"$1,770.00 ",,Château La Conseillante,Merlot,France / Bordeaux / Libournais / Pomerol,Bordeaux Pomerol,https://vinewineltd.com/product/chateau-la-conseillante-pomerol-1978/
Vignobles Andre Lurton Chateau de Rochemorin Blanc Pessac-Leognan 2016,$248.00 ,images\Vignobles_Andre_Lurton_Chateau_de_Rochemorin_Blanc_Pessac-Leognan_2016.jpg,Château de Rochemorin,Sauvignon Blanc,France / Bordeaux / Graves / Pessac-Léognan,Bordeaux White,https://vinewineltd.com/product/vignobles-andre-lurton-chateau-de-rochemorin-blanc-pessac-leognan-2016/
Chateau Latour Pauillac 2006 – with Wooden Box (Ex-Château),"$4,980.00 ",images\Chateau_Latour_Pauillac_2006_–_with_Wooden_Box_(Ex-Château).jpg,Château Lafite Rothschild,"Merlot, Cabernet Sauvignon, Petit Verdot",France / Bordeaux / Médoc / Pauillac,Bordeaux Pauillac,https://vinewineltd.com/product/chateau-latour-pauillac-2006-with-wooden-box-ex-chateau/
Chateau Latour Pauillac 2008 (Ex-Château),"$4,980.00 ",images\Chateau_Latour_Pauillac_2008_(Ex-Château).jpg,Château Lafite Rothschild,"Merlot, Cabernet Sauvignon, Petit Verdot",France / Bordeaux / Médoc / Pauillac,Bordeaux Pauillac,https://vinewineltd.com/product/chateau-latour-pauillac-2008-ex-chateau/
Chateau Latour Pauillac 2010 (Ex-Château),"$9,880.00 ",images\Chateau_Latour_Pauillac_2010_(Ex-Château).jpg,Château Lafite Rothschild,"Merlot, Cabernet Sauvignon, Petit Verdot",France / Bordeaux / Médoc / Pauillac,Bordeaux Pauillac,https://vinewineltd.com/product/chateau-latour-pauillac-2010-ex-chateau/
Chateau Leoville-Las Cases ‘Grand Vin de Leoville’ Saint-Julien 1985,"$2,480.00 ",images\Chateau_Leoville-Las_Cases_‘Grand_Vin_de_Leoville’_Saint-Julien_1985.jpg,Château Léoville Las Cases,"Merlot, Cabernet Sauvignon, Cabernet Franc",France / Bordeaux / Médoc / Saint-Julien,Bordeaux Saint-Julien,https://vinewineltd.com/product/chateau-leoville-las-cases-grand-vin-de-leoville-saint-julien-1985/
Chateau Cos d’Estournel Saint-Estephe 1979,"$1,580.00 ",images\Chateau_Cos_d’Estournel_Saint-Estephe_1979.jpg,Cos d’Estournel,"Cabernet Sauvignon, Merlot",France / Bordeaux / Médoc / Saint-Estèphe,Bordeaux Saint-Estèphe,https://vinewineltd.com/product/chateau-cos-destournel-saint-estephe-1979/
Chateau de Fieuzal Blanc Pessac-Leognan 2005,$588.00 ,images\Chateau_de_Fieuzal_Blanc_Pessac-Leognan_2005.jpg,Château de Fieuzal,Sauvignon Blanc,France / Bordeaux / Graves / Pessac-Léognan,Bordeaux White,https://vinewineltd.com/product/chateau-de-fieuzal-blanc-pessac-leognan-2005/
Chateau Talbot Saint-Julien 1998,$880.00 ,images\Chateau_Talbot_Saint-Julien_1998.jpg,Château Talbot,"Merlot, Cabernet Sauvignon, Cabernet Franc, Petit Verdot",France / Bordeaux / Médoc / Saint-Julien,Bordeaux Saint-Julien,https://vinewineltd.com/product/chateau-talbot-saint-julien-1998/
Chateau Chasse-Spleen Moulis-en-Medoc 2019,$368.00 ,images\Chateau_Chasse-Spleen_Moulis-en-Medoc_2019.jpg,Château Chasse-Spleen,100% Petit Verdot,France / Bordeaux / Médoc / Moulis-en-Médoc,Bordeaux Moulis-en-Médoc Red,https://vinewineltd.com/product/chateau-chasse-spleen-moulis-en-medoc-2019/
Pastourelle de Clerc Milon Pauillac 2014,$388.00 ,images\Pastourelle_de_Clerc_Milon_Pauillac_2014.jpg,,"Cabernet Sauvignon, Cabernet Franc, Merlot, Petit Verdot, Carménère",France / Bordeaux / Médoc / Pauillac,Bordeaux Pauillac,https://vinewineltd.com/product/pastourelle-de-clerc-milon-pauillac-2014/
Chateau du Retout ‘Le Retout Blanc’ Vin de France 2013,$258.00 ,images\Chateau_du_Retout_‘Le_Retout_Blanc’_Vin_de_France_2013.jpg,Château du Retout,"Sauvignon Gris, Savagnin, Gros Manseng, Mondeuse Blanche",France / Vin de France,,https://vinewineltd.com/product/chateau-du-retout-le-retout-blanc-vin-de-france-2013/
Thomas Morey Le Puits Saint-Aubin Premier Cru 2020,$498.00 ,images\Thomas_Morey_Le_Puits_Saint-Aubin_Premier_Cru_2020.jpg,Thomas Morey,Chardonnay,France / Bourgogne / Côte de Beaune / Saint-Aubin / Saint-Aubin Premier Cru / Saint-Aubin 1er Cru ‘Le Puits’,Burgundy Côte de Beaune White,https://vinewineltd.com/product/thomas-morey-le-puits-saint-aubin-premier-cru-2020/
Domaine Jean-Jacques Confuron Aux Boudots Nuits-Saint-Georges Premier Cru 2017,$998.00 ,images\Domaine_Jean-Jacques_Confuron_Aux_Boudots_Nuits-Saint-Georges_Premier_Cru_2017.jpg,Jean-Jacques Confuron,Pinot Noir,France / Bourgogne / Côte de Nuits / Nuits-Saint-Georges / Nuits-Saint-Georges Premier Cru / Nuits-Saint-Georges 1er Cru ‘Aux Boudots’,Burgundy Côte de Nuits Red,https://vinewineltd.com/product/domaine-jean-jacques-confuron-aux-boudots-nuits-saint-georges-premier-cru-2017/
Domaine Jules Desjourneys Pouilly-Vinzelles Les Longeays Maconnais 2018,$648.00 ,images\Domaine_Jules_Desjourneys_Pouilly-Vinzelles_Les_Longeays_Maconnais_2018.jpg,Jules Desjourneys,Chardonnay,France / Bourgogne / Mâconnais / Pouilly-Vinzelles,Burgundy Mâconnais White,https://vinewineltd.com/product/domaine-jules-desjourneys-pouilly-vinzelles-les-longeays-maconnais-2018/
Domaine Jean-Jacques Confuron Cote de Nuits-Villages La Montagne Blanc Burgundy 2020,$448.00 ,images\Domaine_Jean-Jacques_Confuron_Cote_de_Nuits-Villages_La_Montagne_Blanc_Burgundy_2020.jpg,Jean-Jacques Confuron,Chardonnay,France / Burgundy / Côte de Nuits / Côte de Nuits Villages,White wine from Burgundy,https://vinewineltd.com/product/domaine-jean-jacques-confuron-cote-de-nuits-villages-la-montagne-blanc-burgundy-2020/
Domaine Remi Jobard Le Poruzot Dessus Meursault Premier Cru 2019,"$1,428.00 ",images\Domaine_Remi_Jobard_Le_Poruzot_Dessus_Meursault_Premier_Cru_2019.jpg,Rémi Jobard,100% Chardonnay,France / Bourgogne / Côte de Beaune / Meursault / Meursault Premier Cru / Meursault 1er Cru ‘Porusot’,Burgundy Côte de Beaune White,https://vinewineltd.com/product/domaine-remi-jobard-le-poruzot-dessus-meursault-premier-cru-2019/
Chateau des Quarts Clos des Quarts Aux Quarts Pouilly-Fuisse 2018,$546.00 ,images\Chateau_des_Quarts_Clos_des_Quarts_Aux_Quarts_Pouilly-Fuisse_2018.jpg,Château des Quarts,Chardonnay,France / Bourgogne / Mâconnais / Pouilly-Fuissé,Burgundy Mâconnais White,https://vinewineltd.com/product/chateau-des-quarts-clos-des-quarts-aux-quarts-pouilly-fuisse-2018/
Fernand & Laurent Pillot Chassagne-Montrachet Les Chenes Cote de Beaune 2021,$680.00 ,images\Fernand_&_Laurent_Pillot_Chassagne-Montrachet_Les_Chenes_Cote_de_Beaune_2021.jpg,Domaine Fernand &amp; Laurent Pillot,Chardonnay,France / Bourgogne / Côte de Beaune / Chassagne-Montrachet,Burgundy Côte de Beaune White,https://vinewineltd.com/product/fernand-laurent-pillot-chassagne-montrachet-les-chenes-cote-de-beaune-2021/
Louis Jadot Theurons Beaune Premier Cru 2020,$498.00 ,images\Louis_Jadot_Theurons_Beaune_Premier_Cru_2020.jpg,Domaine des Héritiers Louis Jadot,100% Pinot Noir,France/Bourgogne/Côte de Beaune/Beaune/Beaune Premier Cru,Burgundy Côte de Beaune Red,https://vinewineltd.com/product/louis-jadot-theurons-beaune-premier-cru-2020/
Albert Morot Les Teurons Beaune Premier Cru 2008,$798.00 ,images\Albert_Morot_Les_Teurons_Beaune_Premier_Cru_2008.jpg,Albert Morot,Pinot Noir,France / Bourgogne / Côte de Beaune / Beaune / Beaune Premier Cru / Beaune 1er Cru ‘Les Teurons’,Burgundy Côte de Beaune Red,https://vinewineltd.com/product/albert-morot-les-teurons-beaune-premier-cru-2008/
Domaine Francois Lumpp Petit Marole Rouge Givry Premier Cru 2019,$448.00 ,images\Domaine_Francois_Lumpp_Petit_Marole_Rouge_Givry_Premier_Cru_2019.jpg,Domaine François Lumpp,Pinot Noir,France / Bourgogne / Côte Chalonnaise / Givry / Givry Premier Cru / Givry 1er Cru ‘Petit Marole’,Burgundy Côte Chalonnaise Red,https://vinewineltd.com/product/domaine-francois-lumpp-petit-marole-rouge-givry-premier-cru-2019/
Domaine Barraud En France Pouilly-Fuisse 2017,$398.00 ,images\Domaine_Barraud_En_France_Pouilly-Fuisse_2017.jpg,Domaine Barraud,Chardonnay,France / Bourgogne / Mâconnais / Pouilly-Fuissé,Burgundy Mâconnais White,https://vinewineltd.com/product/domaine-barraud-en-france-pouilly-fuisse-premier-cru-2017/
Domaine Barraud Sur La Roche Pouilly-Fuisse 2015,$428.00 ,images\Domaine_Barraud_Sur_La_Roche_Pouilly-Fuisse_2015.jpg,Domaine Barraud,Chardonnay,France / Bourgogne / Mâconnais / Pouilly-Fuissé,Burgundy Mâconnais White,https://vinewineltd.com/product/domaine-barraud-sur-la-roche-pouilly-fuisse-premier-cru-2015/
Domaine Barraud Saint-Veran Les Pommards Maconnais 2017,$338.00 ,images\Domaine_Barraud_Saint-Veran_Les_Pommards_Maconnais_2017.jpg,Domaine Barraud,Chardonnay,France / Bourgogne / Mâconnais / Saint-Véran,Burgundy Mâconnais White,https://vinewineltd.com/product/domaine-barraud-saint-veran-les-pommards-maconnais-2017/
Domaine Daniel & Martine Barraud Pouilly-Fuissé Les Crays 2011 (1500ml),$998.00 ,images\Domaine_Daniel_&_Martine_Barraud_Pouilly-Fuissé_Les_Crays_2011_(1500ml).jpg,Domaine Barraud,Chardonnay,France / Bourgogne / Mâconnais / Pouilly-Fuissé,Burgundy Mâconnais White,https://vinewineltd.com/product/domaine-daniel-martine-barraud-pouilly-fuisse-les-crays-2011/
Domaine Barraud Pouilly-Fuisse En Buland Vieilles Vignes Maconnais 2012,"$1,080.00 ",images\Domaine_Barraud_Pouilly-Fuisse_En_Buland_Vieilles_Vignes_Maconnais_2012.jpg,Domaine Barraud,Chardonnay,France / Bourgogne / Mâconnais / Pouilly-Fuissé,Burgundy Mâconnais White,https://vinewineltd.com/product/domaine-barraud-pouilly-fuisse-en-buland-vieilles-vignes-maconnais-2012/
La Maison Romane Fixin Les Clos Cote de Nuits 2021,$648.00 ,images\La_Maison_Romane_Fixin_Les_Clos_Cote_de_Nuits_2021.jpg,La Maison Romane,Pinot Noir,France / Bourgogne / Côte de Nuits / Fixin,Burgundy Côte de Nuits Red,https://vinewineltd.com/product/la-maison-romane-fixin-les-clos-cote-de-nuits-2021/
La Maison Romane Marsannay Longeroies Cote de Nuits 2021,$488.00 ,images\La_Maison_Romane_Marsannay_Longeroies_Cote_de_Nuits_2021.jpg,La Maison Romane,Pinot Noir,France / Bourgogne / Côte de Nuits / Marsannay,Burgundy Côte de Nuits Red,https://vinewineltd.com/product/la-maison-romane-marsannay-longeroies-cote-de-nuits-2021/
Domaine Benoit Girardin Chassagne-Montrachet Cote de Beaune 2020,$820.00 ,images\Domaine_Benoit_Girardin_Chassagne-Montrachet_Cote_de_Beaune_2020.jpg,Benoit Girardin,Chardonnay,France / Bourgogne / Côte de Beaune / Chassagne-Montrachet,Burgundy Côte de Beaune White,https://vinewineltd.com/product/domaine-benoit-girardin-chassagne-montrachet-cote-de-beaune-2020/
Domaine Dugat-Py Gevrey-Chambertin Vieilles Vignes Cote de Nuits 2016,"$1,380.00 ",images\Domaine_Dugat-Py_Gevrey-Chambertin_Vieilles_Vignes_Cote_de_Nuits_2016.jpg,Dugat-Py,Pinot Noir,France / Bourgogne / Côte de Nuits / Gevrey-Chambertin,Burgundy Côte de Nuits Red,https://vinewineltd.com/product/domaine-dugat-py-gevrey-chambertin-vieilles-vignes-cote-de-nuits-2016/
Nicolas Potel Domaine de Bellene Cote de Nuits Vieilles Vignes Cote de Nuits-Villages 2017,$485.00 ,images\Nicolas_Potel_Domaine_de_Bellene_Cote_de_Nuits_Vieilles_Vignes_Cote_de_Nuits-Villages_2017.jpg,Domaine de Bellène,Pinot Noir,France / Bourgogne / Côte de Nuits / Côte de Nuits Villages,Burgundy Côte de Nuits Red,https://vinewineltd.com/product/nicolas-potel-domaine-de-bellene-cote-de-nuits-vieilles-vignes-cote-de-nuits-2017/
Domaine Georges Noellat Vosne-Romanee Cote de Nuits 2016,"$1,078.00 ",images\Domaine_Georges_Noellat_Vosne-Romanee_Cote_de_Nuits_2016.jpg,Georges Noëllat,Pinot Noir,France / Bourgogne / Côte de Nuits / Vosne-Romanée,Burgundy Côte de Nuits Red,https://vinewineltd.com/product/domaine-georges-noellat-vosne-romanee-cote-de-nuits-2016/
Domaine Gilbert et Christine Felettig Chambolle-Musigny Vieilles Vignes Cote de Nuits 2019,"$1,300.00 ",images\Domaine_Gilbert_et_Christine_Felettig_Chambolle-Musigny_Vieilles_Vignes_Cote_de_Nuits_2019.jpg,Gilbert et Christine Felettig,Pinot Noir,France / Bourgogne / Côte de Nuits / Chambolle-Musigny,Burgundy Côte de Nuits Red,https://vinewineltd.com/product/domaine-gilbert-et-christine-felettig-chambolle-musigny-vieilles-vignes-cote-de-nuits-2019/
Domaine Gilbert et Christine Felettig Les Lavrottes Chambolle-Musigny Premier Cru 2020,"$1,280.00 ",images\Domaine_Gilbert_et_Christine_Felettig_Les_Lavrottes_Chambolle-Musigny_Premier_Cru_2020.jpg,Gilbert et Christine Felettig,Pinot Noir,France / Bourgogne / Côte de Nuits / Chambolle-Musigny / Chambolle-Musigny Premier Cru / Chambolle-Musigny 1er Cru ‘Les Lavrottes’,Burgundy Côte de Nuits Red,https://vinewineltd.com/product/domaine-gilbert-et-christine-felettig-les-lavrottes-chambolle-musigny-premier-cru-2020/
Domaine Gilbert et Christine Felettig Les Lavrottes Chambolle-Musigny Premier Cru 2018,"$1,080.00 ",images\Domaine_Gilbert_et_Christine_Felettig_Les_Lavrottes_Chambolle-Musigny_Premier_Cru_2018.jpg,Gilbert et Christine Felettig,Pinot Noir,France / Bourgogne / Côte de Nuits / Chambolle-Musigny / Chambolle-Musigny Premier Cru / Chambolle-Musigny 1er Cru ‘Les Lavrottes’,Burgundy Côte de Nuits Red,https://vinewineltd.com/product/domaine-gilbert-et-christine-felettig-les-lavrottes-chambolle-musigny-premier-cru-2018/
Justin Girardin Morgeot Chassagne-Montrachet Premier Cru 2021,$648.00 ,images\Justin_Girardin_Morgeot_Chassagne-Montrachet_Premier_Cru_2021.jpg,Justin Girardin,Chardonnay,France / Bourgogne / Côte de Beaune / Chassagne-Montrachet / Chassagne-Montrachet Premier Cru / Chassagne-Montrachet,Burgundy Côte de Beaune White,https://vinewineltd.com/product/justin-girardin-morgeot-chassagne-montrachet-premier-cru-2021/
Jean-Jacques Confuron Chambolle Musigny 2020 (JM91),$678.00 ,images\Jean-Jacques_Confuron_Chambolle_Musigny_2020_(JM91).jpg,Jean-Jacques Confuron,Pinot Noir,France / Bourgogne / Côte de Nuits / Chambolle-Musigny,Burgundy Côte de Nuits Red,https://vinewineltd.com/product/jean-jacques-confuron-chambolle-musigny-2020-jm91/
Domaine Chevalier Pere & Fils Corton Le Rognet Grand Cru Cote de Beaune 1999,"$1,680.00 ",images\Domaine_Chevalier_Pere_&_Fils_Corton_Le_Rognet_Grand_Cru_Cote_de_Beaune_1999.jpg,Domaine Chevalier,Pinot Noir,France / Bourgogne / Côte de Beaune / Corton Grand Cru / Corton Grand Cru ‘Le Rognet et Corton’,Burgundy Côte de Beaune Red,https://vinewineltd.com/product/domaine-chevalier-pere-fils-corton-le-rognet-grand-cru-cote-de-beaune-1999/
"Julien Guillot (Vignes du Maynes), Bourgogne Rouge Cuvée Auguste 2017",$628.00 ,"images\Julien_Guillot_(Vignes_du_Maynes),_Bourgogne_Rouge_Cuvée_Auguste_2017.jpg",Domaine Vignes du Maynes,Pinot Noir,France / Bourgogne / Burgundy,Burgundy Red,https://vinewineltd.com/product/julien-guillot-vignes-du-maynes-bourgogne-rouge-cuvee-auguste-2017/
Julien Guillot – Clos des Vignes du Maynes Bourgogne Rouge Cuvee Auguste Burgundy 2018,$680.00 ,images\Julien_Guillot_–_Clos_des_Vignes_du_Maynes_Bourgogne_Rouge_Cuvee_Auguste_Burgundy_2018.jpg,Domaine Vignes du Maynes,Pinot Noir,France / Bourgogne / Burgundy,Burgundy Red,https://vinewineltd.com/product/julien-guillot-clos-des-vignes-du-maynes-bourgogne-rouge-cuvee-auguste-burgundy-2018/
"Julien Guillot (Vignes du Maynes), Bourgogne Rouge Cuvée Auguste 2020",$618.00 ,"images\Julien_Guillot_(Vignes_du_Maynes),_Bourgogne_Rouge_Cuvée_Auguste_2020.jpg",Domaine Vignes du Maynes,Pinot Noir,France / Bourgogne,Burgundy Red,https://vinewineltd.com/product/julien-guillot-vignes-du-maynes-bourgogne-rouge-cuvee-auguste-2020/
Domaine Barraud Sur La Roche Pouilly-Fuisse 2014,$448.00 ,images\Domaine_Barraud_Sur_La_Roche_Pouilly-Fuisse_2014.jpg,Domaine Barraud,Chardonnay,France / Bourgogne / Mâconnais / Pouilly-Fuissé,Burgundy Mâconnais White,https://vinewineltd.com/product/domaine-barraud-sur-la-roche-pouilly-fuisse-premier-cru-2014/
Domaine Barraud En France Pouilly-Fuisse 2015,$428.00 ,images\Domaine_Barraud_En_France_Pouilly-Fuisse_2015.jpg,Domaine Barraud,Chardonnay,France / Bourgogne / Mâconnais / Pouilly-Fuissé,Burgundy Mâconnais White,https://vinewineltd.com/product/domaine-barraud-en-france-pouilly-fuisse-premier-cru-2015/
Domaine Barraud Saint-Veran Les Pommards Maconnais 2015,$318.00 ,images\Domaine_Barraud_Saint-Veran_Les_Pommards_Maconnais_2015.jpg,Domaine Barraud,Chardonnay,France / Bourgogne / Mâconnais / Saint-Véran,Burgundy Mâconnais White,https://vinewineltd.com/product/domaine-barraud-saint-veran-les-pommards-maconnais-2015/
Domaine Barraud Macon-Vergisson La Roche Burgundy 2017,$358.00 ,images\Domaine_Barraud_Macon-Vergisson_La_Roche_Burgundy_2017.jpg,Domaine Barraud,Chardonnay,France / Bourgogne / Mâconnais / Mâcon / Mâcon-Vergisson,Burgundy Mâconnais White,https://vinewineltd.com/product/domaine-barraud-macon-vergisson-la-roche-burgundy-2017/
Domaine Barraud Macon Fuisse Burgundy 2017,$298.00 ,images\Domaine_Barraud_Macon_Fuisse_Burgundy_2017.jpg,Domaine Barraud,Chardonnay,France / Bourgogne / Mâconnais / Mâcon / Mâcon-Fuissé,,https://vinewineltd.com/product/domaine-barraud-macon-fuisse-burgundy-2017/
Domaine David Duband Hautes Cotes de Nuits ‘Cuvee Louis Auguste’ 2018,$318.00 ,images\Domaine_David_Duband_Hautes_Cotes_de_Nuits_‘Cuvee_Louis_Auguste’_2018.jpg,David Duband,Pinot Noir,France / Bourgogne / Bourgogne Hautes-Côtes de Nuits,Burgundy Red,https://vinewineltd.com/product/domaine-david-duband-hautes-cotes-de-nuits-cuvee-louis-auguste-2018/
Domaine de la Pousse d’Or Les Feusselottes Chambolle-Musigny Premier Cru 2014,"$1,080.00 ",images\Domaine_de_la_Pousse_d’Or_Les_Feusselottes_Chambolle-Musigny_Premier_Cru_2014.jpg,La Pousse d’Or,Pinot Noir,France / Bourgogne / Côte de Nuits / Chambolle-Musigny / Chambolle-Musigny Premier Cru / Chambolle-Musigny 1er Cru ‘Les Feusselottes’,Burgundy Côte de Nuits Red,https://vinewineltd.com/product/domaine-de-la-pousse-dor-les-feusselottes-chambolle-musigny-premier-cru-2014/
Domaine Harmand-Geoffroy Les Champeaux Gevrey-Chambertin Premier Cru 2011,"$1,470.00 ",images\Domaine_Harmand-Geoffroy_Les_Champeaux_Gevrey-Chambertin_Premier_Cru_2011.jpg,Harmand-Geoffroy,Pinot Noir,France / Bourgogne / Côte de Nuits / Gevrey-Chambertin / Gevrey-Chambertin Premier Cru / Gevrey-Chambertin 1er Cru ‘Champeaux’,Burgundy Côte de Nuits Red,https://vinewineltd.com/product/domaine-harmand-geoffroy-les-champeaux-gevrey-chambertin-premier-cru-2011/
Domaine Vincent Latour – Jean Latour Labille Meursault Cuvee Saint-Jean 2019,$558.00 ,images\Domaine_Vincent_Latour_–_Jean_Latour_Labille_Meursault_Cuvee_Saint-Jean_2019.jpg,Domaine Vincent Latour,Chardonnay,France / Bourgogne / Côte de Beaune / Meursault,Burgundy Côte de Beaune White,https://vinewineltd.com/product/domaine-vincent-latour-jean-latour-labille-meursault-cuvee-saint-jean-2019/
William Fevre Chablis Premier Cru Beauroy 2010,$528.00 ,images\William_Fevre_Chablis_Premier_Cru_Beauroy_2010.jpg,Domaine William Fèvre,Chardonnay,France / Bourgogne / Chablis / Chablis Premier Cru,Burgundy Chablis,https://vinewineltd.com/product/william-fevre-beauroy-chablis-premier-cru-2010/
Domaine Marquis d’Angerville Volnay Premier Cru Cote de Beaune 2011,$980.00 ,images\Domaine_Marquis_d’Angerville_Volnay_Premier_Cru_Cote_de_Beaune_2011.jpg,,,,Burgundy Côte de Beaune Red,https://vinewineltd.com/product/domaine-marquis-dangerville-volnay-premier-cru-cote-de-beaune-2011/
Domaine Marquis d’Angerville Fremiets Volnay Premier Cru 2011,"$1,038.00 ",images\Domaine_Marquis_d’Angerville_Fremiets_Volnay_Premier_Cru_2011.jpg,Domaine Marquis d’Angerville,Pinot Noir,France / Bourgogne / Côte de Beaune / Volnay / Volnay Premier Cru,Burgundy Côte de Beaune Red,https://vinewineltd.com/product/domaine-marquis-dangerville-fremiets-volnay-premier-cru-2011/
Louis Jadot Morey-Saint-Denis Cote de Nuits 2015,$428.00 ,images\Louis_Jadot_Morey-Saint-Denis_Cote_de_Nuits_2015.jpg,Louis Jadot,100% Pinot Noir,France / Bourgogne / Côte de Nuits / Morey-Saint-Denis,Burgundy Côte de Nuits Red,https://vinewineltd.com/product/louis-jadot-morey-saint-denis-cote-de-nuits-2015/
"Francois Legros, Nuits-Saint-Georges 1er Cru, Aux Bousselots 2020",$899.00 ,"images\Francois_Legros,_Nuits-Saint-Georges_1er_Cru,_Aux_Bousselots_2020.jpg",Domaine François Legros,Pinot Noir,France / Bourgogne / Côte de Nuits / Nuits-Saint-Georges / Nuits-Saint-Georges Premier Cru / Nuits-Saint-Georges 1er Cru ‘Aux Bousselots’,Burgundy Côte de Nuits Red,https://vinewineltd.com/product/francois-legros-nuits-saint-georges-1er-cru-aux-bousselots-2020/
Domaine Sylvie Esmonin Gevrey-Chambertin Vieilles Vignes Cote de Nuits 2018,$680.00 ,images\Domaine_Sylvie_Esmonin_Gevrey-Chambertin_Vieilles_Vignes_Cote_de_Nuits_2018.jpg,Domaine Michel &amp; Sylvie Esmonin,Pinot Noir,France / Bourgogne / Côte de Nuits / Gevrey-Chambertin,Burgundy Côte de Nuits Red,https://vinewineltd.com/product/domaine-sylvie-esmonin-gevrey-chambertin-vieilles-vignes-cote-de-nuits-2018/
Chanson Pere & Fils Clos des Mouches Blanc Beaune Premier Cru 2017,$780.00 ,images\Chanson_Pere_&_Fils_Clos_des_Mouches_Blanc_Beaune_Premier_Cru_2017.jpg,Chanson,Chardonnay,France / Bourgogne / Côte de Beaune / Beaune / Beaune Premier Cru,Burgundy Côte de Beaune White,https://vinewineltd.com/product/chanson-pere-fils-clos-des-mouches-blanc-beaune-premier-cru-2017/
Joseph Drouhin Chambertin Grand Cru Cote de Nuits 1983,"$4,480.00 ",images\Joseph_Drouhin_Chambertin_Grand_Cru_Cote_de_Nuits_1983.jpg,Joseph Drouhin,Pinot Noir,France / Bourgogne / Côte de Nuits / Gevrey-Chambertin / Chambertin Grand Cru,Burgundy Côte de Nuits Red,https://vinewineltd.com/product/joseph-drouhin-chambertin-grand-cru-cote-de-nuits-1983/
Domaine des Ardoisieres Cuvee Quartz IGP Vin des Allobroges 2019,$998.00 ,images\Domaine_des_Ardoisieres_Cuvee_Quartz_IGP_Vin_des_Allobroges_2019.jpg,Domaine des Ardoisieres,Altesse,France / Vin de Pays / Comtés Rhodaniens / Vins des Allobroges,French Comtés Rhodaniens White,https://vinewineltd.com/product/domaine-des-ardoisieres-cuvee-quartz-igp-vin-des-allobroges-2019/
Domaine des Ardoisieres Cuvee Amethyste IGP Vin des Allobroges 2018,$699.00 ,images\Domaine_des_Ardoisieres_Cuvee_Amethyste_IGP_Vin_des_Allobroges_2018.jpg,Domaine des Ardoisieres,"Mondeuse Noire, Persan",France / Vin de Pays / Comtés Rhodaniens / Vins des Allobroges,French Comtés Rhodaniens Red,https://vinewineltd.com/product/domaine-des-ardoisieres-cuvee-amethyste-igp-vin-des-allobroges-2018/
Antoine Lienhardt Bourgogne Pinot Noir Burgundy 2022,$350.00 ,images\Antoine_Lienhardt_Bourgogne_Pinot_Noir_Burgundy_2022.jpg,Antoine Lienhardt,Pinot Noir,France / Bourgogne,Burgundy Red,https://vinewineltd.com/product/antoine-lienhardt-bourgogne-pinot-noir-burgundy-2022/
Antoine Lienhardt Cote de Nuits-Villages Les Essards Burgundy 2022,$450.00 ,images\Antoine_Lienhardt_Cote_de_Nuits-Villages_Les_Essards_Burgundy_2022.jpg,Antoine Lienhardt,Pinot Noir,France / Bourgogne / Côte de Nuits / Côte de Nuits Villages,Burgundy Côte de Nuits Red,https://vinewineltd.com/product/antoine-lienhardt-cote-de-nuits-villages-les-essards-burgundy-2022/
Antoine Lienhardt Cote de Nuits-Villages Les Plantes aux Bois Burgundy 2022,$450.00 ,images\Antoine_Lienhardt_Cote_de_Nuits-Villages_Les_Plantes_aux_Bois_Burgundy_2022.jpg,Antoine Lienhardt,Pinot Noir,France / Bourgogne / Côte de Nuits / Côte de Nuits Villages,Burgundy Côte de Nuits Red,https://vinewineltd.com/product/antoine-lienhardt-cote-de-nuits-villages-les-plantes-aux-bois-burgundy-2022/
Obora Bob Papolet Beaujolais NV,$238.00 ,images\Obora_Bob_Papolet_Beaujolais_NV.jpg,Domaine Obora,Gamay,France /Beaujolais,Beaujolais Red,https://vinewineltd.com/product/obora-bob-papolet-beaujolais-nv/
"Stephane Magnien, Morey-Saint-Denis, V.V. 2020",$498.00 ,"images\Stephane_Magnien,_Morey-Saint-Denis,_V.V._2020.jpg",Domaine Stephane Magnien,Pinot Noir,,Burgundy Côte de Nuits Red,https://vinewineltd.com/product/stephane-magnien-morey-saint-denis-v-v-2020-jm90-92/
Nicolas Potel Domaine de Bellene Vosne-Romanee Les Quartiers de Nuits Cote de Nuits 2019,$830.00 ,images\Nicolas_Potel_Domaine_de_Bellene_Vosne-Romanee_Les_Quartiers_de_Nuits_Cote_de_Nuits_2019.jpg,Domaine de Bellène,Pinot Noir,France / Bourgogne / Côte de Nuits / Vosne-Romanée,Burgundy Côte de Nuits Red,https://vinewineltd.com/product/nicolas-potel-domaine-de-bellene-vosne-romanee-les-quartiers-de-nuits-cote-de-nuits-2019/
Chapuis & Chapuis Bouzeron 2022,$350.00 ,images\Chapuis_&_Chapuis_Bouzeron_2022.jpg,Chapuis &amp; Chapuis,Chardonnay,France / Bourgogne / Côte Chalonnaise / Bouzéron,Burgundy Côte Chalonnaise White,https://vinewineltd.com/product/chapuis-chapuis-bouzeron-2022/
Vincent Girardin St Aubin 1er Cru En Remilly 2020,$595.00 ,images\Vincent_Girardin_St_Aubin_1er_Cru_En_Remilly_2020.jpg,Vincent Girardin,Chardonnay,France / Bourgogne / Côte de Beaune / Saint-Aubin / Saint-Aubin Premier Cru / Saint-Aubin 1er Cru ‘En Remilly’,Burgundy Côte de Beaune White,https://vinewineltd.com/product/vincent-girardin-st-aubin-1er-cru-en-remilly-2020/
OBORA Julienas 2022,$268.00 ,images\OBORA_Julienas_2022.jpg,Domaine Obora,Gamay,France /Beaujolais /Julienas,Beaujolais Red,https://vinewineltd.com/product/obora-julienas-2022/
La Maison Romane Mousses Sauvages “Pommes à Cidre” 2021 (Beer),$168.00 ,images\La_Maison_Romane_Mousses_Sauvages_“Pommes_à_Cidre”_2021_(Beer).jpg,La Maison Romane,,France / Bourgogne,Burgundy blanc,https://vinewineltd.com/product/la-maison-romane-mousses-sauvages-pommes-a-cidre-2021-beer/
La Maison Romane Mousses Sauvages “Gamay” 2021 (Beer),$168.00 ,images\La_Maison_Romane_Mousses_Sauvages_“Gamay”_2021_(Beer).jpg,La Maison Romane,Gamay,France / Bourgogne,Burgundy Beer,https://vinewineltd.com/product/la-maison-romane-mousses-sauvages-gamay-2021-beer/
Domaine Benoit Chevallier Aux Boudots Nuits-Saint-Georges Premier Cru 2019,"$1,580.00 ",images\Domaine_Benoit_Chevallier_Aux_Boudots_Nuits-Saint-Georges_Premier_Cru_2019.jpg,Domaine Benoit Chevallier,Pinot Noir,France / Bourgogne / Côte de Nuits / Nuits-Saint-Georges / Nuits-Saint-Georges Premier Cru / Nuits-Saint-Georges 1er Cru ‘Aux Boudots’,Burgundy Côte de Nuits Red,https://vinewineltd.com/product/domaine-benoit-chevallier-aux-boudots-nuits-saint-georges-premier-cru-2019/
Domaine Benoit Chevallier Vosne-Romanee Cote de Nuits 2020,"$1,280.00 ",images\Domaine_Benoit_Chevallier_Vosne-Romanee_Cote_de_Nuits_2020.jpg,Domaine Benoit Chevallier,Pinot Noir,France / Bourgogne / Côte de Nuits / Vosne-Romanée,Burgundy Côte de Nuits Red,https://vinewineltd.com/product/domaine-benoit-chevallier-vosne-romanee-cote-de-nuits-2020/
Julien Guillot – Clos des Vignes du Maynes Bourgogne Rouge Cuvee Auguste Burgundy 2022,$698.00 ,images\Julien_Guillot_–_Clos_des_Vignes_du_Maynes_Bourgogne_Rouge_Cuvee_Auguste_Burgundy_2022.jpg,Domaine Vignes du Maynes,Pinot Noir,France / Bourgogne,Burgundy Red,https://vinewineltd.com/product/julien-guillot-clos-des-vignes-du-maynes-bourgogne-rouge-cuvee-auguste-burgundy-2022/
Cave Yves Cuilleron Condrieu Les Chaillets Rhone 2016,$450.00 ,images\Cave_Yves_Cuilleron_Condrieu_Les_Chaillets_Rhone_2016.jpg,Yves Cuilleron,100% Viognier,France / Rhone Valley / Northern Rhône / Condrieu,Northern Rhône Condrieu,https://vinewineltd.com/product/cave-yves-cuilleron-condrieu-les-chaillets-rhone-2016/
La Chablisienne Petit Chablis Vibrant Burgundy 2019,$178.00 ,images\La_Chablisienne_Petit_Chablis_Vibrant_Burgundy_2019.jpg,La Chablisienne,100% Chardonnay,France / Bourgogne / Chablis / Petit Chablis,Burgundy Chablis,https://vinewineltd.com/product/la-chablisienne-petit-chablis-vibrant-burgundy-2019/
Domaine Remi Jobard Bourgogne Aligote En Busigny Vieilles Vignes Burgundy 2020,$538.00 ,images\Domaine_Remi_Jobard_Bourgogne_Aligote_En_Busigny_Vieilles_Vignes_Burgundy_2020.jpg,Rémi Jobard,Aligoté,France / Bourgogne / Bourgogne Aligoté,Burgundy White,https://vinewineltd.com/product/domaine-remi-jobard-bourgogne-aligote-en-busigny-vieilles-vignes-burgundy-2020/
Domaine Remi Jobard Meursault En Luraule Cote de Beaune 2019,$748.00 ,images\Domaine_Remi_Jobard_Meursault_En_Luraule_Cote_de_Beaune_2019.jpg,Rémi Jobard,100% Chardonnay,France / Bourgogne / Côte de Beaune White,,https://vinewineltd.com/product/domaine-remi-jobard-meursault-en-luraule-cote-de-beaune-2019/
La Maison Romane Vosne-Romanee Aux Reas Cote de Nuits 2018,"$1,280.00 ",images\La_Maison_Romane_Vosne-Romanee_Aux_Reas_Cote_de_Nuits_2018.jpg,La Maison Romane,Pinot Noir,France / Bourgogne / Côte de Nuits / Vosne-Romanée / Vosne-Romanée Premier Cru,Burgundy Côte de Nuits Red,https://vinewineltd.com/product/la-maison-romane-vosne-romanee-aux-reas-cote-de-nuits-2018/
Samuel Billaud Mont de Milieu Chablis Premier Cru 2020,$480.00 ,,Samuel Billaud,Chardonnay,France / Bourgogne / Chablis / Chablis Premier Cru / Chablis 1er Cru ‘Mont de Milieu’,Burgundy Chablis,https://vinewineltd.com/product/samuel-billaud-mont-de-milieu-chablis-premier-cru-2020/
Samuel Billaud Butteaux Chablis Premier Cru 2020,$528.00 ,images\Samuel_Billaud_Butteaux_Chablis_Premier_Cru_2020.jpg,Samuel Billaud,Chardonnay,France / Bourgogne / Chablis / Chablis Premier Cru / Chablis 1er Cru ‘Butteaux’,,https://vinewineltd.com/product/samuel-billaud-butteaux-chablis-premier-cru-2020/
Domaine Bachelet-Monnot Chassagne-Montrachet Cote de Beaune 2021,$788.00 ,,Bachelet-Monnot,Chardonnay,France / Bourgogne / Côte de Beaune / Chassagne-Montrachet,Burgundy Côte de Beaune White,https://vinewineltd.com/product/domaine-bachelet-monnot-chassagne-montrachet-cote-de-beaune-2021/
Domaine Bachelet-Monnot Meursault Clos du Cromin Cote de Beaune 2021,$790.00 ,,Bachelet-Monnot,Chardonnay,France / Bourgogne / Côte de Beaune / Meursault,Burgundy Côte de Beaune White,https://vinewineltd.com/product/domaine-bachelet-monnot-meursault-clos-du-cromin-cote-de-beaune-2021/
Domaine Bachelet-Monnot Puligny-Montrachet Cote de Beaune 2021,$798.00 ,,Bachelet-Monnot,Chardonnay,France / Bourgogne / Côte de Beaune / Puligny-Montrachet,Burgundy Côte de Beaune White,https://vinewineltd.com/product/domaine-bachelet-monnot-puligny-montrachet-cote-de-beaune-2021/
La Maison Romane Bourgogne Hautes Cotes de Nuits Blanc Burgundy 2022,$398.00 ,images\La_Maison_Romane_Bourgogne_Hautes_Cotes_de_Nuits_Blanc_Burgundy_2022.jpg,La Maison Romane,Chardonnay,France / Bourgogne / Bourgogne Hautes-Côtes de Nuits,Burgundy White,https://vinewineltd.com/product/la-maison-romane-bourgogne-hautes-cotes-de-nuits-blanc-burgundy-2022/
La Maison Romane Fixin Les Clos Cote de Nuits 2022,$648.00 ,,La Maison Romane,Pinot Noir,France / Bourgogne / Côte de Nuits / Fixin,Burgundy Côte de Nuits Red,https://vinewineltd.com/product/la-maison-romane-fixin-les-clos-cote-de-nuits-2022/
Maison En Belles Lies Hautes Cotes de Beaune Burgundy 2021,$290.00 ,,Maison En Belles Lies,Pinot Noir,France / Bourgogne / Bourgogne Hautes-Côtes de Beaune,Burgundy Red,https://vinewineltd.com/product/maison-en-belles-lies-hautes-cotes-de-beaune-burgundy-2021/
La Maison Romane Mousses Sauvages “Mirabelle” 2022,$160.00 ,images\La_Maison_Romane_Mousses_Sauvages_“Mirabelle”_2022.jpg,La Maison Romane,,France / Bourgogne,Burgundy Red,https://vinewineltd.com/product/la-maison-romane-mousses-sauvages-mirabelle-2022/
La Maison Romane Mousses Sauvages ‘Chardonnay’ Beer 2022,$298.00 ,images\La_Maison_Romane_Mousses_Sauvages_‘Chardonnay’_Beer_2022.jpg,La Maison Romane,Chardonnay,France / Bourgogne,Burgundy Red,https://vinewineltd.com/product/la-maison-romane-mousses-sauvages-chardonnay-beer-2022/
Domaine Chevalier Pere & Fils Corton Le Rognet Grand Cru Cote de Beaune 2020,"$1,267.00 ",images\Domaine_Chevalier_Pere_&_Fils_Corton_Le_Rognet_Grand_Cru_Cote_de_Beaune_2020.jpg,Domaine Chevalier,Pinot Noir,France / Bourgogne / Côte de Beaune / Corton Grand Cru / Corton Grand Cru ‘Le Rognet et Corton’,Burgundy Côte de Beaune Red,https://vinewineltd.com/product/domaine-chevalier-pere-fils-corton-le-rognet-grand-cru-cote-de-beaune-2020/
Domaine Mongeard-Mugneret Bourgogne Hautes Cotes de Nuits Les Dames Huguettes Cote de Nuits 2020,$395.00 ,images\Domaine_Mongeard-Mugneret_Bourgogne_Hautes_Cotes_de_Nuits_Les_Dames_Huguettes_Cote_de_Nuits_2020.jpg,Mongeard-Mugneret,Pinot Noir,France / Bourgogne / Bourgogne Hautes-Côtes de Nuits,Burgundy Red,https://vinewineltd.com/product/domaine-mongeard-mugneret-bourgogne-hautes-cotes-de-nuits-les-dames-huguettes-cote-de-nuits-2020/
Domaine Mongeard-Mugneret Les Vergelesses Pernand-Vergelesses Premier Cru 2019,$708.00 ,,Mongeard-Mugneret,Pinot Noir,France / Bourgogne / Côte de Beaune / Pernand-Vergelesses / Pernand-Vergelesses Premier Cru,Burgundy Côte de Beaune Red,https://vinewineltd.com/product/domaine-mongeard-mugneret-les-vergelesses-pernand-vergelesses-premier-cru-2019/
Pierre-Marie Chermette Domaine du Vissoux Fleurie Poncie Beaujolais 2019,$198.00 ,images\Pierre-Marie_Chermette_Domaine_du_Vissoux_Fleurie_Poncie_Beaujolais_2019.jpg,Martine et Pierre Marie Chermette – Domaine du Vissoux,100% Gamay,France / Beaujolais / Fleurie,Beaujolais Red,https://vinewineltd.com/product/pierre-marie-chermette-domaine-du-vissoux-fleurie-poncie-beaujolais-2019/
Domaine Gros Frere et Soeur Chemin des Moines de Vergy 2019,$698.00 ,images\Domaine_Gros_Frere_et_Soeur_Chemin_des_Moines_de_Vergy_2019.jpg,Domaine Gros Frère et Soeur,100% Pinot Noir,France / Bourgogne,Burgundy Red,https://vinewineltd.com/product/domaine-gros-frere-et-soeur-chemin-des-moines-de-vergy-2019/
Domaine Michel Noellat Morey-Saint-Denis Cote de Nuits 2021,$515.00 ,images\Domaine_Michel_Noellat_Morey-Saint-Denis_Cote_de_Nuits_2021.jpg,Michel Noëllat,Pinot Noir,France / Bourgogne / Côte de Nuits / Morey-Saint-Denis,Burgundy Côte de Nuits Red,https://vinewineltd.com/product/domaine-michel-noellat-morey-saint-denis-cote-de-nuits-2021/
Domaine Potinet-Ampeau Bas des Duresses Auxey-Duresses Premier Cru 2003,$498.00 ,images\Domaine_Potinet-Ampeau_Bas_des_Duresses_Auxey-Duresses_Premier_Cru_2003.jpg,Domaine Potinet-Ampeau,Pinot Noir,France / Bourgogne / Côte de Beaune / Auxey-Duresses / Auxey-Duresses Premier Cru / Auxey-Duresses 1er Cru ‘Bas des Duresses’,Burgundy Côte de Beaune Red,https://vinewineltd.com/product/domaine-potinet-ampeau-bas-des-duresses-auxey-duresses-premier-cru-2003/
Domaine Michel Noellat Les Suchots Vosne-Romanee Premier Cru 2020,"$1,398.00 ",images\Domaine_Michel_Noellat_Les_Suchots_Vosne-Romanee_Premier_Cru_2020.jpg,Michel Noëllat,Pinot Noir,France / Bourgogne / Côte de Nuits / Vosne-Romanée / Vosne-Romanée Premier Cru / Vosne-Romanée 1er Cru ‘Les Suchots’,Burgundy Côte de Nuits Red,https://vinewineltd.com/product/domaine-michel-noellat-les-suchots-vosne-romanee-premier-cru-2020/
Domaine Michel Noellat Vosne-Romanee Cote de Nuits 2020,$880.00 ,images\Domaine_Michel_Noellat_Vosne-Romanee_Cote_de_Nuits_2020.jpg,Michel Noëllat,Pinot Noir,France / Bourgogne / Côte de Nuits / Vosne-Romanée,Burgundy Côte de Nuits Red,https://vinewineltd.com/product/domaine-michel-noellat-vosne-romanee-cote-de-nuits-2020/
Louis Jadot Cote de Beaune-Villages Burgundy 2018,$265.00 ,images\Louis_Jadot_Cote_de_Beaune-Villages_Burgundy_2018.jpg,Louis Jadot,Pinot Noir,France / Bourgogne / Côte de Beaune / Côte de Beaune Villages,Burgundy Côte de Beaune Red,https://vinewineltd.com/product/louis-jadot-cote-de-beaune-villages-burgundy-2018/
Chapuis & Chapuis Bourgogne Aligote Burgundy 2022,$358.00 ,images\Chapuis_&_Chapuis_Bourgogne_Aligote_Burgundy_2022.jpg,Chapuis &amp; Chapuis,Aligoté,France / Bourgogne / Bourgogne Aligoté,Burgundy White,https://vinewineltd.com/product/chapuis-chapuis-bourgogne-aligote-burgundy-2022-2/
La Chaume des Lies Bourgogne Aligote Burgundy 2022,$395.00 ,,,,,,https://vinewineltd.com/product/la-chaume-des-lies-bourgogne-aligote-burgundy-2022/
La Chaume des Lies Bourgogne Hautes Cotes de Beaune Burgundy 2022,$365.00 ,,Chaume de Lies,Pinot Noir,France / Bourgogne / Bourgogne Hautes-Côtes de Beaune,Burgundy Red,https://vinewineltd.com/product/la-chaume-des-lies-bourgogne-hautes-cotes-de-beaune-burgundy-2022/
Jean-Marie Berrux Bourgogne ‘Non de Gu’ Burgundy 2022,$455.00 ,images\Jean-Marie_Berrux_Bourgogne_‘Non_de_Gu’_Burgundy_2022.jpg,Jean Marie Berrux,Pinot Noir,France / Bourgogne,Burgundy Red,https://vinewineltd.com/product/jean-marie-berrux-bourgogne-non-de-gu-burgundy-2022/
Petit-Roy Bourgogne Hautes Cotes de Beaune Rouge Burgundy 2020,$548.00 ,,Petit Roy,Pinot Noir,France / Bourgogne / Bourgogne Hautes-Côtes de Beaune,Burgundy Red,https://vinewineltd.com/product/petit-roy-bourgogne-hautes-cotes-de-beaune-rouge-burgundy-2020/
Alain Brune Gevrey-Chambertin Cote de Nuits 2021,$880.00 ,images\Alain_Brune_Gevrey-Chambertin_Cote_de_Nuits_2021.jpg,Alain Brune,Pinot Noir,France / Bourgogne / Côte de Nuits / Gevrey-Chambertin,Burgundy Côte de Nuits Red,https://vinewineltd.com/product/alain-brune-gevrey-chambertin-cote-de-nuits-2021/
Domaine Bertrand Bachelet Maranges Burgundy 2020,$298.00 ,images\Domaine_Bertrand_Bachelet_Maranges_Burgundy_2020.jpg,Bertrand Bachelet,Pinot Noir,France / Bourgogne/Côte de Beaune / Maranges,Burgundy Côte de Beaune Red,https://vinewineltd.com/product/domaine-bertrand-bachelet-maranges-burgundy-2020/
Domaine Bertrand Bachelet La Fussiere Maranges Premier Cru 2020,$368.00 ,images\Domaine_Bertrand_Bachelet_La_Fussiere_Maranges_Premier_Cru_2020.jpg,Domaine Bachelet,Pinot Noir,France / Bourgogne / Côte de Beaune / Maranges / Maranges Premier Cru / Maranges 1er Cru ‘La Fussière’,Burgundy Côte de Beaune Red,https://vinewineltd.com/product/domaine-bertrand-bachelet-la-fussiere-maranges-premier-cru-2020/
Domaine Dupont-Fahn Meursault Les Tillets Cote de Beaune 2022,$558.00 ,images\Domaine_Dupont-Fahn_Meursault_Les_Tillets_Cote_de_Beaune_2022.jpg,Dupont-Fahn,Chardonnay,France / Bourgogne / Côte de Beaune / Meursault,Burgundy Côte de Beaune White,https://vinewineltd.com/product/domaine-dupont-fahn-meursault-les-tillets-cote-de-beaune-2022/
Domaine Bertrand Bachelet En Remilly Blanc Saint-Aubin Premier Cru 2020,$478.00 ,,Bertrand Bachelet,Chardonnay,France / Bourgogne / Côte de Beaune / Saint-Aubin / Saint-Aubin Premier Cru / Saint-Aubin 1er Cru ‘En Remilly’,Burgundy Côte de Beaune White,https://vinewineltd.com/product/domaine-bertrand-bachelet-en-remilly-blanc-saint-aubin-premier-cru-2020/
Armand Heitz Saint Aubin 1er cru Murgers des Dents de Chien 2019,$638.00 ,,Domaine Armand Heitz,Chardonnay,France / Bourgogne / Côte de Beaune / Saint-Aubin / Saint-Aubin Premier Cru / Saint-Aubin 1er Cru ‘Les Murgers des Dents de Chien’,Burgundy Côte de Beaune White,https://vinewineltd.com/product/armand-heitz-saint-aubin-1er-cru-murgers-des-dents-de-chien-2019/
Les Parcellaires de Saulx Gevrey Chambertin Les Evocelles Cote de Nuits 2018,$608.00 ,images\Les_Parcellaires_de_Saulx_Gevrey_Chambertin_Les_Evocelles_Cote_de_Nuits_2018.jpg,Les Parcellaires de Saulx,Pinot Noir,France / Bourgogne / Côte de Nuits / Gevrey-Chambertin,Burgundy Côte de Nuits Red,https://vinewineltd.com/product/les-parcellaires-de-saulx-gevrey-chambertin-les-evocelles-cote-de-nuits-2018-2/
Les Parcellaires de Saulx Gevrey Chambertin 1er Cru “Les Corbeaux” 2017,"$1,080.00 ",images\Les_Parcellaires_de_Saulx_Gevrey_Chambertin_1er_Cru_“Les_Corbeaux”_2017.jpg,Les Parcellaires de Saulx,Pinot Noir,France / Bourgogne / Côte de Nuits / Gevrey-Chambertin / Gevrey-Chambertin Premier Cru,Burgundy Côte de Nuits Red,https://vinewineltd.com/product/les-parcellaires-de-saulx-gevrey-chambertin-1er-cru-les-corbeaux-2017/
Claude Dugat La Gibryotte Gevrey-Chambertin Cote de Nuits 2021,$648.00 ,images\Claude_Dugat_La_Gibryotte_Gevrey-Chambertin_Cote_de_Nuits_2021.jpg,Claude Dugat,Pinot Noir,France / Bourgogne / Côte de Nuits / Gevrey-Chambertin,Burgundy Côte de Nuits Red,https://vinewineltd.com/product/claude-dugat-la-gibryotte-gevrey-chambertin-cote-de-nuits-2021/
Domaine Robert-Denogent Saint-Veran Les Pommards Vieilles Vignes Maconnais 2015,$388.00 ,,Robert-Denogent,Chardonnay,France / Bourgogne / Mâconnais / Saint-Véran,Burgundy Mâconnais White,https://vinewineltd.com/product/domaine-robert-denogent-saint-veran-les-pommards-vieilles-vignes-maconnais-2015/
Domaine Marquis d’Angerville Champans Volnay Premier Cru 2017,"$1,088.00 ",,Domaine Marquis d’Angerville,Pinot Noir,France / Bourgogne / Côte de Beaune / Volnay / Volnay Premier Cru / Volnay 1er Cru ‘Champans’,Burgundy Côte de Beaune Red,https://vinewineltd.com/product/domaine-marquis-dangerville-champans-volnay-premier-cru-2017/
Leroy Beaujolais Villages Primeur 2022,$388.00 ,images\Leroy_Beaujolais_Villages_Primeur_2022.jpg,Maison Leroy,Gamay,France / Beaujolais / Beaujolais-Villages,Beaujolais Nouveau Red,https://vinewineltd.com/product/leroy-beaujolais-villages-primeur-2022/
Chateau des Quarts Pouilly Fuisse Clos des Quarts 2019,$528.00 ,images\Chateau_des_Quarts_Pouilly_Fuisse_Clos_des_Quarts_2019.jpg,Château des Quarts,100% Chardonnay,France / Bourgogne / Mâconnais / Pouilly-Fuissé,Burgundy Mâconnais White,https://vinewineltd.com/product/chateau-des-quarts-pouilly-fuisse-clos-des-quarts-2019/
Henri & Philippe Jouan Gevrey-Chambertin Aux Echezeaux Vieilles Vignes Cote de Nuits 2019,$698.00 ,images\Henri_&_Philippe_Jouan_Gevrey-Chambertin_Aux_Echezeaux_Vieilles_Vignes_Cote_de_Nuits_2019.jpg,Henri &amp; Philippe Jouan,Pinot Noir,France / Bourgogne / Côte de Nuits / Gevrey-Chambertin,Burgundy Côte de Nuits Red,https://vinewineltd.com/product/henri-philippe-jouan-gevrey-chambertin-aux-echezeaux-vieilles-vignes-cote-de-nuits-2019/
Henri & Philippe Jouan Morey-Saint-Denis Vieilles Vignes Cote de Nuits 2019,$530.00 ,images\Henri_&_Philippe_Jouan_Morey-Saint-Denis_Vieilles_Vignes_Cote_de_Nuits_2019.jpg,Henri &amp; Philippe Jouan,Pinot Noir,France / Bourgogne / Côte de Nuits / Morey-Saint-Denis,Burgundy Côte de Nuits Red,https://vinewineltd.com/product/henri-philippe-jouan-morey-saint-denis-vieilles-vignes-cote-de-nuits-2019/
Domaine Alexandre Bain L. d’Ange 2019,$418.00 ,images\Domaine_Alexandre_Bain_L._d’Ange_2019.jpg,Alexandre Bain,Sauvignon Blanc,France / Loire Valley / Upper Loire / Pouilly-Fumé,Upper Loire White,https://vinewineltd.com/product/domaine-alexandre-bain-l-dange-2019/
Domaine David Duband Gevrey-Chambertin Cote de Nuits 2016,$498.00 ,images\Domaine_David_Duband_Gevrey-Chambertin_Cote_de_Nuits_2016.jpg,David Duband,100% Pinot Noir,France / Bourgogne / Côte de Nuits / Gevrey-Chambertin,Burgundy Côte de Nuits Red,https://vinewineltd.com/product/domaine-david-duband-gevrey-chambertin-cote-de-nuits-2016-2/
Bouchard Pere & Fils Nuits-Saint-Georges Cote de Nuits 2018,$475.00 ,images\Bouchard_Pere_&_Fils_Nuits-Saint-Georges_Cote_de_Nuits_2018.jpg,Bouchard Père &amp; Fils,100% Pinot Noir,France / Bourgogne / Côte de Nuits / Nuits-Saint-Georges,Burgundy Côte de Nuits,https://vinewineltd.com/product/bouchard-pere-fils-nuits-saint-georges-cote-de-nuits-2018/
Bouchard Pere & Fils Nuits-Saint-Georges Cote de Nuits 2018,$475.00 ,images\Bouchard_Pere_&_Fils_Nuits-Saint-Georges_Cote_de_Nuits_2018.jpg,Bouchard Père & Fils,100% Pinot Noir,France / Bourgogne / Côte de Nuits / Nuits-Saint-Georges,Burgundy Côte de Nuits,https://vinewineltd.com/product/bouchard-pere-fils-nuits-saint-georges-cote-de-nuits-2018-2/
Maxime Cheurlin Noellat Nuits St Georges 2020,$698.00 ,images\Maxime_Cheurlin_Noellat_Nuits_St_Georges_2020.jpg,Maxime Cheurlin-Noëllat,Pinot Noir,France / Bourgogne / Côte de Nuits / Nuits-Saint-Georges,Burgundy Côte de Nuits Red,https://vinewineltd.com/product/maxime-cheurlin-noellat-nuits-st-georges-2020/
Maxime Cheurlin Noellat Gevrey Chambertin En Champs 2020,$650.00 ,images\Maxime_Cheurlin_Noellat_Gevrey_Chambertin_En_Champs_2020.jpg,Maxime Cheurlin-Noëllat,Pinot Noir,France / Bourgogne / Côte de Nuits / Gevrey-Chambertin,Burgundy Côte de Nuits Red,https://vinewineltd.com/product/maxime-cheurlin-noellat-gevrey-chambertin-en-champs-2020/
Georges Noellat Beaune Les Tuvilains Premier Cru 2018,$788.00 ,images\Georges_Noellat_Beaune_Les_Tuvilains_Premier_Cru_2018.jpg,Georges Noëllat,Pinot Noir,France / Bourgogne / Côte de Beaune / Beaune / Beaune Premier Cru / Beaune 1er Cru ‘Les Tuvilains’,Burgundy Côte de Beaune Red,https://vinewineltd.com/product/georges-noellat-beaune-les-tuvilains-premier-cru-2018/
Billaud Simon Chablis Tête d’Or 2021,$318.00 ,images\Billaud_Simon_Chablis_Tête_d’Or_2021.jpg,"Billaud-Simon
Grapes: Chardonnay
Region: France / Bourgogne / Chablis
Wine style: Burgundy Chablis",,,,https://vinewineltd.com/product/billaud-simon-chablis-tete-dor-2021/
Michel Niellon Chassagne Montrachet 1er Cru Clos de la Maltroie 2020,$968.00 ,images\Michel_Niellon_Chassagne_Montrachet_1er_Cru_Clos_de_la_Maltroie_2020.jpg,,,,,https://vinewineltd.com/product/michel-niellon-chassagne-montrachet-1er-cru-clos-de-la-maltroie-2020/
"Faiveley Meursault, Cote de Beaune 2019",$628.00 ,"images\Faiveley_Meursault,_Cote_de_Beaune_2019.jpg",Domaine Faiveley,Chardonnay,France / Bourgogne / Côte de Beaune / Meursault,Burgundy Côte de Beaune White,https://vinewineltd.com/product/faiveley-meursault-cote-de-beaune-2019/
Philippe Chavy Meursault Charmes Meursault Premier Cru 2020,$948.00 ,images\Philippe_Chavy_Meursault_Charmes_Meursault_Premier_Cru_2020.jpg,,,,,https://vinewineltd.com/product/philippe-chavy-meursault-charmes-meursault-premier-cru-2020/
"Laurent Ponsot Meursault ‘Cuvee du Pandorea’, Cote de Beaune 2020",$748.00 ,"images\Laurent_Ponsot_Meursault_‘Cuvee_du_Pandorea’,_Cote_de_Beaune_2020.jpg",Laurent Ponsot,Chardonnay,France / Bourgogne / Côte de Beaune / Meursault,Burgundy Côte de Beaune White,https://vinewineltd.com/product/laurent-ponsot-meursault-cuvee-du-pandorea-cote-de-beaune-2020/
Domaine de Montille Volnay 1er Cru La Carelle sous Chapelle 2017,$780.00 ,images\Domaine_de_Montille_Volnay_1er_Cru_La_Carelle_sous_Chapelle_2017.jpg,Domaine de Montille,100% Pinot Noir,France / Bourgogne / Côte de Beaune / Volnay / Volnay Premier Cru,Burgundy Côte de Beaune Red,https://vinewineltd.com/product/domaine-de-montille-volnay-1er-cru-la-carelle-sous-chapelle-2017/
Hospices de Beaune Volnay Santenots Jehan de Massol 2015,"$1,298.00 ",images\Hospices_de_Beaune_Volnay_Santenots_Jehan_de_Massol_2015.jpg,Hospices de Beaune,Pinot Noir,France / Bourgogne / Côte de Beaune / Volnay / Volnay Premier Cru,Burgundy Côte de Beaune Red,https://vinewineltd.com/product/hospices-de-beaune-volnay-santenots-jehan-de-massol-2015/
Billaud Simon Chablis Grand Cru Les Preuses 2021,$875.00 ,images\Billaud_Simon_Chablis_Grand_Cru_Les_Preuses_2021.jpg,Billaud-Simon,Chardonnay,France / Bourgogne / Chablis / Chablis Grand Cru / Chablis Grand Cru ‘Preuses’,Burgundy Chablis,https://vinewineltd.com/product/billaud-simon-chablis-grand-cru-les-preuses-2021/
Denis Jeandeau Pouilly Fuissé Secret Minéral 2018,$430.00 ,images\Denis_Jeandeau_Pouilly_Fuissé_Secret_Minéral_2018.jpg,Denis Jeandeau,Chardonnay,France / Bourgogne / Mâconnais / Pouilly-Fuissé,Burgundy Mâconnais White,https://vinewineltd.com/product/denis-jeandeau-pouilly-fuisse-secret-mineral-2018/
Esprit Leflaive Pouilly Fuissé Clos Reyssier 2019,$878.00 ,images\Esprit_Leflaive_Pouilly_Fuissé_Clos_Reyssier_2019.jpg,Domaine Leflaive,Chardonnay,France / Bourgogne / Mâconnais / Pouilly-Fuissé,Burgundy Mâconnais White,https://vinewineltd.com/product/esprit-leflaive-pouilly-fuisse-clos-reyssier-2019/
Domaine de Montille Beaune 1er Cru Les Aigrots 2020,$520.00 ,images\Domaine_de_Montille_Beaune_1er_Cru_Les_Aigrots_2020.jpg,Domaine de Montille,Chardonnay,France / Bourgogne / Côte de Beaune / Beaune / Beaune Premier Cru,Burgundy Côte de Beaune White,https://vinewineltd.com/product/domaine-de-montille-beaune-1er-cru-les-aigrots-2020/
Philippe Chavy Saint Aubin 1er Cru Murgers des Dents du Chien 2020,$488.00 ,images\Philippe_Chavy_Saint_Aubin_1er_Cru_Murgers_des_Dents_du_Chien_2020.jpg,,,,,https://vinewineltd.com/product/philippe-chavy-saint-aubin-1er-cru-murgers-des-dents-du-chien-2020/
Michel Niellon Chassagne Montrachet 2021,$520.00 ,images\Michel_Niellon_Chassagne_Montrachet_2021.jpg,Domaine Michel Niellon,Chardonnay,France / Bourgogne / Côte de Beaune / Chassagne-Montrachet,Burgundy Côte de Beaune White,https://vinewineltd.com/product/michel-niellon-chassagne-montrachet-2021/
Alain Chavy Puligny Montrachet 2020,$550.00 ,images\Alain_Chavy_Puligny_Montrachet_2020.jpg,,100% Chardonnay,France / Bourgogne / Côte de Beaune / Puligny-Montrachet,Burgundy Côte de Beaune White,https://vinewineltd.com/product/alain-chavy-puligny-montrachet-2020/
Vincent Girardin Puligny Montrachet Village VV 2020,$730.00 ,images\Vincent_Girardin_Puligny_Montrachet_Village_VV_2020.jpg,Vincent Girardin,100% Chardonnay,France / Bourgogne / Côte de Beaune / Puligny-Montrachet,Burgundy Côte de Beaune White,https://vinewineltd.com/product/vincent-girardin-puligny-montrachet-village-vv-2020/
Edouard Delaunay Nuits Saint Georges 2020,$580.00 ,images\Edouard_Delaunay_Nuits_Saint_Georges_2020.jpg,Edouard Delaunay,Pinot Noir,France / Bourgogne / Côte de Nuits / Nuits-Saint-Georges,Burgundy Côte de Nuits Red,https://vinewineltd.com/product/edouard-delaunay-nuits-saint-georges-2020/
Esprit Leflaive Nuit Saint Georges 2019,"$1,498.00 ",images\Esprit_Leflaive_Nuit_Saint_Georges_2019.jpg,Domaine Leflaive,Pinot Noir,France / Bourgogne / Côte de Nuits / Nuits-Saint-Georges,Burgundy Côte de Nuits Red,https://vinewineltd.com/product/esprit-leflaive-nuit-saint-georges-2019/
Nicolas Rossignol Volnay 2019,$518.00 ,images\Nicolas_Rossignol_Volnay_2019.jpg,,,,,https://vinewineltd.com/product/nicolas-rossignol-volnay-2019/
Domaine de Montille Beaune 1er Cru Les Grèves 2018,$668.00 ,images\Domaine_de_Montille_Beaune_1er_Cru_Les_Grèves_2018.jpg,Domaine de Montille,Pinot Noir,France / Bourgogne / Côte de Beaune / Beaune / Beaune Premier Cru,Burgundy Côte de Beaune Red,https://vinewineltd.com/product/domaine-de-montille-beaune-1er-cru-les-greves-2018/
La Pousse d’Or Volnay 1er Cru Les Caillerets 2020,$668.00 ,images\La_Pousse_d’Or_Volnay_1er_Cru_Les_Caillerets_2020.jpg,La Pousse d’Or,100% Pinot Noir,France / Bourgogne / Côte de Beaune / Volnay / Volnay Premier Cru / Volnay 1er Cru ‘Les Caillerets’,Burgundy Côte de Beaune Red,https://vinewineltd.com/product/la-pousse-dor-volnay-1er-cru-les-caillerets-2020/
Domaine Faiveley NSG 1er Cru Les Damodes 2015,$798.00 ,images\Domaine_Faiveley_NSG_1er_Cru_Les_Damodes_2015.jpg,Domaine Faiveley,100% Pinot Noir,France / Bourgogne / Côte de Nuits / Nuits-Saint-Georges,Burgundy Côte de Nuits Red,https://vinewineltd.com/product/domaine-faiveley-nsg-1er-cru-les-damodes-2015/
Domaine de Montille NSG 1er Cru Aux Thorey 2020,$889.00 ,images\Domaine_de_Montille_NSG_1er_Cru_Aux_Thorey_2020.jpg,Domaine de Montille,Pinot Noir,France / Bourgogne / Côte de Nuits / Nuits-Saint-Georges / Nuits-Saint-Georges Premier Cru,Burgundy Côte de Nuits Red,https://vinewineltd.com/product/domaine-de-montille-nsg-1er-cru-aux-thorey-2020/
Nicolas Rossignol Bourgogne Chardonnay 2020,$348.00 ,images\Nicolas_Rossignol_Bourgogne_Chardonnay_2020.jpg,,,,,https://vinewineltd.com/product/nicolas-rossignol-bourgogne-chardonnay-2020/
Domaine de Montille Saint Aubin 1er Cru En Remilly 2020,$518.00 ,images\Domaine_de_Montille_Saint_Aubin_1er_Cru_En_Remilly_2020.jpg,Domaine de Montille,Chardonnay,France / Bourgogne / Côte de Beaune / Saint-Aubin / Saint-Aubin Premier Cru / Saint-Aubin 1er Cru ‘En Remilly’,Burgundy Côte de Beaune White,https://vinewineltd.com/product/domaine-de-montille-saint-aubin-1er-cru-en-remilly-2020/
Philippe Chavy Saint Aubin 1er Cru Murgers des Dents du Chien 2019,$588.00 ,images\Philippe_Chavy_Saint_Aubin_1er_Cru_Murgers_des_Dents_du_Chien_2019.jpg,,,,,https://vinewineltd.com/product/philippe-chavy-saint-aubin-1er-cru-murgers-des-dents-du-chien-2019/
Esprit Leflaive Pouilly Fuissé 2019,$680.00 ,images\Esprit_Leflaive_Pouilly_Fuissé_2019.jpg,Domaine Leflaive,Chardonnay,France / Bourgogne / Mâconnais / Pouilly-Fuissé,Burgundy Mâconnais White,https://vinewineltd.com/product/esprit-leflaive-pouilly-fuisse-2019/
Esprit Leflaive Saint-Romain Sous La Velle 2019,$788.00 ,images\Esprit_Leflaive_Saint-Romain_Sous_La_Velle_2019.jpg,Domaine Leflaive,Chardonnay,France / Bourgogne / Côte de Beaune / Saint-Romain,Burgundy Côte de Beaune White,https://vinewineltd.com/product/esprit-leflaive-saint-romain-sous-la-velle-2019/
Alain Chavy Puligny Montrachet 2021,$595.00 ,images\Alain_Chavy_Puligny_Montrachet_2021.jpg,,Chardonnay,France / Bourgogne / Côte de Beaune / Puligny-Montrachet,Burgundy Côte de Beaune White,https://vinewineltd.com/product/alain-chavy-puligny-montrachet-2021/
Alain Chavy Puligny Montrachet 1er Cru 4 Climats 2021,$870.00 ,images\Alain_Chavy_Puligny_Montrachet_1er_Cru_4_Climats_2021.jpg,,,,,https://vinewineltd.com/product/alain-chavy-puligny-montrachet-1er-cru-4-climats-2021/
Domaine de Montille Meursault 1er Cru Les Porusots 2020,$880.00 ,images\Domaine_de_Montille_Meursault_1er_Cru_Les_Porusots_2020.jpg,Domaine de Montille,100% Chardonnay,France / Bourgogne / Côte de Beaune / Meursault / Meursault Premier Cru / Meursault 1er Cru ‘Porusot’,Burgundy Côte de Beaune White,https://vinewineltd.com/product/domaine-de-montille-meursault-1er-cru-les-porusots-2020/
Taupenot-Merme Chambolle Musigny 2020,$590.00 ,images\Taupenot-Merme_Chambolle_Musigny_2020.jpg,,,,,https://vinewineltd.com/product/taupenot-merme-chambolle-musigny-2020/
Domaine Leflaive Macon Ige 2022,$698.00 ,images\Domaine_Leflaive_Macon_Ige_2022.jpg,Domaine Leflaive,Chardonnay,France / Bourgogne / Mâconnais / Mâcon / Mâcon-Igé,Burgundy Mâconnais White,https://vinewineltd.com/product/domaine-leflaive-macon-ige-2022/
Comtes Lafon Viré Clessé 2021,$358.00 ,images\Comtes_Lafon_Viré_Clessé_2021.jpg,Les Héritiers du Comte Lafon,100% Chardonnay,France / Bourgogne / Mâconnais / Viré-Clessé,Burgundy Mâconnais White,https://vinewineltd.com/product/comtes-lafon-vire-clesse-2021/
Michel Magnien Gevrey Chambertin Aux Echezeaux 2020,$590.00 ,images\Michel_Magnien_Gevrey_Chambertin_Aux_Echezeaux_2020.jpg,,,,,https://vinewineltd.com/product/michel-magnien-gevrey-chambertin-aux-echezeaux-2020/
Domaine Leflaive Mâcon-Verzé Les Chênes 2021,$588.00 ,images\Domaine_Leflaive_Mâcon-Verzé_Les_Chênes_2021.jpg,Domaine Leflaive,Chardonnay,France / Bourgogne / Mâconnais / Mâcon / Mâcon-Verzé,Burgundy Mâconnais White,https://vinewineltd.com/product/domaine-leflaive-macon-verze-les-chenes-2021/
Domaine Joliet Fixin 1er Cru Clos de la Perriere Monopole Rouge 2021,$790.00 ,images\Domaine_Joliet_Fixin_1er_Cru_Clos_de_la_Perriere_Monopole_Rouge_2021.jpg,,Pinot Noir,France / Bourgogne / Côte de Nuits / Fixin / Fixin Premier Cru / Fixin 1er Cru ‘Clos de la Perrière’,Burgundy Côte de Nuits Red,https://vinewineltd.com/product/domaine-joliet-fixin-1er-cru-clos-de-la-perriere-monopole-rouge-2021/
Maison Dampt Bougros Chablis Grand Cru 2020,$528.00 ,images\Maison_Dampt_Bougros_Chablis_Grand_Cru_2020.jpg,Maison Dampt,Chardonnay,France / Bourgogne / Chablis / Chablis Grand Cru / Chablis Grand Cru ‘Bougros’,Burgundy Chablis,https://vinewineltd.com/product/maison-dampt-bougros-chablis-grand-cru-2020/
Vincent Girardin Meursault Vieilles Vignes 2018,$648.00 ,images\Vincent_Girardin_Meursault_Vieilles_Vignes_2018.jpg,Vincent Girardin,100% Chardonnay,France / Bourgogne / Côte de Beaune / Meursault,Burgundy Côte de Beaune White,https://vinewineltd.com/product/vincent-girardin-meursault-vieilles-vignes-2018/
Comtes Lafon Macon Milly Lamartine Clos du Four 2020,$328.00 ,images\Comtes_Lafon_Macon_Milly_Lamartine_Clos_du_Four_2020.jpg,Les Héritiers du Comte Lafon,Chardonnay,France / Bourgogne / Mâconnais / Mâcon / Mâcon-Milly-Lamartine,Burgundy Mâconnais White,https://vinewineltd.com/product/comtes-lafon-macon-milly-lamartine-clos-du-four-2020/
Domaine Jean Grivot Nuits-Saint-Georges Aux Lavieres 2018,$799.00 ,images\Domaine_Jean_Grivot_Nuits-Saint-Georges_Aux_Lavieres_2018.jpg,Domaine Jean Grivot,Pinot Noir,France / Bourgogne / Côte de Nuits / Nuits-Saint-Georges,Burgundy Côte de Nuits Red,https://vinewineltd.com/product/domaine-jean-grivot-nuits-saint-georges-aux-lavieres-2018/
Claude Dugat La Gibryotte Gevrey-Chambertin Premier Cru 2020,$828.00 ,images\Claude_Dugat_La_Gibryotte_Gevrey-Chambertin_Premier_Cru_2020.jpg,Claude Dugat,Pinot Noir,France / Bourgogne / Côte de Nuits / Gevrey-Chambertin,Burgundy Côte de Nuits Red,https://vinewineltd.com/product/claude-dugat-la-gibryotte-gevrey-chambertin-premier-cru-2020/
Claude Dugat La Gibryotte Charmes-Chambertin Grand Cru 2020,"$1,998.00 ",images\Claude_Dugat_La_Gibryotte_Charmes-Chambertin_Grand_Cru_2020.jpg,Claude Dugat,Pinot Noir,France / Bourgogne / Côte de Nuits / Gevrey-Chambertin / Charmes-Chambertin Grand Cru,Burgundy Côte de Nuits Red,https://vinewineltd.com/product/claude-dugat-la-gibryotte-charmes-chambertin-grand-cru-2020/
Philippe Pacalet Ladoix Blanc 2018,$598.00 ,images\Philippe_Pacalet_Ladoix_Blanc_2018.jpg,,,,,https://vinewineltd.com/product/philippe-pacalet-ladoix-blanc-2018/
Philippe Pacalet Aloxe Corton 1er Cru 2021,$998.00 ,images\Philippe_Pacalet_Aloxe_Corton_1er_Cru_2021.jpg,,,,,https://vinewineltd.com/product/philippe-pacalet-aloxe-corton-1er-cru-2021/
Louis Jadot Les Boudots Nuits-Saint-Georges Premier Cru Domaine Gagey 2017,$798.00 ,images\Louis_Jadot_Les_Boudots_Nuits-Saint-Georges_Premier_Cru_Domaine_Gagey_2017.jpg,Louis Jadot,100% Pinot Noir,France / Bourgogne / Côte de Nuits / Nuits-Saint-Georges / Nuits-Saint-Georges Premier Cru,Burgundy Côte de Nuits Red,https://vinewineltd.com/product/louis-jadot-les-boudots-nuits-saint-georges-premier-cru-domaine-gagey-2017/
Marchand Tawse Beaune 1er Les Tuvillans 2021,$530.00 ,images\Marchand_Tawse_Beaune_1er_Les_Tuvillans_2021.jpg,Pascal Marchand-Tawse,Pinot Noir,France / Bourgogne / Côte de Beaune / Beaune / Beaune Premier Cru / Beaune 1er Cru ‘Les Tuvilains’,Burgundy Côte de Beaune Red,https://vinewineltd.com/product/marchand-tawse-beaune-1er-les-tuvillans-2021/
Marchand Tawse Beaune 1er Clos Du Roi 2021,$640.00 ,images\Marchand_Tawse_Beaune_1er_Clos_Du_Roi_2021.jpg,Domaine Tawse,Pinot Noir,France / Bourgogne / Côte de Beaune / Beaune / Beaune Premier Cru / Beaune 1er Cru ‘Clos du Roi’,Burgundy Côte de Beaune Red,https://vinewineltd.com/product/marchand-tawse-beaune-1er-clos-du-roi-2021/
Marchand Tawse Pommard Les Vignots 2018,$650.00 ,images\Marchand_Tawse_Pommard_Les_Vignots_2018.jpg,Pascal Marchand-Tawse,Pinot Noir,France / Bourgogne / Côte de Beaune / Pommard,Burgundy Côte de Beaune Red,https://vinewineltd.com/product/marchand-tawse-pommard-les-vignots-2018/
Domaine Berthelemot Vosne-Romanee 2022,$658.00 ,images\Domaine_Berthelemot_Vosne-Romanee_2022.jpg,Domaine Berthelemot,Pinot Noir,France / Bourgogne / Côte de Nuits / Vosne-Romanée,Burgundy Côte de Nuits Red,https://vinewineltd.com/product/domaine-berthelemot-vosne-romanee-2022/
Les Parcellaires de Saulx Pommard 1er Cru VV 2019,$625.00 ,images\Les_Parcellaires_de_Saulx_Pommard_1er_Cru_VV_2019.jpg,Les Parcellaires de Saulx,Pinot Noir,France / Bourgogne / Côte de Beaune / Pommard / Pommard Premier Cru,Burgundy Côte de Beaune Red,https://vinewineltd.com/product/les-parcellaires-de-saulx-pommard-1er-cru-vv-2019/
Leroy Beaujolais Villages Primeur 2024,$398.00 ,images\Leroy_Beaujolais_Villages_Primeur_2024.jpg,Maison Leroy,Gamay,France / Beaujolais / Beaujolais-Villages,Beaujolais Nouveau Red,https://vinewineltd.com/product/leroy-beaujolais-villages-primeur-2024/
Jean & Gilles Lafouge Auxey Duresses 1er Cru Rouge Les Duresses 2020,$400.00 ,images\Jean_&_Gilles_Lafouge_Auxey_Duresses_1er_Cru_Rouge_Les_Duresses_2020.jpg,Domaine Jean & Gilles Lafouge,Pinot Noir,France / Bourgogne / Côte de Beaune / Auxey-Duresses / Auxey-Duresses Premier Cru / Auxey-Duresses 1er Cru ‘Les Duresses’,Burgundy Côte de Beaune Red,https://vinewineltd.com/product/jean-gilles-lafouge-auxey-duresses-1er-cru-rouge-les-duresses-2020/
Jean & Gilles Lafouge Auxey Duresses 1er Cru Rouge Climat du Val 2020,$400.00 ,images\Jean_&_Gilles_Lafouge_Auxey_Duresses_1er_Cru_Rouge_Climat_du_Val_2020.jpg,"Domaine Jean & Gilles Lafouge
Grapes: Pinot Noir",,France / Bourgogne / Côte de Beaune / Auxey-Duresses / Auxey-Duresses Premier Cru / Auxey-Duresses 1er Cru ‘Climat du Val’,Burgundy Côte de Beaune Red,https://vinewineltd.com/product/jean-gilles-lafouge-auxey-duresses-1er-cru-rouge-climat-du-val-2020/
Chevrot Maranges Blanc 2020,$303.00 ,images\Chevrot_Maranges_Blanc_2020.jpg,Domaine Chevrot,Chardonnay,France / Bourgogne / Côte de Beaune / Maranges,Burgundy Côte de Beaune White,https://vinewineltd.com/product/chevrot-maranges-blanc-2020/
Domaine Morey-Coffinet Chassagne Montrachet 2022,$698.00 ,images\Domaine_Morey-Coffinet_Chassagne_Montrachet_2022.jpg,Morey-Coffinet,Pinot Noir,France / Bourgogne / Côte de Beaune / Chassagne-Montrachet,Burgundy Côte de Beaune Red,https://vinewineltd.com/product/domaine-morey-coffinet-chassagne-montrachet-2022/
Michel Magnien Chambolle Musigny 1er Cru Les Sentiers 2020,"$1,012.00 ",images\Michel_Magnien_Chambolle_Musigny_1er_Cru_Les_Sentiers_2020.jpg,,,,,https://vinewineltd.com/product/michel-magnien-chambolle-musigny-1er-cru-les-sentiers-2020/
Hospices de Beaune Beaune 1C Guigone de Salins Faiveley 2014,$798.00 ,images\Hospices_de_Beaune_Beaune_1C_Guigone_de_Salins_Faiveley_2014.jpg,Hospices de Beaune,Pinot Noir,France / Bourgogne / Côte de Beaune / Beaune / Beaune Premier Cru,Burgundy Côte de Beaune Red,https://vinewineltd.com/product/hospices-de-beaune-beaune-1c-guigone-de-salins-faiveley-2014/
Domaine Dugat Py Bourgogne 2022,$528.00 ,images\Domaine_Dugat_Py_Bourgogne_2022.jpg,Dugat-Py,Pinot Noir,France / Bourgogne,Burgundy Red,https://vinewineltd.com/product/domaine-dugat-py-bourgogne-2022/
"Michel Noellat et Fils, Vosne-Romanee 1er Cru, Les Beaux Monts 2008","$1,480.00 ","images\Michel_Noellat_et_Fils,_Vosne-Romanee_1er_Cru,_Les_Beaux_Monts_2008.jpg",,,,,https://vinewineltd.com/product/michel-noellat-et-fils-vosne-romanee-1er-cru-les-beaux-monts-2008/
"Comtes Lafon, Meursault 2000","$2,480.00 ","images\Comtes_Lafon,_Meursault_2000.jpg",Domaine des Comtes Lafon,Chardonnay,France / Bourgogne / Côte de Beaune / Meursault,Burgundy Côte de Beaune White,https://vinewineltd.com/product/comtes-lafon-meursault-2000/
Ami Bourgogne Blanc “Homard d’Or” 2022,$315.00 ,images\Ami_Bourgogne_Blanc_“Homard_d’Or”_2022.jpg,Ami,Chardonnay,France / Bourgogne,Burgundy White,https://vinewineltd.com/product/ami-bourgogne-blanc-homard-dor-2022/
Ami Bourgogne Rouge “Homard Bleu” 2022,$315.00 ,images\Ami_Bourgogne_Rouge_“Homard_Bleu”_2022.jpg,Ami,Pinot Noir,France / Bourgogne,Burgundy Red,https://vinewineltd.com/product/ami-bourgogne-rouge-homard-bleu-2022/
Ami Côte de Nuits Village 2022,$430.00 ,images\Ami_Côte_de_Nuits_Village_2022.jpg,Ami,Pinot Noir,France / Bourgogne / Côte de Nuits / Côte de Nuits Villages,Burgundy Côte de Nuits Red,https://vinewineltd.com/product/ami-cote-de-nuits-village-2022/
Ami Saint Romain “Sous Roche” 2014,$498.00 ,images\Ami_Saint_Romain_“Sous_Roche”_2014.jpg,Ami,Pinot Noir,France / Bourgogne / Côte de Beaune / Saint-Romain,Burgundy Côte de Beaune Red,https://vinewineltd.com/product/ami-saint-romain-sous-roche-2014/
Ami Pommard 1er Cru 2018,$710.00 ,images\Ami_Pommard_1er_Cru_2018.jpg,Ami,Pinot Noir,France / Bourgogne / Côte de Beaune / Pommard / Pommard Premier Cru / Pommard 1er Cru ‘Les Poutures’,Burgundy Côte de Beaune Red,https://vinewineltd.com/product/ami-pommard-1er-cru-2018/
David Duband Vosne Romanee 2020,$635.00 ,images\David_Duband_Vosne_Romanee_2020.jpg,David Duband,Pinot Noir,France / Bourgogne / Côte de Nuits / Vosne-Romanée,Burgundy Côte de Nuits Red,https://vinewineltd.com/product/david-duband-vosne-romanee-2020/
Albert Morot Beaune Bressandes Premier Cru 2017,$538.00 ,images\Albert_Morot_Beaune_Bressandes_Premier_Cru_2017.jpg,Albert Morot,Pinot Noir,France / Bourgogne / Côte de Beaune / Beaune / Beaune Premier Cru / Beaune 1er Cru ‘Les Bressandes’,Burgundy Côte de Beaune Red,https://vinewineltd.com/product/albert-morot-beaune-bressandes-premier-cru-2017/
Tortochot Gevrey Chambertin 1er Cru Lavaux St Jacques 2018,$720.00 ,images\Tortochot_Gevrey_Chambertin_1er_Cru_Lavaux_St_Jacques_2018.jpg,,,,,https://vinewineltd.com/product/tortochot-gevrey-chambertin-1er-cru-lavaux-st-jacques-2018/
Domaine des Varoilles Charmes-Chambertin Grand Cru 2017,"$1,350.00 ",images\Domaine_des_Varoilles_Charmes-Chambertin_Grand_Cru_2017.jpg,Domaine des Varoilles,Pinot Noir,France / Bourgogne / Côte de Nuits / Gevrey-Chambertin / Charmes-Chambertin Grand Cru,Burgundy Côte de Nuits Red,https://vinewineltd.com/product/domaine-des-varoilles-charmes-chambertin-grand-cru-2017/
Frederic Magnien Gevrey-Chambertin Vieilles Vignes 2003 (酒莊直出 – 酒帽因酒莊的機器問題而破損),$950.00 ,images\Frederic_Magnien_Gevrey-Chambertin_Vieilles_Vignes_2003_(酒莊直出_–_酒帽因酒莊的機器問題而破損).jpg,Frédéric Magnien,Pinot Noir,France / Bourgogne / Côte de Nuits / Gevrey-Chambertin,Burgundy Côte de Nuits Red,https://vinewineltd.com/product/frederic-magnien-gevrey-chambertin-vieilles-vignes-2003-%e9%85%92%e8%8e%8a%e7%9b%b4%e5%87%ba-%e9%85%92%e5%b8%bd%e5%9b%a0%e9%85%92%e8%8e%8a%e7%9a%84%e6%a9%9f%e5%99%a8%e5%95%8f%e9%a1%8c%e8%80%8c/
Frederic Magnien Chambolle-Musigny Vieilles Vignes 2003 (酒莊直出 – 酒帽因酒莊的機器問題而破損),$950.00 ,images\Frederic_Magnien_Chambolle-Musigny_Vieilles_Vignes_2003_(酒莊直出_–_酒帽因酒莊的機器問題而破損).jpg,Frédéric Magnien,Pinot Noir,France / Bourgogne / Côte de Nuits / Chambolle-Musigny,Burgundy Côte de Nuits Red,https://vinewineltd.com/product/frederic-magnien-chambolle-musigny-vieilles-vignes-2003-%e9%85%92%e8%8e%8a%e7%9b%b4%e5%87%ba-%e9%85%92%e5%b8%bd%e5%9b%a0%e9%85%92%e8%8e%8a%e7%9a%84%e6%a9%9f%e5%99%a8%e5%95%8f%e9%a1%8c%e8%80%8c/
Frederic Magnien Clos Sorbe Morey-Saint-Denis Premier Cru 2009 (酒莊直出 – 酒帽因酒莊的機器問題而破損),$950.00 ,images\Frederic_Magnien_Clos_Sorbe_Morey-Saint-Denis_Premier_Cru_2009_(酒莊直出_–_酒帽因酒莊的機器問題而破損).jpg,Frédéric Magnien,Pinot Noir,France / Bourgogne / Côte de Nuits / Morey-Saint-Denis / Morey-Saint-Denis Premier Cru,Burgundy Côte de Nuits Red,https://vinewineltd.com/product/frederic-magnien-clos-sorbe-morey-saint-denis-premier-cru-2009-%e9%85%92%e8%8e%8a%e7%9b%b4%e5%87%ba-%e9%85%92%e5%b8%bd%e5%9b%a0%e9%85%92%e8%8e%8a%e7%9a%84%e6%a9%9f%e5%99%a8%e5%95%8f%e9%a1%8c/
Domaine Les Poete Touraine ‘Le S des Poete’ Loire 2022,$240.00 ,images\Domaine_Les_Poete_Touraine_‘Le_S_des_Poete’_Loire_2022.jpg,Les Poëte,Sauvignon Blanc,France / Loire Valley / Middle Loire / Touraine,,https://vinewineltd.com/product/domaine-les-poete-touraine-le-s-des-poete-loire-2022/
Domaine Les Poete Toison d’Or Vin de France 2018,$349.00 ,images\Domaine_Les_Poete_Toison_d’Or_Vin_de_France_2018.jpg,Les Poëte,Pinot Gris,France / Loire Valley / Upper Loire / Reuilly,Upper Loire White,https://vinewineltd.com/product/domaine-les-poete-toison-dor-vin-de-france-2018/
Richard Desouche Le P’tit Domaine Saumur-Champigny Les Bonneveaux Loire 2016,$480.00 ,images\Richard_Desouche_Le_P’tit_Domaine_Saumur-Champigny_Les_Bonneveaux_Loire_2016.jpg,Le P’tit Domaine,Cabernet Franc,France / Loire Valley / Middle Loire / Saumur / Saumur-Champigny,French Middle Loire Cabernet Franc Red,https://vinewineltd.com/product/richard-desouche-le-ptit-domaine-saumur-champigny-les-bonneveaux-loire-2016/
Domaine Les Poete Reuilly Toison d’Or Pinot Gris Loire 2019,$350.00 ,images\Domaine_Les_Poete_Reuilly_Toison_d’Or_Pinot_Gris_Loire_2019.jpg,Les Poëte,Pinot Gris,France / Loire Valley / Upper Loire / Reuilly,Upper Loire White,https://vinewineltd.com/product/domaine-les-poete-reuilly-toison-dor-pinot-gris-loire-2019/
Aurelien Chatagnier Saint-Joseph La Sybarite Rhone 2018,$358.00 ,images\Aurelien_Chatagnier_Saint-Joseph_La_Sybarite_Rhone_2018.jpg,Aurélien Chatagnier,Shiraz/Syrah,France / Rhone Valley / Northern Rhône / Saint-Joseph,Northern Rhône Saint-Joseph,https://vinewineltd.com/product/aurelien-chatagnier-saint-joseph-la-sybarite-rhone-2018-2/
Domaine Jamet Cotes du Rhone Equivoque Rhone 2018,$489.00 ,images\Domaine_Jamet_Cotes_du_Rhone_Equivoque_Rhone_2018.jpg,Domaine Jamet,Shiraz/Syrah,France / Rhone Valley / Southern Rhône / Côtes-du-Rhône,Southern Rhône Red,https://vinewineltd.com/product/domaine-jamet-cotes-du-rhone-equivoque-rhone-2018/
Paul Jaboulet Aine Domaine de Thalabert Crozes-Hermitage Rhone 2019,$298.00 ,images\Paul_Jaboulet_Aine_Domaine_de_Thalabert_Crozes-Hermitage_Rhone_2019.jpg,Paul Jaboulet Aîné,100% Shiraz/Syrah,France / Rhone Valley / Northern Rhône / Crozes-Hermitage,Northern Rhône Crozes-Hermitage,https://vinewineltd.com/product/paul-jaboulet-aine-domaine-de-thalabert-crozes-hermitage-rhone-2019/
Michel & Stephane Ogier Saint-Joseph Le Passage Rhone 2020,$298.00 ,images\Michel_&_Stephane_Ogier_Saint-Joseph_Le_Passage_Rhone_2020.jpg,Michel &amp; Stéphane Ogier,Shiraz/Syrah,France / Rhone Valley / Northern Rhône / Saint-Joseph,Northern Rhône Saint-Joseph,https://vinewineltd.com/product/michel-stephane-ogier-saint-joseph-le-passage-rhone-2020/
Domaine Alain Graillot Crozes-Hermitage La Guiraude Rhone 2019,$468.00 ,images\Domaine_Alain_Graillot_Crozes-Hermitage_La_Guiraude_Rhone_2019.jpg,Alain Graillot,100% Shiraz/Syrah,France / Rhone Valley / Northern Rhône / Crozes-Hermitage,Northern Rhône Crozes-Hermitage,https://vinewineltd.com/product/domaine-alain-graillot-crozes-hermitage-la-guiraude-rhone-2019/
Xavier Vignon SM Second Edition NV,$218.00 ,images\Xavier_Vignon_SM_Second_Edition_NV.jpg,Xavier Vignon,"Shiraz/Syrah,Garnacha",France / Rhone Valley / Southern Rhône / Côtes-du-Rhône,Southern Rhône Red,https://vinewineltd.com/product/xavier-vignon-sm-second-edition-nv/
Chateau de Beaucastel Cotes du Rhone Coudoulet de Beaucastel Rhone 2018,$248.00 ,images\Chateau_de_Beaucastel_Cotes_du_Rhone_Coudoulet_de_Beaucastel_Rhone_2018.jpg,Château de Beaucastel,Grenache,France / Rhone Valley / Southern Rhône / Côtes-du-Rhône,Southern Rhône Red,https://vinewineltd.com/product/chateau-de-beaucastel-cotes-du-rhone-coudoulet-de-beaucastel-rhone-2018/
M. Chapoutier Crozes-Ermitage Les Varonniers Rhone 2018,$460.00 ,images\M._Chapoutier_Crozes-Ermitage_Les_Varonniers_Rhone_2018.jpg,M. Chapoutier,100% Shiraz/Syrah,France / Rhone Valley / Northern Rhône / Crozes-Hermitage,Northern Rhône Crozes-Hermitage,https://vinewineltd.com/product/m-chapoutier-crozes-ermitage-les-varonniers-rhone-2018/
M. Chapoutier Saint-Joseph Blanc ‘Les Granits’ Rhone 2015,$698.00 ,images\M._Chapoutier_Saint-Joseph_Blanc_‘Les_Granits’_Rhone_2015.jpg,M. Chapoutier,Shiraz/Syrah,France / Rhone Valley / Northern Rhône / Saint-Joseph,Northern Rhône White,https://vinewineltd.com/product/m-chapoutier-saint-joseph-blanc-les-granits-rhone-2015/
Delas Freres Crozes-Hermitage Les Launes Rhone 2018,$250.00 ,images\Delas_Freres_Crozes-Hermitage_Les_Launes_Rhone_2018.jpg,Delas,100% Shiraz/Syrah,France / Rhone Valley / Northern Rhône / Crozes-Hermitage,Northern Rhône Crozes-Hermitage,https://vinewineltd.com/product/delas-freres-crozes-hermitage-les-launes-rhone-2018/
Chateau de Saint Cosme Cotes du Rhone Les Deux Albion Rhone 2020,$218.00 ,,Château de Saint Cosme,100% Shiraz/Syrah,France / Rhone Valley / Southern Rhône / Côtes-du-Rhône,Southern Rhône Red,https://vinewineltd.com/product/chateau-de-saint-cosme-cotes-du-rhone-les-deux-albion-rhone-2020/
Chateau de Saint Cosme Gigondas Rhone 2020,$418.00 ,images\Chateau_de_Saint_Cosme_Gigondas_Rhone_2020.jpg,Château de Saint Cosme,100% Grenache,France / Rhone Valley / Southern Rhône / Gigondas,Southern Rhône Red,https://vinewineltd.com/product/chateau-de-saint-cosme-gigondas-rhone-2020/
Ogier Cote Rotie La Serine Rhone 2020,$418.00 ,,Ogier,Shiraz/Syrah,France / Rhone Valley / Northern Rhône / Côte-Rôtie,Northern Rhône Côte-Rotie,https://vinewineltd.com/product/ogier-cote-rotie-la-serine-rhone-2020/
Paul Avril Clos des Papes Chateauneuf-du-Pape Rhone 2021,$630.00 ,images\Paul_Avril_Clos_des_Papes_Chateauneuf-du-Pape_Rhone_2021.jpg,Clos des Papes (Paul Avril),Grenache,France / Rhone Valley / Southern Rhône / Châteauneuf-du-Pape,Southern Rhône Châteauneuf-du-Pape Red,https://vinewineltd.com/product/paul-avril-clos-des-papes-chateauneuf-du-pape-rhone-2021/
Roger Sabon Chateauneuf du Pape Cuvee Prestige 2020,$488.00 ,images\Roger_Sabon_Chateauneuf_du_Pape_Cuvee_Prestige_2020.jpg,,,,,https://vinewineltd.com/product/roger-sabon-chateauneuf-du-pape-cuvee-prestige-2020/
Domaine Labet Cremant du Jura Brut 2020,$688.00 ,images\Domaine_Labet_Cremant_du_Jura_Brut_2020.jpg,Domaine Labet,Chardonnay,,French Crémant,https://vinewineltd.com/product/domaine-labet-cremant-du-jura-brut-2020/
Anne et Jean-Francois Ganevat Cotes du Jura ‘Sous la Roche’ Savagnin 2018,"$2,480.00 ",images\Anne_et_Jean-Francois_Ganevat_Cotes_du_Jura_‘Sous_la_Roche’_Savagnin_2018.jpg,Jean François Ganevat,Savagnin,France / Jura / Côtes du Jura,Jura White,https://vinewineltd.com/product/anne-et-jean-francois-ganevat-cotes-du-jura-sous-la-roche-savagnin-2018/
Anne et Jean-Francois Ganevat Cotes du Jura Les Varrons Vieilles Vignes 2018,"$2,180.00 ",images\Anne_et_Jean-Francois_Ganevat_Cotes_du_Jura_Les_Varrons_Vieilles_Vignes_2018.jpg,Jean François Ganevat,Chardonnay,France / Jura / Côtes du Jura,White wine from Jura,https://vinewineltd.com/product/anne-et-jean-francois-ganevat-cotes-du-jura-les-varrons-vieilles-vignes-2018/
Anne et Jean-Francois Ganevat Cotes du Jura ‘La Graviere’ 2020,$828.00 ,,Anne et Jean-François Ganevat,Chardonnay,France / Jura / Côtes du Jura,Jura White,https://vinewineltd.com/product/anne-et-jean-francois-ganevat-cotes-du-jura-la-graviere-2020/
Philippe Chatillon Cotes du Jura Hari Om Pinot Noir 2020,$468.00 ,images\Philippe_Chatillon_Cotes_du_Jura_Hari_Om_Pinot_Noir_2020.jpg,,,,,https://vinewineltd.com/product/philippe-chatillon-cotes-du-jura-hari-om-pinot-noir-2020/
Bollinger PN AYC18 2018 – Gift Box,$758.00 ,images\Bollinger_PN_AYC18_2018_–_Gift_Box.jpg,Bollinger,Pinot Noir,France / Champagne,French Champagne,https://vinewineltd.com/product/bollinger-pn-ayc18-2018-gift-box/
Lanson Clos Lanson 2006,"$1,650.00 ",images\Lanson_Clos_Lanson_2006.jpg,Lanson,100% Chardonnay,France / Champagne,French Champagne,https://vinewineltd.com/product/lanson-clos-lanson-2006/
Lanson Noble Cuvee Blanc de Blancs 2002,"$1,288.00 ",images\Lanson_Noble_Cuvee_Blanc_de_Blancs_2002.jpg,Lanson,Chardonnay,France / Champagne,French Champagne,https://vinewineltd.com/product/lanson-noble-cuvee-blanc-de-blancs-2002/
Laherte Freres Les Vignes d’Autrefois Blanc de Noirs Extra Brut Champagne 2018,$648.00 ,images\Laherte_Freres_Les_Vignes_d’Autrefois_Blanc_de_Noirs_Extra_Brut_Champagne_2018.jpg,Laherte Freres,"Pinot Meunier, Pinot Noir",France / Champagne,French Champagne,https://vinewineltd.com/product/laherte-freres-les-vignes-dautrefois-blanc-de-noirs-extra-brut-champagne-2018/
Laherte Freres Les Grandes Crayeres Blanc de Blancs 2018,$648.00 ,images\Laherte_Freres_Les_Grandes_Crayeres_Blanc_de_Blancs_2018.jpg,Laherte Freres,100% Chardonnay,France / Champagne,French Champagne,https://vinewineltd.com/product/laherte-freres-les-grandes-crayeres-blanc-de-blancs-2018/
Pierre Gimonnet et Fils ‘Oenophile Non Dose’ Premier Cru Champagne 2014,$480.00 ,,Pierre Gimonnet & Fils,Chardonnay,France / Champagne / Champagne Premier Cru,French Champagne,https://vinewineltd.com/product/pierre-gimonnet-et-fils-oenophile-non-dose-premier-cru-champagne-2014/
"Romain Henin L’Appel de la Foret Extra Brut, Champagne 2015","$1,080.00 ","images\Romain_Henin_L’Appel_de_la_Foret_Extra_Brut,_Champagne_2015.jpg",,,,,https://vinewineltd.com/product/romain-henin-lappel-de-la-foret-extra-brut-champagne-2015/
Leclerc Briant Les Monts Ferres Brut Zero 2018,"$1,350.00 ",images\Leclerc_Briant_Les_Monts_Ferres_Brut_Zero_2018.jpg,Leclerc Briant,"Pinot Meunier, Chardonnay, Pinot Noir",France / Champagne / Champagne Premier Cru,French Champagne,https://vinewineltd.com/product/leclerc-briant-les-monts-ferres-brut-zero-2018/
Leclerc-Briant ‘Abyss’ Extra Brut Rose Champagne 2018,"$2,980.00 ",images\Leclerc-Briant_‘Abyss’_Extra_Brut_Rose_Champagne_2018.jpg,Leclerc Briant,"Chardonnay, Pinot Noir, Pinot Meunier",France / Champagne,French Champagne,https://vinewineltd.com/product/leclerc-briant-abyss-extra-brut-rose-champagne-2018/
Leclerc-Briant ‘Abyss’ Brut Zero Champagne 2017,"$1,980.00 ",,Leclerc Briant,"Chardonnay, Pinot Noir, Pinot Meunier",France / Champagne,French Champagne,https://vinewineltd.com/product/leclerc-briant-abyss-brut-zero-champagne-2017/
Charles de Cazanove Stradivarius 2007,$468.00 ,images\Charles_de_Cazanove_Stradivarius_2007.jpg,Charles de Cazanove,"Pinot Noir, Chardonnay",France / Champagne,French Champagne,https://vinewineltd.com/product/charles-de-cazanove-stradivarius-2007/
Leclerc Briant Blanc de Blancs Extra Brut Champagne 2018,$940.00 ,images\Leclerc_Briant_Blanc_de_Blancs_Extra_Brut_Champagne_2018.jpg,Leclerc Briant,Chardonnay,France / Champagne,French Champagne,https://vinewineltd.com/product/leclerc-briant-blanc-de-blancs-extra-brut-champagne-2018/
Boizel Collection Tresor Extra Brut Millesime Champagne 1990,"$2,580.00 ",,Boizel,"Chardonnay, Pinot Noir, Pinot Meunier",France / Champagne,French Champagne,https://vinewineltd.com/product/boizel-collection-tresor-extra-brut-millesime-champagne-1990/
Dom Perignon Brut Champagne 2013,"$1,345.00 ",images\Dom_Perignon_Brut_Champagne_2013.jpg,Dom Pérignon,"Chardonnay, Pinot Noir",France / Champagne,French Champagne,https://vinewineltd.com/product/dom-perignon-brut-champagne-2013/
Andre Beaufort ‘Potion’ Non Dose Champagne 2020,$698.00 ,images\Andre_Beaufort_‘Potion’_Non_Dose_Champagne_2020.jpg,André Beaufort,100% Chardonnay,France / Champagne,,https://vinewineltd.com/product/andre-beaufort-potion-non-dose-champagne-2020/
Vilmart & Cie ‘Coeur de Cuvee’ Premier Cru Brut 2013,$998.00 ,images\Vilmart_&_Cie_‘Coeur_de_Cuvee’_Premier_Cru_Brut_2013.jpg,Vilmart &amp; Cie,"Chardonnay, Pinot Noir",France / Champagne / Champagne Premier Cru,French Champagne,https://vinewineltd.com/product/vilmart-cie-coeur-de-cuvee-premier-cru-brut-2013/
Billecart-Salmon ‘Cuvee Elisabeth Salmon’ Brut Rose Millesime 2009,"$1,330.00 ",images\Billecart-Salmon_‘Cuvee_Elisabeth_Salmon’_Brut_Rose_Millesime_2009.jpg,Billecart-Salmon,"55% Pinot Noir, 45% Chardonnay",France / Champagne,French Champagne,https://vinewineltd.com/product/billecart-salmon-cuvee-elisabeth-salmon-brut-rose-millesime-2009/
Pierre Gimonnet et Fils Oger Grand Cru Special Club Champagne 2015,$898.00 ,images\Pierre_Gimonnet_et_Fils_Oger_Grand_Cru_Special_Club_Champagne_2015.jpg,Pierre Gimonnet &amp; Fils,Chardonnay,France / Champagne / Côte des Blancs / Champagne Grand Cru Oger,French Champagne,https://vinewineltd.com/product/pierre-gimonnet-et-fils-oger-grand-cru-special-club-champagne-2015/
Laherte Freres Les Empreintes Brut Champagne 2017,$760.00 ,images\Laherte_Freres_Les_Empreintes_Brut_Champagne_2017.jpg,Laherte Freres,Pinot Noir &amp; Chardonnay,France / Champagne,French Champagne,https://vinewineltd.com/product/laherte-freres-les-empreintes-brut-champagne-2017/
Charles de Cazanove Tradition Vintage 2008 (Glass set),$580.00 ,images\Charles_de_Cazanove_Tradition_Vintage_2008_(Glass_set).jpg,Charles de Cazanove,"Chardonnay, Pinot Noir",France / Champagne,French Champagne,https://vinewineltd.com/product/charles-de-cazanove-tradition-vintage-2008-glass-set/
Deutz Brut Classic Champagne NV (Gift Box),$428.00 ,,Deutz,"Pinot Meunier, Pinot Noir, Chardonnay",France / Champagne,French Champagne,https://vinewineltd.com/product/deutz-brut-classic-champagne-nv-gift-box/
"Jerome Blin ‘La Varoce’ Extra Brut, Champagne NV",$428.00 ,"images\Jerome_Blin_‘La_Varoce’_Extra_Brut,_Champagne_NV.jpg",Jérôme Blin,"80% Pinot Meunier, 20% Chardonnay",France / Champagne,French Champagne,https://vinewineltd.com/product/jerome-blin-la-varoce-extra-brut-champagne-nv/
"Billecart-Salmon, Les Rendez-Vous de Billecart-Salmon No 3, Meunier Extra Brut NV",$880.00 ,"images\Billecart-Salmon,_Les_Rendez-Vous_de_Billecart-Salmon_No_3,_Meunier_Extra_Brut_NV.jpg",Billecart-Salmon,Pinot Meunier,France / Champagne,French Champagne,https://vinewineltd.com/product/billecart-salmon-les-rendez-vous-de-billecart-salmon-no-3-meunier-extra-brut-nv/
Delamotte Brut NV,$279.00 ,images\Delamotte_Brut_NV.jpg,Delamotte,"60% Chardonnay, 35% Pinot Noir, 5% Pinot Meunier",France / Champagne / Côte des Blancs / Champagne Grand Cru ‘Le Mesnil-sur-Oger’,French Champagne,https://vinewineltd.com/product/delamotte-brut-nv/
"Frederic Savart, Bulle de Rose Extra Brut NV",$748.00 ,"images\Frederic_Savart,_Bulle_de_Rose_Extra_Brut_NV.jpg",Savart,"Chardonnay, Pinot Noir, Pinot Meunier",France / Champagne / Champagne Premier Cru,French Champagne,https://vinewineltd.com/product/frederic-savart-bulle-de-rose-extra-brut-nv/
Champagne Pierre Bertrand Premier Cru Brut NV,$388.00 ,images\Champagne_Pierre_Bertrand_Premier_Cru_Brut_NV.jpg,Pierre Bertrand,"Chardonnay, Pinot Noir, Pinot Meunier",France / Champagne,French Champagne,https://vinewineltd.com/product/champagne-pierre-bertrand-premier-cru-brut-nv/
Lanson Le Rose Champagne NV with GIFT BOX,$788.00 ,images\Lanson_Le_Rose_Champagne_NV_with_GIFT_BOX.jpg,Lanson,"Chardonnay, Pinot Noir, Pinot Meunier",France / Champagne,French Champagne,https://vinewineltd.com/product/lanson-le-rose-champagne-nv-with-gift-box/
Pierre Gerbais Les Grandes Cotes Extra Brut Champagne NV,$860.00 ,images\Pierre_Gerbais_Les_Grandes_Cotes_Extra_Brut_Champagne_NV.jpg,Pierre Gerbais,Pinot Noir,France / Champagne,French Champagne,https://vinewineltd.com/product/pierre-gerbais-les-grandes-cotes-extra-brut-champagne-nv/
Pierre Gerbais Champs Viole Extra Brut NV,$798.00 ,images\Pierre_Gerbais_Champs_Viole_Extra_Brut_NV.jpg,,,,,https://vinewineltd.com/product/pierre-gerbais-champs-viole-extra-brut-nv/
Rare Brut Millesime Champagne 2008,"$1,190.00 ",images\Rare_Brut_Millesime_Champagne_2008.jpg,Rare Champagne,100% Chardonnay,France / Champagne,French Champagne,https://vinewineltd.com/product/rare-brut-millesime-champagne-2008/
Laherte Freres Longues Voyes Recole Blanc de Noirs NV (L-R 2019),$640.00 ,images\Laherte_Freres_Longues_Voyes_Recole_Blanc_de_Noirs_NV_(L-R_2019).jpg,Laherte Freres,Pinot Noir,France / Champagne / Champagne Premier Cru,French Champagne,https://vinewineltd.com/product/laherte-freres-longues-voyes-recole-blanc-de-noirs-nv-l-r-2019/
Laherte Freres Ultradition Extra Brut NV,$388.00 ,images\Laherte_Freres_Ultradition_Extra_Brut_NV.jpg,Laherte Freres,100% Chardonnay,France / Champagne,French Champagne,https://vinewineltd.com/product/laherte-freres-ultradition-extra-brut-nv/
Drappier Brut Nature Rose Champagne NV,$488.00 ,,Drappier,100% Pinot Noir,France / Champagne,French Champagne,https://vinewineltd.com/product/drappier-brut-nature-rose-champagne-nv/
Godmé Sabine Reserve Brut Champagne Premier Cru N.V. (WS93),$340.00 ,images\Godmé_Sabine_Reserve_Brut_Champagne_Premier_Cru_N.V._(WS93).jpg,Godmé Sabine,"Chardonnay, Pinot Noir, Pinot Meunier",France / Champagne / Champagne Premier Cru,French Champagne,https://vinewineltd.com/product/godme-sabine-reserve-brut-champagne-premier-cru-n-v-ws93/
Henri Giraud Hommage au Pinot Noir Champagne NV,$620.00 ,images\Henri_Giraud_Hommage_au_Pinot_Noir_Champagne_NV.jpg,Henri Giraud,Pinot Noir,France / Champagne,French Champagne,https://vinewineltd.com/product/henri-giraud-hommage-au-pinot-noir-champagne-nv/
Henri Giraud Fut de Chene MV Ay Grand Cru Brut Champagne,"$1,296.00 ",images\Henri_Giraud_Fut_de_Chene_MV_Ay_Grand_Cru_Brut_Champagne.jpg,Henri Giraud,"Pinot Noir, Chardonnay",France / Champagne / Vallée de la Marne / Champagne Grand Cru ‘Aÿ’,French Champagne,https://vinewineltd.com/product/henri-giraud-fut-de-chene-mv-ay-grand-cru-brut-champagne/
Henri Giraud Blanc de Craie Champagne NV,$570.00 ,images\Henri_Giraud_Blanc_de_Craie_Champagne_NV.jpg,Henri Giraud,100% Chardonnay,France / Champagne,French Champagne,https://vinewineltd.com/product/henri-giraud-blanc-de-craie-champagne-nv/
"Agrapart & Fils, Terroirs Blanc de Blancs Extra Brut Grand Cru NV",$668.00 ,"images\Agrapart_&_Fils,_Terroirs_Blanc_de_Blancs_Extra_Brut_Grand_Cru_NV.jpg",Agrapart &amp; Fils,100% Chardonnay,France / Champagne / Côte des Blancs / Champagne Grand Cru,French Champagne,https://vinewineltd.com/product/agrapart-fils-terroirs-blanc-de-blancs-extra-brut-grand-cru-nv/
Jacques Lassaigne ‘Les Vignes de Montgueux’ Blanc de Blancs Extra Brut Champagne NV,$438.00 ,images\Jacques_Lassaigne_‘Les_Vignes_de_Montgueux’_Blanc_de_Blancs_Extra_Brut_Champagne_NV.jpg,Jacques Lassaigne,100% Chardonnay,France / Champagne,French Champagne,https://vinewineltd.com/product/jacques-lassaigne-les-vignes-de-montgueux-blanc-de-blancs-extra-brut-champagne-nv/
Krug Grande Cuvee 171eme Edition Brut Champagne NV,"$1,699.00 ",images\Krug_Grande_Cuvee_171eme_Edition_Brut_Champagne_NV.jpg,Krug,"52% Pinot Noir, 35% Chardonnay, 13% Pinot Meunier",France / Champagne,French Champagne,https://vinewineltd.com/product/krug-grande-cuvee-171eme-edition-brut-champagne-nv/
Andre Beaufort a Polisy Brut Reserve Champagne NV,$638.00 ,images\Andre_Beaufort_a_Polisy_Brut_Reserve_Champagne_NV.jpg,André Beaufort,100% Chardonnay,France / Champagne,French Champagne,https://vinewineltd.com/product/andre-beaufort-a-polisy-brut-reserve-champagne-nv/
Jacquesson Cuvee 739 Degorgement Tardif NV,$798.00 ,images\Jacquesson_Cuvee_739_Degorgement_Tardif_NV.jpg,Jacquesson,"Chardonnay, Pinot Noir, Pinot Meunier",France / Champagne,French Champagne,https://vinewineltd.com/product/jacquesson-cuvee-739-degorgement-tardif-nv/
Pascal Doquet Blanc de Blancs Brut Champagne NV,$448.00 ,images\Pascal_Doquet_Blanc_de_Blancs_Brut_Champagne_NV.jpg,Pascal Doquet,100% Chardonnay,France / Champagne,French Champagne,https://vinewineltd.com/product/pascal-doquet-blanc-de-blancs-brut-champagne-nv/
Charles de Cazanove Blanc de Noir Brut Champagne (Christmas edition 2023),$458.00 ,images\Charles_de_Cazanove_Blanc_de_Noir_Brut_Champagne_(Christmas_edition_2023).jpg,Charles de Cazanove,Pinot Noir,France / Champagne,French Champagne,https://vinewineltd.com/product/charles-de-cazanove-blanc-de-noir-brut-champagne-christmas-edition-2023/
Godme Sabine Terre de Verzenay Grand Cru Extra Brut Champagne NV,$534.00 ,images\Godme_Sabine_Terre_de_Verzenay_Grand_Cru_Extra_Brut_Champagne_NV.jpg,Godmé Sabine,"Chardonnay, Pinot Noir, Pinot Meunier",France / Champagne / Champagne Grand Cru,French Champagne,https://vinewineltd.com/product/godme-sabine-terre-de-verzenay-grand-cru-extra-brut-champagne-nv/
Charles de Cazanove Blanc de Noir Brut Champagne NV (Christmas edition),$398.00 ,images\Charles_de_Cazanove_Blanc_de_Noir_Brut_Champagne_NV_(Christmas_edition).jpg,Charles de Cazanove,Pinot Noir,France / Champagne,French Champagne,https://vinewineltd.com/product/charles-de-cazanove-blanc-de-noir-brut-champagne-nv-christmas-edition/
Laurent-Perrier La Cuvée NV (375mL),$248.00 ,images\Laurent-Perrier_La_Cuvée_NV_(375mL).jpg,Laurent-Perrier,Champagne Blend,France / Champagne,French Champagne,https://vinewineltd.com/product/laurent-perrier-la-cuvee-half-bottle-375ml/
"Matthieu Godme-Guillaume Village V.V.V Premier Cru, Champagne, France",$508.00 ,"images\Matthieu_Godme-Guillaume_Village_V.V.V_Premier_Cru,_Champagne,_France.jpg",Champagne Matthieu Godmé-Guillaume,Chardonnay,France / Champagne / Montagne de Reims / Champagne Grand Cru ‘Verzenay’,French Champagne,https://vinewineltd.com/product/matthieu-godme-guillaume-village-v-v-v-premier-cru-champagne-france/
Ruinart Brut Rose Champagne NV,$639.00 ,images\Ruinart_Brut_Rose_Champagne_NV.jpg,Ruinart,"55% Pinot Noir, 45% Chardonnay",France / Champagne,French Champagne,https://vinewineltd.com/product/ruinart-brut-rose-champagne-nv/
Cassetta da Collezione Annate Storiche Valpolicella Classico e Amarone Romano Dal forno (Amarone 06-08- 09/Valpolicella 07-08-09),"$12,800.00 ",images\Cassetta_da_Collezione_Annate_Storiche_Valpolicella_Classico_e_Amarone_Romano_Dal_forno_(Amarone_06-08-_09_Valpolicella_07-08-09).jpg,,,,,https://vinewineltd.com/product/cassetta-da-collezione-annate-storiche-valpolicella-classico-e-amarone-romano-dal-forno-amarone-06-08-09-valpolicella-07-08-09/
Bertani Amarone della Valpolicella DOCG Veneto 1986,"$3,580.00 ",images\Bertani_Amarone_della_Valpolicella_DOCG_Veneto_1986.jpg,Bertani,"Rondinella, Corvina Veronese",Italy / Northern Italy / Veneto / Valpolicella / Amarone della Valpolicella / Amarone della Valpolicella Classico,Italian Amarone,https://vinewineltd.com/product/bertani-amarone-della-valpolicella-docg-veneto-1986/
"Cantine Riondo, Corvina 2020 – N",$98.00 ,"images\Cantine_Riondo,_Corvina_2020_–_N.jpg",Casalforte,Corvina,Italy / Northern Italy / Veneto / Verona,Northern Italy Red,https://vinewineltd.com/product/cantine-riondo-casalforte-casalforte-corvina-2020/
Masi Osar Rosso del Veronese 2015,$499.00 ,images\Masi_Osar_Rosso_del_Veronese_2015.jpg,Masi,Oseleta,Italy / Northern Italy / Veneto / Verona / Rosso Veronese,Northern Italy Red,https://vinewineltd.com/product/masi-osar-rosso-del-veronese-2015/
Riondo Amarone della Valpolicella DOCG Veneto 2018,$290.00 ,images\Riondo_Amarone_della_Valpolicella_DOCG_Veneto_2018.jpg,Riondo,"Rondinella, Corvinone, Corvina",Italy / Northern Italy / Veneto / Valpolicella / Amarone della Valpolicella,Italian Amarone,https://vinewineltd.com/product/riondo-amarone-della-valpolicella-docg-veneto-2018/
Allegrini Corte Giara Valpolicella Ripasso Veneto 2016,$268.00 ,images\Allegrini_Corte_Giara_Valpolicella_Ripasso_Veneto_2016.jpg,Corte Giara,"Corvina, Rondinella, Molinara",Italy / Northern Italy / Veneto / Valpolicella / Valpolicella Ripasso,Italian Ripasso,https://vinewineltd.com/product/allegrini-corte-giara-valpolicella-ripasso-veneto-2016/
Bertani Amarone 1959,"$3,850.00 ",images\Bertani_Amarone_1959.jpg,Bertani,"Rondinella, Corvina Veronese",Italy / Northern Italy / Veneto / Valpolicella / Amarone della Valpolicella / Amarone della Valpolicella Classico,Italian Amarone,https://vinewineltd.com/product/bertani-amarone-1959/
Domenico Clerico Barolo Percristina DOCG 2010,"$2,980.00 ",images\Domenico_Clerico_Barolo_Percristina_DOCG_2010.jpg,Domenico Clerico,Nebbiolo,Italy / Northern Italy / Piemonte / Barolo,Italian Barolo,https://vinewineltd.com/product/domenico-clerico-barolo-percristina-docg-2010/
Damilano Barolo DOCG 1967,$838.00 ,images\Damilano_Barolo_DOCG_1967.jpg,,Nebbiolo,Italy / Northern Italy / Piemonte / Barolo,Italian Barolo,https://vinewineltd.com/product/damilano-barolo-docg-1967/
Mascarello Natale fu Maurizio Barolo 1967,"$2,280.00 ",images\Mascarello_Natale_fu_Maurizio_Barolo_1967.jpg,Mascarello Natale fu Maurizio,Nebbiolo,Italy / Northern Italy / Piemonte / Barolo,Italian Barolo,https://vinewineltd.com/product/mascarello-natale-fu-maurizio-barolo-1967/
Pio Cesare Il Bricco di Treiso Barbaresco DOCG 1993,"$1,280.00 ",images\Pio_Cesare_Il_Bricco_di_Treiso_Barbaresco_DOCG_1993.jpg,Pio Cesare,Nebbiolo,Italy / Northern Italy / Piemonte / Barbaresco,Italian Barbaresco,https://vinewineltd.com/product/pio-cesare-il-bricco-di-treiso-barbaresco-docg-1993/
Pio Cesare Il Bricco di Treiso Barbaresco DOCG 1995,"$1,380.00 ",images\Pio_Cesare_Il_Bricco_di_Treiso_Barbaresco_DOCG_1995.jpg,Pio Cesare,Nebbiolo,Italy / Northern Italy / Piemonte / Barbaresco,Italian Barbaresco,https://vinewineltd.com/product/pio-cesare-il-bricco-di-treiso-barbaresco-docg-1995/
Pio Cesare Il Bricco di Treiso Barbaresco DOCG 1996,"$1,880.00 ",images\Pio_Cesare_Il_Bricco_di_Treiso_Barbaresco_DOCG_1996.jpg,Pio Cesare,Nebbiolo,Italy / Northern Italy / Piemonte / Barbaresco,Italian Barbaresco,https://vinewineltd.com/product/pio-cesare-il-bricco-di-treiso-barbaresco-docg-1996/
Pio Cesare Barolo DOCG Piedmont 1964,$699.00 ,images\Pio_Cesare_Barolo_DOCG_Piedmont_1964.jpg,Pio Cesare,Nebbiolo,Italy / Northern Italy / Piemonte / Barolo,Italian Barolo,https://vinewineltd.com/product/pio-cesare-barolo-docg-piedmont-1964/
Pio Cesare ‘Ornato’ Barolo DOCG 1985,"$1,880.00 ",images\Pio_Cesare_‘Ornato’_Barolo_DOCG_1985.jpg,Pio Cesare,Nebbiolo,Italy / Northern Italy / Piemonte / Barolo,Italian Barolo,https://vinewineltd.com/product/pio-cesare-ornato-barolo-docg-1985/
Pio Cesare ‘Ornato’ Barolo DOCG 1986,"$1,680.00 ",images\Pio_Cesare_‘Ornato’_Barolo_DOCG_1986.jpg,Pio Cesare,Nebbiolo,Italy / Northern Italy / Piemonte / Barolo,Italian Barolo,https://vinewineltd.com/product/pio-cesare-ornato-barolo-docg-1986/
Pio Cesare ‘Ornato’ Barolo DOCG 1995,"$1,500.00 ",images\Pio_Cesare_‘Ornato’_Barolo_DOCG_1995.jpg,Pio Cesare,Nebbiolo,Italy / Northern Italy / Piemonte / Barolo,Italian Barolo,https://vinewineltd.com/product/pio-cesare-ornato-barolo-docg-1995/
Pio Cesare ‘Ornato’ Barolo DOCG 1996,"$1,980.00 ",images\Pio_Cesare_‘Ornato’_Barolo_DOCG_1996.jpg,Pio Cesare,Nebbiolo,Italy / Northern Italy / Piemonte / Barolo,Italian Barolo,https://vinewineltd.com/product/pio-cesare-ornato-barolo-docg-1996/
Gaja Sori Tildin Barbaresco DOCG Piedmont 1978,"$4,980.00 ",images\Gaja_Sori_Tildin_Barbaresco_DOCG_Piedmont_1978.jpg,Gaja,Nebbiolo,Italy / Northern Italy / Piemonte / Barbaresco,Italian Barbaresco,https://vinewineltd.com/product/gaja-sori-tildin-barbaresco-docg-piedmont-1978/
Azelia di Luigi Scavino ‘San Rocco’ Barolo DOCG 1995,$788.00 ,images\Azelia_di_Luigi_Scavino_‘San_Rocco’_Barolo_DOCG_1995.jpg,Azelia,Nebbiolo,Italy / Northern Italy / Piemonte / Barolo,Italian Barolo,https://vinewineltd.com/product/azelia-di-luigi-scavino-san-rocco-barolo-docg-1995/
Beni di Batasiolo Barolo DOCG Piedmont 1998,$628.00 ,images\Beni_di_Batasiolo_Barolo_DOCG_Piedmont_1998.jpg,Batasiolo,Nebbiolo,Italy / Northern Italy / Piemonte / Barolo,Italian Barolo,https://vinewineltd.com/product/beni-di-batasiolo-barolo-docg-piedmont-1998/
Fratelli Serio & Battista Borgogno Barolo Riserva DOCG 1974,$785.00 ,images\Fratelli_Serio_&_Battista_Borgogno_Barolo_Riserva_DOCG_1974.jpg,Fratelli Serio &amp; Battista Borgogno,Nebbiolo,Italy / Northern Italy / Piemonte / Barolo,Italian Barolo,https://vinewineltd.com/product/fratelli-serio-battista-borgogno-barolo-riserva-docg-1974/
Marchesi di Barolo Barolo 1964,$780.00 ,,Marchesi di Barolo,Nebbiolo,Italy / Northern Italy / Piemonte / Barolo,Italian Barolo,https://vinewineltd.com/product/marchesi-di-barolo-barolo-1964/
Marchesi di Barolo Barolo 1967,$998.00 ,,Marchesi di Barolo,Nebbiolo,Italy / Northern Italy / Piemonte / Barolo,Italian Barolo,https://vinewineltd.com/product/marchesi-di-barolo-barolo-1967/
Marchesi di Barolo Barolo 1971,$880.00 ,,Marchesi di Barolo,Nebbiolo,Italy / Northern Italy / Piemonte / Barolo,Italian Barolo,https://vinewineltd.com/product/marchesi-di-barolo-barolo-1971/
Marchesi di Barolo Barolo 1974,$880.00 ,images\Marchesi_di_Barolo_Barolo_1974.jpg,Marchesi di Barolo,Nebbiolo,Italy / Northern Italy / Piemonte / Barolo,Italian Barolo,https://vinewineltd.com/product/marchesi-di-barolo-barolo-1974/
Fratelli Minuto Barbaresco Riserva DOCG Piedmont 1967,$708.00 ,images\Fratelli_Minuto_Barbaresco_Riserva_DOCG_Piedmont_1967.jpg,Fratelli Minuto,Nebbiolo,Italy / Northern Italy / Piemonte / Barbaresco,Italian Barbaresco,https://vinewineltd.com/product/fratelli-minuto-barbaresco-riserva-docg-piedmont-1967/
Terre del Barolo Barolo 1978,$668.00 ,images\Terre_del_Barolo_Barolo_1978.jpg,Terre del Barolo,Nebbiolo,Italy / Northern Italy / Piemonte / Barolo,Italian Barolo,https://vinewineltd.com/product/terre-del-barolo-barolo-1978/
Bersano Barbaresco DOCG 1959,"$1,180.00 ",images\Bersano_Barbaresco_DOCG_1959.jpg,Bersano,Nebbiolo,Italy / Northern Italy / Piemonte / Barbaresco,Italian Barbaresco,https://vinewineltd.com/product/bersano-barbaresco-docg-1959/
Cantina Vignaioli Barbaresco 1974,$680.00 ,images\Cantina_Vignaioli_Barbaresco_1974.jpg,Cantina Vignaioli,Nebbiolo,Italy / Northern Italy / Piemonte / Barbaresco,Italian Barbaresco,https://vinewineltd.com/product/cantina-vignaioli-barbaresco-1974/
Cordero di Montezemolo Monfalletto Barolo DOCG 1968,$980.00 ,images\Cordero_di_Montezemolo_Monfalletto_Barolo_DOCG_1968.jpg,Cordero di Montezemolo,Nebbiolo,Italy / Northern Italy / Piemonte / Barolo,Italian Barolo,https://vinewineltd.com/product/cordero-di-montezemolo-monfalletto-barolo-docg-1968/
Fratelli Giacosa Barbaresco DOCG Piedmont 1971,$820.00 ,images\Fratelli_Giacosa_Barbaresco_DOCG_Piedmont_1971.jpg,Giacosa Fratelli,Nebbiolo,Italy / Northern Italy / Piemonte / Barbaresco,Italian Barbaresco,https://vinewineltd.com/product/fratelli-giacosa-barbaresco-docg-piedmont-1971/
Produttori del Barbaresco ‘Barbaresco DOCG’ Piedmont 1978,$980.00 ,images\Produttori_del_Barbaresco_‘Barbaresco_DOCG’_Piedmont_1978.jpg,Produttori del Barbaresco,Nebbiolo,Italy / Northern Italy / Piemonte / Barbaresco,Italian Barbaresco,https://vinewineltd.com/product/produttori-del-barbaresco-barbaresco-docg-piedmont-1978/
Ratti Barolo Marcenasco 1974,$599.00 ,images\Ratti_Barolo_Marcenasco_1974.jpg,,,,,https://vinewineltd.com/product/ratti-barolo-marcenasco-1974/
S. Biagio Barolo 1974,$699.00 ,images\S._Biagio_Barolo_1974.jpg,,Nebbiolo,Italy / Northern Italy / Piemonte / Barolo,Italian Barolo,https://vinewineltd.com/product/s-biagio-barolo-1974/
Scarpa Riserva Speciale Barolo DOCG Piedmont 1974,$848.00 ,images\Scarpa_Riserva_Speciale_Barolo_DOCG_Piedmont_1974.jpg,,,,,https://vinewineltd.com/product/scarpa-riserva-speciale-barolo-docg-piedmont-1974/
Enrico Serafino Barbaresco DOCG Piedmont 1969,$758.00 ,images\Enrico_Serafino_Barbaresco_DOCG_Piedmont_1969.jpg,Enrico Serafino,Nebbiolo,Italy / Northern Italy / Piemonte / Barbaresco,Italian Barbaresco,https://vinewineltd.com/product/enrico-serafino-barbaresco-docg-piedmont-1969/
Enrico Serafino Barolo DOCG 1967,$718.00 ,images\Enrico_Serafino_Barolo_DOCG_1967.jpg,Enrico Serafino,Nebbiolo,Italy / Northern Italy / Piemonte / Barolo,Italian Barolo,https://vinewineltd.com/product/enrico-serafino-barolo-docg-1967/
Enrico Serafino Passito Erbaluce Riserva Piedmont 1939,"$1,880.00 ",images\Enrico_Serafino_Passito_Erbaluce_Riserva_Piedmont_1939.jpg,Enrico Serafino,Erbaluce,Italy / Northern Italy / Piemonte,,https://vinewineltd.com/product/enrico-serafino-passito-erbaluce-riserva-piedmont-1939/
Ceretto Montefico Barbaresco DOCG 1968,$890.00 ,images\Ceretto_Montefico_Barbaresco_DOCG_1968.jpg,Ceretto,Nebbiolo,Italy / Northern Italy / Piemonte / Barbaresco,Italian Barbaresco,https://vinewineltd.com/product/ceretto-montefico-barbaresco-docg-1968/
Damilano Barolo 1974,$780.00 ,,Damilano,Nebbiolo,Italy / Northern Italy / Piemonte / Barolo,Italian Barolo,https://vinewineltd.com/product/damilano-barolo-1974/
Giacomo Borgogno & Figli Barolo Riserva DOCG Piedmont 1937,"$3,980.00 ",images\Giacomo_Borgogno_&_Figli_Barolo_Riserva_DOCG_Piedmont_1937.jpg,Borgogno,Nebbiolo,Italy / Northern Italy / Piemonte / Barolo,,https://vinewineltd.com/product/giacomo-borgogno-figli-barolo-riserva-docg-piedmont-1937/
Francesco Rinaldi & Figli Barbaresco DOCG Piedmont 1970,$798.00 ,images\Francesco_Rinaldi_&_Figli_Barbaresco_DOCG_Piedmont_1970.jpg,Francesco Rinaldi &amp; Figli,Nebbiolo,Italy / Northern Italy / Piemonte / Barbaresco,Italian Barbaresco,https://vinewineltd.com/product/francesco-rinaldi-figli-barbaresco-docg-piedmont-1970/
Gaja Grappa di Barolo,$788.00 ,images\Gaja_Grappa_di_Barolo.jpg,Gaja,Nebbiolo,Italy / Northern Italy / Piemonte / Barolo / Grappa di Barolo,,https://vinewineltd.com/product/gaja-grappa-di-barolo/
Gaja Grappa di Gaia & Rey,$620.00 ,images\Gaja_Grappa_di_Gaia_&_Rey.jpg,Gaja,Chardonnay,Italy / Northern Italy / Piemonte,,https://vinewineltd.com/product/gaja-grappa-di-gaia-rey/
Contratto Cuvee Novecento Metodo Classico Spumante Pas Dose Lombardy 2012,$360.00 ,images\Contratto_Cuvee_Novecento_Metodo_Classico_Spumante_Pas_Dose_Lombardy_2012.jpg,Contratto,"70% Pinot Nero, 30% Chardonnay",Italy / Northern Italy / Piemonte / Alta Langa,Italian Sparkling,https://vinewineltd.com/product/contratto-cuvee-novecento-metodo-classico-spumante-pas-dose-lombardy-2012/
Poderi Aldo Conterno Conca Tre Pile Barbera d’Alba Piedmont 2018,$318.00 ,images\Poderi_Aldo_Conterno_Conca_Tre_Pile_Barbera_d’Alba_Piedmont_2018.jpg,Aldo Conterno,Barbera,Italy / Northern Italy / Piemonte / Barbera d’Alba,Italian Barbera,https://vinewineltd.com/product/poderi-aldo-conterno-conca-tre-pile-barbera-dalba-piedmont-2018/
Conterno Fantino Vigna del Gris Barolo DOCG 2018,$598.00 ,images\Conterno_Fantino_Vigna_del_Gris_Barolo_DOCG_2018.jpg,Conterno Fantino,Nebbiolo,Italy / Northern Italy / Piemonte / Barolo,Italian Barolo,https://vinewineltd.com/product/conterno-fantino-vigna-del-gris-barolo-docg-2018/
Elvio Cogno Barolo Cascina Nuova Barolo DOCG 2017,$438.00 ,images\Elvio_Cogno_Barolo_Cascina_Nuova_Barolo_DOCG_2017.jpg,Elvio Cogno,Nebbiolo,Italy / Northern Italy / Piemonte / Barolo,Italian Barolo,https://vinewineltd.com/product/elvio-cogno-barolo-cascina-nuova-barolo-docg-2017/
Giordano Barbaresco 1986,$698.00 ,images\Giordano_Barbaresco_1986.jpg,Giordano,Nebbiolo,Italy / Northern Italy / Piemonte / Barbaresco,Italian Barbaresco,https://vinewineltd.com/product/giordano-barbaresco-1986/
Pio Cesare Barbaresco DOCG Piedmont 1978,$998.00 ,images\Pio_Cesare_Barbaresco_DOCG_Piedmont_1978.jpg,Pio Cesare,Nebbiolo,Italy / Northern Italy / Piemonte / Barbaresco,Italian Barbaresco,https://vinewineltd.com/product/pio-cesare-barbaresco-docg-piedmont-1978/
Cantina del Glicine Barbaresco Riserva Speciale Vigna del Marcorino 1985,$899.00 ,images\Cantina_del_Glicine_Barbaresco_Riserva_Speciale_Vigna_del_Marcorino_1985.jpg,Cantina del Glicine,Nebbiolo,Italy / Northern Italy / Piemonte / Barbaresco,Italian Barbaresco,https://vinewineltd.com/product/cantina-del-glicine-barbaresco-riserva-speciale-vigna-del-marcorino-1985/
Paolo Scavino Barolo DOCG 2018,$384.00 ,images\Paolo_Scavino_Barolo_DOCG_2018.jpg,Paolo Scavino,Nebbiolo,Italy / Northern Italy / Piemonte / Barolo,Italian Barolo,https://vinewineltd.com/product/paolo-scavino-barolo-docg-2018/
Cordero di Montezemolo Langhe Arneis Piedmont 2022,$288.00 ,images\Cordero_di_Montezemolo_Langhe_Arneis_Piedmont_2022.jpg,Cordero di Montezemolo,Arneis,Italy / Northern Italy / Piemonte / Langhe,Northern Italy White,https://vinewineltd.com/product/cordero-di-montezemolo-langhe-arneis-piedmont-2022/
Roberto Voerzio Cerreto Barbera d’Alba Piedmont 2019,$288.00 ,images\Roberto_Voerzio_Cerreto_Barbera_d’Alba_Piedmont_2019.jpg,Roberto Voerzio,Barbera,Italy / Northern Italy / Piemonte / Barbera d’Alba,Italian Barbera,https://vinewineltd.com/product/roberto-voerzio-cerreto-barbera-dalba-piedmont-2019/
Gaja Costa Russi Langhe-Barbaresco Piedmont 1978,"$5,480.00 ",images\Gaja_Costa_Russi_Langhe-Barbaresco_Piedmont_1978.jpg,Gaja,Nebbiolo,Italy / Northern Italy / Piemonte / Barbaresco,Italian Barbaresco,https://vinewineltd.com/product/gaja-costa-russi-langhe-barbaresco-piedmont-1978/
Beni di Batasiolo Barolo DOCG Piedmont 1985,$699.00 ,images\Beni_di_Batasiolo_Barolo_DOCG_Piedmont_1985.jpg,Beni di Batasiolo,Nebbiolo,Italy / Northern Italy / Piemonte / Barolo,Italian Barolo,https://vinewineltd.com/product/beni-di-batasiolo-barolo-docg-piedmont-1985/
Brezza Barolo DOCG Piedmont 1971,$788.00 ,images\Brezza_Barolo_DOCG_Piedmont_1971.jpg,Brezza,Nebbiolo,Italy / Northern Italy / Piemonte / Barolo,Italian Barolo,https://vinewineltd.com/product/brezza-barolo-docg-piedmont-1971/
Brezza Barolo DOCG Piedmont 1978,$798.00 ,images\Brezza_Barolo_DOCG_Piedmont_1978.jpg,Brezza,Nebbiolo,Italy / Northern Italy / Piemonte / Barolo,Italian Barolo,https://vinewineltd.com/product/brezza-barolo-docg-piedmont-1978/
Marchesi di Barolo ‘Barolo’ DOCG Piedmont 1945,"$2,680.00 ",images\Marchesi_di_Barolo_‘Barolo’_DOCG_Piedmont_1945.jpg,Marchesi di Barolo,Nebbiolo,Italy / Northern Italy / Piemonte / Barolo,Italian Barolo,https://vinewineltd.com/product/marchesi-di-barolo-barolo-docg-piedmont-1945/
Conterno Fantino ‘Ginestrino’ Langhe Nebbiolo Piedmont 2019,$249.00 ,images\Conterno_Fantino_‘Ginestrino’_Langhe_Nebbiolo_Piedmont_2019.jpg,Conterno Fantino,Nebbiolo,Italy / Northern Italy / Piemonte / Langhe,Italian Nebbiolo,https://vinewineltd.com/product/conterno-fantino-ginestrino-langhe-nebbiolo-piedmont-2019/
Domenico Clerico Arte Rosso Langhe Piedmont 2016,$320.00 ,images\Domenico_Clerico_Arte_Rosso_Langhe_Piedmont_2016.jpg,Domenico Clerico,"90% Nebbiolo, 10% Barbera",Italy/Northern Italy/Piemonte/Langhe,Northern Italy Red,https://vinewineltd.com/product/domenico-clerico-arte-rosso-langhe-piedmont-2016/
Sori della Sorba Langhe Nebbiolo Piedmont 2020,$436.00 ,images\Sori_della_Sorba_Langhe_Nebbiolo_Piedmont_2020.jpg,Sori della Sorba,Nebbiolo,Italy/ Northern Italy/ Piemonts/ Langhe,Italian Nebbiolo,https://vinewineltd.com/product/sori-della-sorba-langhe-nebbiolo-piedmont-2020/
Virna Borgogno ‘StoFuori’ Langhe Piedmont 2021,$288.00 ,images\Virna_Borgogno_‘StoFuori’_Langhe_Piedmont_2021.jpg,Virna,Timorasso,Italy / Northern Italy / Piemonte / Barolo,Northern Italy White,https://vinewineltd.com/product/virna-borgogno-stofuori-langhe-piedmont-2021/
Virna Borgogno Barolo del Comune di Barolo DOCG 2015,$528.00 ,images\Virna_Borgogno_Barolo_del_Comune_di_Barolo_DOCG_2015.jpg,Virna,Nebbiolo,Italy / Northern Italy / Piemonte / Barolo,Italian Barolo,https://vinewineltd.com/product/virna-borgogno-barolo-del-comune-di-barolo-docg-2015/
Virna Borgogno ‘Il’ Langhe Nebbiolo 2020,$278.00 ,images\Virna_Borgogno_‘Il’_Langhe_Nebbiolo_2020.jpg,Virna,Nebbiolo,Italy / Northern Italy / Piemonte / Langhe,Italian Nebbiolo,https://vinewineltd.com/product/virna-borgogno-il-langhe-nebbiolo-2020/
Virna Borgogno Sarmassa Barolo DOCG 2017,$698.00 ,images\Virna_Borgogno_Sarmassa_Barolo_DOCG_2017.jpg,Virna,Nebbiolo,Italy / Northern Italy / Piemonte / Barolo,Italian Barolo,https://vinewineltd.com/product/virna-borgogno-sarmassa-barolo-docg-2017/
Elvio Cogno ‘Anas-Cetta’ Langhe Nascetta di Novello Piedmont 2021,$218.00 ,images\Elvio_Cogno_‘Anas-Cetta’_Langhe_Nascetta_di_Novello_Piedmont_2021.jpg,Elvio Cogno,Nascetta,Italy/Northern Italy/Piemonte/Langhe,Northern Italy White,https://vinewineltd.com/product/elvio-cogno-anas-cetta-langhe-nascetta-di-novello-piedmont-2021/
Marchesi di Barolo Barbaresco DOCG Piedmont 1955,"$1,550.00 ",images\Marchesi_di_Barolo_Barbaresco_DOCG_Piedmont_1955.jpg,Marchesi di Barolo,Nebbiolo,Italy / Northern Italy / Piemonte / Barbaresco,Italian Barbaresco,https://vinewineltd.com/product/marchesi-di-barolo-barbaresco-docg-piedmont-1955/
Pio Cesare Barbaresco DOCG Piedmont 1955,$998.00 ,images\Pio_Cesare_Barbaresco_DOCG_Piedmont_1955.jpg,Pio Cesare,Nebbiolo,Italy / Northern Italy / Piemonte / Barbaresco,Italian Barbaresco,https://vinewineltd.com/product/pio-cesare-barbaresco-docg-piedmont-1955/
Franco Fiorina Barbaresco Riserva DOCG Piedmont 1978,$788.00 ,images\Franco_Fiorina_Barbaresco_Riserva_DOCG_Piedmont_1978.jpg,Stefano Farina,Nebbiolo,Italy / Northern Italy / Piemonte / Barbaresco,Italian Barbaresco,https://vinewineltd.com/product/franco-fiorina-barbaresco-riserva-docg-piedmont-1978/
Franco Fiorina Barbaresco Riserva DOCG Piedmont 1988,$788.00 ,images\Franco_Fiorina_Barbaresco_Riserva_DOCG_Piedmont_1988.jpg,Stefano Farina,Nebbiolo,Italy / Northern Italy / Piemonte / Barbaresco,Italian Barbaresco,https://vinewineltd.com/product/franco-fiorina-barbaresco-riserva-docg-piedmont-1988/
Giacomo Borgogno & Figli Barbaresco Riserva DOCG Piedmont 1952,"$1,480.00 ",,Borgogno,Nebbiolo,Italy / Northern Italy / Piemonte / Barbaresco,Italian Barbaresco,https://vinewineltd.com/product/giacomo-borgogno-figli-barbaresco-riserva-docg-piedmont-1952/
Giacomo Bologna Braida Bricco dell’ Uccellone Barbera d’Asti DOCG 2018,"$1,188.00 ",images\Giacomo_Bologna_Braida_Bricco_dell’_Uccellone_Barbera_d’Asti_DOCG_2018.jpg,Braida,100% Barbera,Italy / Northern Italy / Piemonte / Barbera d’Asti,Italian Barbera,https://vinewineltd.com/product/giacomo-bologna-braida-bricco-dell-uccellone-barbera-dasti-docg-2018/
Denegri Lorenzo Barolo Cavalieri del Tartufo 1974,"$1,999.00 ",images\Denegri_Lorenzo_Barolo_Cavalieri_del_Tartufo_1974.jpg,Denegri Lorenzo,Nebbiolo,Italy / Northern Italy / Piemonte / Barolo,Italian Barolo,https://vinewineltd.com/product/denegri-lorenzo-barolo-cavalieri-del-tartufo-1974/
Oddero Barolo Cavalieri del Tartufo 1979,"$1,999.00 ",images\Oddero_Barolo_Cavalieri_del_Tartufo_1979.jpg,Oddero,Nebbiolo,Italy / Northern Italy / Piemonte / Barolo,Italian Barolo,https://vinewineltd.com/product/oddero-barolo-cavalieri-del-tartufo-1979/
Antoniolo ‘Osso San Grato’ Gattinara DOCG 1990,$820.00 ,images\Antoniolo_‘Osso_San_Grato’_Gattinara_DOCG_1990.jpg,Antoniolo,Nebbiolo,Italy / Northern Italy / Piemonte / Gattinara,Italian Nebbiolo,https://vinewineltd.com/product/antoniolo-osso-san-grato-gattinara-docg-1990/
Gianni Gagliardo Da Batie Langhe Nebbiolo Piedmont 2019,$298.00 ,,Gianni Gagliardo,Nebbiolo,Italy / Northern Italy / Piemonte / Langhe,Italian Nebbiolo,https://vinewineltd.com/product/gianni-gagliardo-da-batie-langhe-nebbiolo-piedmont-2019/
Falletto di Bruno Giacosa Barbera d’Alba Piedmont 2019,$348.00 ,,Bruno Giacosa,100% Barbera,Italy / Northern Italy / Piemonte,Italian Barbera,https://vinewineltd.com/product/falletto-di-bruno-giacosa-barbera-dalba-piedmont-2019/
"Bruno Giacosa Barbaresco, Piedmont 2018",$998.00 ,,Bruno Giacosa,100% Nebbiolo,Italy / Northern Italy / Piemonte / Barbaresco,Italian Barbaresco,https://vinewineltd.com/product/bruno-giacosa-barbaresco-piedmont-2018/
Fratelli Serio & Battista Borgogno Cannubi Barolo Riserva DOCG 1985,$785.00 ,images\Fratelli_Serio_&_Battista_Borgogno_Cannubi_Barolo_Riserva_DOCG_1985.jpg,Fratelli Serio &amp; Battista Borgogno,Nebbiolo,Italy / Northern Italy / Piemonte / Barolo,Italian Barolo,https://vinewineltd.com/product/fratelli-serio-battista-borgogno-cannubi-barolo-riserva-docg-1985-2/
Cavallotto Riserva Barolo DOCG Piedmont 1964,"$2,680.00 ",images\Cavallotto_Riserva_Barolo_DOCG_Piedmont_1964.jpg,Cavallotto,Nebbiolo,Italy / Northern Italy / Piemonte / Barolo,Italian Barolo,https://vinewineltd.com/product/cavallotto-riserva-barolo-docg-piedmont-1964/
Produttori del Barbaresco ‘Barbaresco DOCG’ Piedmont 1971,$880.00 ,images\Produttori_del_Barbaresco_‘Barbaresco_DOCG’_Piedmont_1971.jpg,Produttori del Barbaresco,Nebbiolo,Italy / Northern Italy / Piemonte / Barbaresco,Italian Barbaresco,https://vinewineltd.com/product/produttori-del-barbaresco-barbaresco-docg-piedmont-1971/
Giuseppe Mascarello e Figlio Barolo DOCG Piedmont 1967,"$4,280.00 ",images\Giuseppe_Mascarello_e_Figlio_Barolo_DOCG_Piedmont_1967.jpg,Mascarello Giuseppe e Figlio,Nebbiolo,Italy / Northern Italy / Piemonte / Barolo,Italian Barolo,https://vinewineltd.com/product/giuseppe-mascarello-e-figlio-barolo-docg-piedmont-1967/
Giuseppe Mascarello e Figlio Barolo DOCG Piedmont 1964,"$4,080.00 ",images\Giuseppe_Mascarello_e_Figlio_Barolo_DOCG_Piedmont_1964.jpg,Mascarello Giuseppe e Figlio,Nebbiolo,Italy / Northern Italy / Piemonte / Barolo,Italian Barolo,https://vinewineltd.com/product/giuseppe-mascarello-e-figlio-barolo-docg-piedmont-1964/
Gianni Gagliardo ‘Madama’ Barbera d’Alba Piedmont 2017,$238.00 ,,Gianni Gagliardo,100% Barbera,Italy / Northern Italy / Piemonte,Italian Barbera,https://vinewineltd.com/product/gianni-gagliardo-madama-barbera-dalba-piedmont-2017/
Ferrero Barolo Classico Extra Vecchio 1955,$738.00 ,images\Ferrero_Barolo_Classico_Extra_Vecchio_1955.jpg,Ferrero,Nebbiolo,Italy / Northern Italy / Piemonte / Barolo,Italian Barolo,https://vinewineltd.com/product/ferrero-barolo-classico-extra-vecchio-1955/
Ferrero Barolo Classico Extra Vecchio 1968,$758.00 ,images\Ferrero_Barolo_Classico_Extra_Vecchio_1968.jpg,Ferrero,Nebbiolo,Italy / Northern Italy / Piemonte / Barolo,Italian Barolo,https://vinewineltd.com/product/ferrero-barolo-classico-extra-vecchio-1968/
Marcarini Brunate Barolo DOCG 1970,$880.00 ,images\Marcarini_Brunate_Barolo_DOCG_1970.jpg,Marcarini,Nebbiolo,Italy / Northern Italy / Piemonte / Barolo,Italian Barolo,https://vinewineltd.com/product/marcarini-brunate-barolo-docg-1970/
Renato Ratti Abbazia dell’ Annunziata Barolo DOCG 1964,$848.00 ,images\Renato_Ratti_Abbazia_dell’_Annunziata_Barolo_DOCG_1964.jpg,Renato Ratti,Nebbiolo,Italy / Northern Italy / Piemonte / Barolo,Italian Barolo,https://vinewineltd.com/product/renato-ratti-abbazia-dell-annunziata-barolo-docg-1964/
Gaja Sito Moresco Rosso Langhe 2020 (JR17),$480.00 ,images\Gaja_Sito_Moresco_Rosso_Langhe_2020_(JR17).jpg,Gaja,100% Nebbiolo,Italy / Northern Italy / Piemonte / Langhe,Northern Italy Red,https://vinewineltd.com/product/gaja-sito-moresco-rosso-langhe-2020-jr17/
Gaja Ca’Marcanda Grappa di Promis,$640.00 ,images\Gaja_Ca’Marcanda_Grappa_di_Promis.jpg,Gaja,,Italy / Northern Italy / Piemonte / Barbaresco / Grappa di Barbaresco,,https://vinewineltd.com/product/gaja-camarcanda-grappa-di-promis/
Conterno Fantino Sori Ginestra Barolo 2018,$668.00 ,images\Conterno_Fantino_Sori_Ginestra_Barolo_2018.jpg,Conterno Fantino,100% Nebbiolo,Italy / Northern Italy / Piemonte / Barolo,Italian Barolo,https://vinewineltd.com/product/conterno-fantino-sori-ginestra-barolo-2018/
Gianni Gagliardo ‘Paulin’ Dolcetto d’Alba 2018,$240.00 ,images\Gianni_Gagliardo_‘Paulin’_Dolcetto_d’Alba_2018.jpg,Gianni Gagliardo,Dolcetto,Italy / Northern Italy / Piemonte,Northern Italy Red,https://vinewineltd.com/product/gianni-gagliardo-paulin-dolcetto-dalba-2018/
Rocca Albino Barbaresco dai Vigneti Loreto e Brich Ronchi 1989,$880.00 ,images\Rocca_Albino_Barbaresco_dai_Vigneti_Loreto_e_Brich_Ronchi_1989.jpg,,,,,https://vinewineltd.com/product/rocca-albino-barbaresco-dai-vigneti-loreto-e-brich-ronchi-1989/
Manzone Giovanni Barolo Le Gramolere 1989,"$1,088.00 ",images\Manzone_Giovanni_Barolo_Le_Gramolere_1989.jpg,Manzone,Nebbiolo,Italy / Northern Italy / Piemonte / Barolo,Italian Barolo,https://vinewineltd.com/product/manzone-giovanni-barolo-le-gramolere-1989/
Manzone Giovanni Barolo Le Gramolere 1990,"$1,088.00 ",images\Manzone_Giovanni_Barolo_Le_Gramolere_1990.jpg,Manzone,Nebbiolo,Italy / Northern Italy / Piemonte / Barolo,Italian Barolo,https://vinewineltd.com/product/manzone-giovanni-barolo-le-gramolere-1990/
Elvio Cogno Barbera d’Alba Bricco dei Merli 2001,$488.00 ,images\Elvio_Cogno_Barbera_d’Alba_Bricco_dei_Merli_2001.jpg,Elvio Cogno,Barbera,Italy / Northern Italy / Piemonte / Barbera d’Alba,Italian Barbera,https://vinewineltd.com/product/elvio-cogno-barbera-dalba-bricco-dei-merli-2001/
Vigniaioli Piemontesi Barolo 1974,$588.00 ,images\Vigniaioli_Piemontesi_Barolo_1974.jpg,Noi Vignaioli Piemontesi,Nebbiolo,Italy / Northern Italy / Piemonte / Barolo,Italian Barolo,https://vinewineltd.com/product/vigniaioli-piemontesi-barolo-1974/
Bersano Barbaresco DOCG Riserva 1989,$880.00 ,images\Bersano_Barbaresco_DOCG_Riserva_1989.jpg,Bersano,Nebbiolo,Italy / Northern Italy / Piemonte / Barbaresco,Italian Barbaresco,https://vinewineltd.com/product/bersano-barbaresco-docg-riserva-1989/
Brovia Barolo DOCG Unio 2014,$413.00 ,images\Brovia_Barolo_DOCG_Unio_2014.jpg,Brovia,100% Nebbiolo,Italy / Northern Italy / Piemonte / Barolo,Italian Barolo,https://vinewineltd.com/product/brovia-barolo-docg-unio-2014/
Ceretto Bricco Asili ‘Asili’ Barbaresco DOCG 1997,"$1,260.00 ",images\Ceretto_Bricco_Asili_‘Asili’_Barbaresco_DOCG_1997.jpg,Ceretto,Nebbiolo,Italy / Northern Italy / Piemonte / Barbaresco,Italian Barbaresco,https://vinewineltd.com/product/ceretto-bricco-asili-asili-barbaresco-docg-1997/
Mascarello Giacomo Barolo DOCG 1996,$599.00 ,images\Mascarello_Giacomo_Barolo_DOCG_1996.jpg,Mascarello Giacomo,Nebbiolo,Italy / Northern Italy / Piemonte / Barolo,Italian Barolo,https://vinewineltd.com/product/mascarello-giacomo-barolo-docg-1996/
Banfi Vigne Regali ‘Tener’ Sauvignon – Chardonnay Spumante Brut NV,$145.00 ,images\Banfi_Vigne_Regali_‘Tener’_Sauvignon_–_Chardonnay_Spumante_Brut_NV.jpg,Banfi,"Chardonnay, Sauvignon Blanc",Italy / Northern Italy / Piemonte,Italian Sparkling,https://vinewineltd.com/product/banfi-vigne-regali-tener-sauvignon-chardonnay-spumante-brut-nv/
Banfi Vigne Regali ‘Rosa Regale’ Red Brachetto d’Acqui DOCG 2022,$195.00 ,images\Banfi_Vigne_Regali_‘Rosa_Regale’_Red_Brachetto_d’Acqui_DOCG_2022.jpg,Banfi,Brachetto,Italy / Northern Italy / Piemonte / Brachetto d’Acqui,Italian Sparkling,https://vinewineltd.com/product/banfi-vigne-regali-rosa-regale-red-brachetto-dacqui-docg-2022/
Acquesi ‘Marengo’ Piemonte Brut Piedmont NV,$158.00 ,images\Acquesi_‘Marengo’_Piemonte_Brut_Piedmont_NV.jpg,Acquesi,Cortese,Italy / Northern Italy / Piemonte,Italian Sparkling,https://vinewineltd.com/product/acquesi-piedmont-cortese-marengo-extra-brut-doc-nv/
Roberto Voerzio Cerreto Barbera d’Alba 2021,$330.00 ,images\Roberto_Voerzio_Cerreto_Barbera_d’Alba_2021.jpg,Roberto Voerzio,100% Barbera,Italy / Northern Italy / Piemonte / Barbera d’Alba,Italian Barbera,https://vinewineltd.com/product/roberto-voerzio-cerreto-barbera-dalba-2021/
Roberto Voerzio Barbera d’Asti Superiore 2021,$330.00 ,images\Roberto_Voerzio_Barbera_d’Asti_Superiore_2021.jpg,,,,,https://vinewineltd.com/product/roberto-voerzio-barbera-dasti-superiore-2021/
Roberto Voerzio Priavino Dolcetto d’Alba 2022,$248.00 ,images\Roberto_Voerzio_Priavino_Dolcetto_d’Alba_2022.jpg,,,,,https://vinewineltd.com/product/roberto-voerzio-priavino-dolcetto-dalba-2022/
Roberto Voerzio San Francesco Fontanazza Langhe Nebbiolo 2020,$320.00 ,images\Roberto_Voerzio_San_Francesco_Fontanazza_Langhe_Nebbiolo_2020.jpg,,,,,https://vinewineltd.com/product/roberto-voerzio-san-francesco-fontanazza-langhe-nebbiol-2020/
Cavallotto Langhe Nebbiolo 2007,$498.00 ,images\Cavallotto_Langhe_Nebbiolo_2007.jpg,Cavallotto,Nebbiolo,Italy / Northern Italy / Piemonte / Langhe,Italian Nebbiolo,https://vinewineltd.com/product/cavallotto-langhe-nebbiolo-2007/
Cordero di Montezemolo Barolo Monfalletto 1982,$928.00 ,images\Cordero_di_Montezemolo_Barolo_Monfalletto_1982.jpg,Cordero di Montezemolo,Nebbiolo,Italy / Northern Italy / Piemonte / Barolo,Italian Barolo,https://vinewineltd.com/product/cordero-di-montezemolo-barolo-monfalletto-1982/
Terre del Barolo Barolo 1959,$898.00 ,images\Terre_del_Barolo_Barolo_1959.jpg,Terre del Barolo,Nebbiolo,Italy / Northern Italy / Piemonte / Barolo,Italian Barolo,https://vinewineltd.com/product/terre-del-barolo-barolo-1959/
Terre del Barolo Barolo 1970,$798.00 ,images\Terre_del_Barolo_Barolo_1970.jpg,Terre del Barolo,Nebbiolo,Italy / Northern Italy / Piemonte / Barolo,Italian Barolo,https://vinewineltd.com/product/terre-del-barolo-barolo-1970/
Terre del Barolo Barolo 1979,$798.00 ,images\Terre_del_Barolo_Barolo_1979.jpg,Terre del Barolo,Nebbiolo,Italy / Northern Italy / Piemonte / Barolo,Italian Barolo,https://vinewineltd.com/product/terre-del-barolo-barolo-1979/
Damilano Barolo Riserva Speciale 1959,"$1,080.00 ",images\Damilano_Barolo_Riserva_Speciale_1959.jpg,Damilano,Nebbiolo,Italy / Northern Italy / Piemonte / Barolo,Italian Barolo,https://vinewineltd.com/product/damilano-barolo-riserva-speciale-1959/
Giacomo Borgogno & Figli Barbaresco Riserva DOCG Piedmont 1967,"$1,388.00 ",images\Giacomo_Borgogno_&_Figli_Barbaresco_Riserva_DOCG_Piedmont_1967.jpg,Borgogno,Nebbiolo,Italy / Northern Italy / Piemonte / Barbaresco,Italian Barbaresco,https://vinewineltd.com/product/giacomo-borgogno-figli-barbaresco-riserva-docg-piedmont-1967/
Avignonesi Capannelle Vino da Tavola Rosso 50 & 50 2000,"$1,298.00 ",images\Avignonesi_Capannelle_Vino_da_Tavola_Rosso_50_&_50_2000.jpg,,"Merlot, Sangiovese",Italy / Central Italy / Toscana,Tuscan Red,https://vinewineltd.com/product/avignonesi-capannelle-vino-da-tavola-rosso-50-50-2000/
Tenuta San Guido Sassicaia Bolgheri Tuscany 1999,"$3,580.00 ",images\Tenuta_San_Guido_Sassicaia_Bolgheri_Tuscany_1999.jpg,Tenuta San Guido,"Cabernet Sauvignon, Cabernet Franc",Italy / Central Italy / Toscana / Bolgheri / Bolgheri Sassicaia,Italian Bolgheri,https://vinewineltd.com/product/tenuta-san-guido-sassicaia-bolgheri-tuscany-1999/
Altesino Brunello di Montalcino Cosimo I Club delle Fattorie 1989,$658.00 ,images\Altesino_Brunello_di_Montalcino_Cosimo_I_Club_delle_Fattorie_1989.jpg,Altesino,Sangiovese,Italy / Central Italy / Toscana / Brunello di Montalcino,Italian Brunello,https://vinewineltd.com/product/altesino-brunello-di-montalcino-1989/
Villa Poggio Salvi Brunello di Montalcino DOCG 2003,$499.00 ,images\Villa_Poggio_Salvi_Brunello_di_Montalcino_DOCG_2003.jpg,Villa Poggio Salvi,Sangiovese,Italy / Central Italy / Toscana / Brunello di Montalcino,Italian Brunello,https://vinewineltd.com/product/villa-poggio-salvi-brunello-di-montalcino-docg-2003/
Tenuta Ornellaia ‘Le Serre Nuove dell’Ornellaia’ Bolgheri Rosso Tuscany 2005,$658.00 ,images\Tenuta_Ornellaia_‘Le_Serre_Nuove_dell’Ornellaia’_Bolgheri_Rosso_Tuscany_2005.jpg,Ornellaia,"50% Merlot, 35% Cabernet Sauvignon, 10% Cabernet Franc, 5% Petit Verdot",Italy / Central Italy / Toscana / Bolgheri,Italian Bolgheri,https://vinewineltd.com/product/tenuta-ornellaia-le-serre-nuove-dellornellaia-bolgheri-rosso-tuscany-2005/
Badia a Coltibuono Chianti Classico DOCG 2021,$218.00 ,images\Badia_a_Coltibuono_Chianti_Classico_DOCG_2021.jpg,,,,Italian Chianti Classico Red,https://vinewineltd.com/product/badia-a-coltibuono-chianti-classico-docg-2021/
Altesino Brunello di Montalcino 2018,$388.00 ,images\Altesino_Brunello_di_Montalcino_2018.jpg,Altesino,100% Sangiovese,Italy / Central Italy / Toscana / Brunello di Montalcino,Italian Brunello,https://vinewineltd.com/product/altesino-brunello-di-montalcino-2018/
Badia a Coltibuono Chianti Classico Riserva DOCG Tuscany 2019,$288.00 ,images\Badia_a_Coltibuono_Chianti_Classico_Riserva_DOCG_Tuscany_2019.jpg,Badia a Coltibuono,Sangiovese,Italy / Central Italy / Toscana / Chianti / Chianti Classico,Italian Chianti Classico Red,https://vinewineltd.com/product/badia-a-coltibuono-chianti-classico-riserva-docg-tuscany-2019/
Fattoria Nittardi ‘BEN’ Vermentino Toscana IGT Tuscany 2021,$200.00 ,images\Fattoria_Nittardi_‘BEN’_Vermentino_Toscana_IGT_Tuscany_2021.jpg,Nittardi,Vermentino,Italy / Central Italy / Toscana / Maremma Toscana,Central Italy White,https://vinewineltd.com/product/fattoria-nittardi-ben-vermentino-toscana-igt-tuscany-2021/
Fattoria Nittardi Ad Astra Maremma Toscana Tuscany 2019,$258.00 ,,Nittardi,"50% Sangiovese, 25% Cabernet Sauvignon, 25% Cabernet Franc",Italy / Central Italy / Toscana / Maremma Toscana,Tuscan Red,https://vinewineltd.com/product/fattoria-nittardi-ad-astra-maremma-toscana-tuscany-2019/
Ciacci Piccolomini d’Aragona ‘Fabius’ Rosso Sant’Antimo 2017,$228.00 ,images\Ciacci_Piccolomini_d’Aragona_‘Fabius’_Rosso_Sant’Antimo_2017.jpg,Ciacci Piccolomini d’Aragona,100% Sangiovese,Italy / Central Italy / Toscana / Rosso di Montalcino,Tuscan Red,https://vinewineltd.com/product/ciacci-piccolomini-daragona-fabius-rosso-santantimo-2017/
Antinori Bolgheri DOC Rosso Guado al Tasso 1997,"$1,280.00 ",images\Antinori_Bolgheri_DOC_Rosso_Guado_al_Tasso_1997.jpg,Antinori,,Italy / Central Italy / Toscana / Bolgheri,Italian Bolgheri,https://vinewineltd.com/product/antinori-bolgheri-doc-rosso-guado-al-tasso-1997/
Conti Costanti Rosso di Montalcino Tuscany 2018,$368.00 ,images\Conti_Costanti_Rosso_di_Montalcino_Tuscany_2018.jpg,Conti Costanti,100% Sangiovese,Italy / Central Italy / Toscana / Rosso di Montalcino,Tuscan Red,https://vinewineltd.com/product/conti-costanti-rosso-di-montalcino-tuscany-2018/
Col d’Orcia Brunello di Montalcino DOCG 1975,$758.00 ,images\Col_d’Orcia_Brunello_di_Montalcino_DOCG_1975.jpg,Col d’Orcia,Sangiovese,Italy / Central Italy / Toscana / Brunello di Montalcino,Italian Brunello,https://vinewineltd.com/product/col-dorcia-brunello-di-montalcino-docg-1975/
Frescobaldi Brunello di Montalcino DOCG Castelgiocondo 1982,$998.00 ,images\Frescobaldi_Brunello_di_Montalcino_DOCG_Castelgiocondo_1982.jpg,Frescobaldi,Sangiovese,Italy / Central Italy / Toscana / Brunello di Montalcino,Italian Brunello,https://vinewineltd.com/product/frescobaldi-brunello-di-montalcino-docg-castelgiocondo-1982/
La Poderina Brunello di Montalcino DOCG 1988,$668.00 ,images\La_Poderina_Brunello_di_Montalcino_DOCG_1988.jpg,La Poderina,Sangiovese,Italy / Central Italy / Toscana / Brunello di Montalcino,Italian Brunello,https://vinewineltd.com/product/la-poderina-brunello-di-montalcino-docg-1988/
"Barone Ricasoli, Brolio Chianti Classico 2021",$188.00 ,"images\Barone_Ricasoli,_Brolio_Chianti_Classico_2021.jpg",Ricasoli,Sangiovese,Italy / Central Italy / Toscana / Chianti / Chianti Classico,Italian Chianti Classico Red,https://vinewineltd.com/product/barone-ricasoli-brolio-chianti-classico-2021/
Valdicava Brunello di Montalcino 2017,"$1,060.00 ",images\Valdicava_Brunello_di_Montalcino_2017.jpg,Valdicava,Sangiovese,Italy / Central Italy / Toscana / Brunello di Montalcino,Italian Brunello,https://vinewineltd.com/product/valdicava-brunello-di-montalcino-2017/
Banfi Brunello di Montalcino 1999,$898.00 ,images\Banfi_Brunello_di_Montalcino_1999.jpg,Banfi,Sangiovese,Italy / Central Italy / Toscana / Brunello di Montalcino,Italian Brunello,https://vinewineltd.com/product/banfi-brunello-di-montalcino-1999/
Banfi Brunello di Montalcino 2000,$838.00 ,images\Banfi_Brunello_di_Montalcino_2000.jpg,Banfi,Sangiovese,Italy / Central Italy / Toscana / Brunello di Montalcino,Italian Brunello,https://vinewineltd.com/product/banfi-brunello-di-montalcino-2000/
Caparzo Brunello di Montalcino La Casa 1988,$788.00 ,images\Caparzo_Brunello_di_Montalcino_La_Casa_1988.jpg,Caparzo,Sangiovese,Italy / Central Italy / Toscana / Brunello di Montalcino,Italian Brunello,https://vinewineltd.com/product/caparzo-brunello-di-montalcino-la-casa-1988/
Caparzo Brunello di Montalcino La Casa 1993,$688.00 ,images\Caparzo_Brunello_di_Montalcino_La_Casa_1993.jpg,Caparzo,Sangiovese,Italy / Central Italy / Toscana / Brunello di Montalcino,Italian Brunello,https://vinewineltd.com/product/caparzo-brunello-di-montalcino-la-casa-1993/
Nardi Silvio Brunello di Montalcino 1971,$728.00 ,images\Nardi_Silvio_Brunello_di_Montalcino_1971.jpg,Tenute Silvio Nardi,Sangiovese,Italy / Central Italy / Toscana / Brunello di Montalcino,Italian Brunello,https://vinewineltd.com/product/nardi-silvio-brunello-di-montalcino-1971/
Poggio alle Mura Brunello di Montalcino 1974,"$1,280.00 ",images\Poggio_alle_Mura_Brunello_di_Montalcino_1974.jpg,Banfi,Sangiovese,Italy / Central Italy / Toscana / Brunello di Montalcino,Italian Brunello,https://vinewineltd.com/product/poggio-alle-mura-brunello-di-montalcino-1974/
San Felice Campogiovanni Brunello di Montalcino DOCG Tuscany 1983,$698.00 ,images\San_Felice_Campogiovanni_Brunello_di_Montalcino_DOCG_Tuscany_1983.jpg,San Felice,Sangiovese,Italy / Central Italy / Toscana / Brunello di Montalcino,Italian Brunello,https://vinewineltd.com/product/san-felice-campogiovanni-brunello-di-montalcino-docg-tuscany-1983/
Casanova di Neri Pietradonice 2017,$662.00 ,images\Casanova_di_Neri_Pietradonice_2017.jpg,Casanova di Neri,Merlot,Italy / Toscana,Tuscan Red,https://vinewineltd.com/product/casanova-di-neri-pietradonice-2017/
Fattoria La Massa ‘La Massa’ Toscana IGT Tuscany 2018,$190.00 ,images\Fattoria_La_Massa_‘La_Massa’_Toscana_IGT_Tuscany_2018.jpg,La Massa,"Merlot, Sangiovese, Cabernet Sauvignon",Italy / Central Italy / Toscana,Tuscan Red,https://vinewineltd.com/product/fattoria-la-massa-la-massa-toscana-igt-tuscany-2018/
Castello Banfi Rosso di Montalcino Tuscany 2018/2019,$225.00 ,images\Castello_Banfi_Rosso_di_Montalcino_Tuscany_2018_2019.jpg,Banfi,100% Sangiovese,Italy / Central Italy / Toscana / Rosso di Montalcino,Tuscan Red,https://vinewineltd.com/product/castello-banfi-rosso-di-montalcino-tuscany-2018-2019/
Tenuta San Guido Sassicaia Bolgheri Tuscany 1981,"$3,980.00 ",images\Tenuta_San_Guido_Sassicaia_Bolgheri_Tuscany_1981.jpg,Tenuta San Guido,"Cabernet Franc, Cabernet Sauvignon",Italy / Central Italy / Toscana / Bolgheri / Bolgheri Sassicaia,Italian Bolgheri,https://vinewineltd.com/product/tenuta-san-guido-sassicaia-bolgheri-tuscany-1981/
Tenuta Sette Ponti Oreno Toscana IGT 2001,$810.00 ,images\Tenuta_Sette_Ponti_Oreno_Toscana_IGT_2001.jpg,Tenuta Sette Ponti,Merlot,Italy / Central Italy / Toscana,Tuscan Red,https://vinewineltd.com/product/tenuta-sette-ponti-oreno-toscana-igt-2001/
Castello Banfi Pinot Grigio San Angelo Toscana IGT Tuscany 2018,$209.00 ,images\Castello_Banfi_Pinot_Grigio_San_Angelo_Toscana_IGT_Tuscany_2018.jpg,Banfi,100% Pinot Grigio,Italy / Central Italy / Toscana,Central Italy White,https://vinewineltd.com/product/castello-banfi-pinot-grigio-san-angelo-toscana-igt-tuscany-2018/
Siro Pacenti Pelagrilli Brunello di Montalcino 2018,$450.00 ,images\Siro_Pacenti_Pelagrilli_Brunello_di_Montalcino_2018.jpg,,,,,https://vinewineltd.com/product/siro-pacenti-pelagrilli-brunello-di-montalcino-2018-js95-falstaff94-ws93/
Gaja Rennina Grappa Brunello di Montalcino Tuscany (500ml),$605.00 ,images\Gaja_Rennina_Grappa_Brunello_di_Montalcino_Tuscany_(500ml).jpg,Gaja,Sangiovese,Italy / Central Italy / Toscana / Brunello di Montalcino / Grappa di Brunello,,https://vinewineltd.com/product/gaja-rennina-grappa-brunello-di-montalcino-tuscany-500ml/
Valdicava Brunello di Montalcino DOCG Tuscany 2013,$718.00 ,images\Valdicava_Brunello_di_Montalcino_DOCG_Tuscany_2013.jpg,Valdicava,100% Sangiovese,Italy / Central Italy / Toscana / Brunello di Montalcino,Italian Brunello,https://vinewineltd.com/product/valdicava-brunello-di-montalcino-docg-tuscany-2013/
Luigi Cecchi & Figli Brunello di Montalcino 1995,$698.00 ,images\Luigi_Cecchi_&_Figli_Brunello_di_Montalcino_1995.jpg,Luigi Cecchi &amp; Figli,Sangiovese,Italy / Central Italy / Toscana / Brunello di Montalcino,Italian Brunello,https://vinewineltd.com/product/luigi-cecchi-figli-brunello-di-montalcino-1995/
Fattoria La Lecciaia Brunello di Montalcino DOCG Tuscany 1988,"$1,080.00 ",images\Fattoria_La_Lecciaia_Brunello_di_Montalcino_DOCG_Tuscany_1988.jpg,La Lecciaia,Sangiovese,Italy / Central Italy / Toscana / Brunello di Montalcino,Italian Brunello,https://vinewineltd.com/product/fattoria-la-lecciaia-brunello-di-montalcino-docg-tuscany-1988/
Le Chiuse Brunello di Montalcino DOCG 2015,"$3,248.00 ",images\Le_Chiuse_Brunello_di_Montalcino_DOCG_2015.jpg,Le Chiuse,100% Sangiovese,Italy / Toscana / Brunello di Montalcino,Italian Brunello,https://vinewineltd.com/product/le-chiuse-brunello-di-montalcino-docg-2015/
Tenuta Col d’Orcia Brunello di Montalcino DOCG Tuscany 1980,$758.00 ,images\Tenuta_Col_d’Orcia_Brunello_di_Montalcino_DOCG_Tuscany_1980.jpg,Col d’Orcia,,Italy / Central Italy / Toscana / Brunello di Montalcino,Italian Brunello,https://vinewineltd.com/product/tenuta-col-dorcia-brunello-di-montalcino-docg-tuscany-1980/
Poggio San Polo Rosso di Montalcino Tuscany 2019,$288.00 ,images\Poggio_San_Polo_Rosso_di_Montalcino_Tuscany_2019.jpg,San Polo,Sangiovese,Italy / Central Italy / Toscana / Rosso di Montalcino,Tuscan Red,https://vinewineltd.com/product/poggio-san-polo-rosso-di-montalcino-tuscany-2019/
Poggio San Polo Brunello di Montalcino DOCG Tuscany 2018,$648.00 ,images\Poggio_San_Polo_Brunello_di_Montalcino_DOCG_Tuscany_2018.jpg,San Polo,Sangiovese,Italy / Central Italy / Toscana / Brunello di Montalcino,Italian Brunello,https://vinewineltd.com/product/poggio-san-polo-brunello-di-montalcino-docg-tuscany-2018/
Canalicchio di Sopra Brunello di Montalcino DOCG Tuscany 2018,$498.00 ,images\Canalicchio_di_Sopra_Brunello_di_Montalcino_DOCG_Tuscany_2018.jpg,Canalicchio di Sopra,Sangiovese,Italy / Central Italy / Toscana / Brunello di Montalcino,Italian Brunello,https://vinewineltd.com/product/canalicchio-di-sopra-brunello-di-montalcino-docg-tuscany-2018/
Fontodi Flaccianello della Pieve Colli della Toscana Centrale IGT 1997 (1x300cl),"$7,280.00 ",images\Fontodi_Flaccianello_della_Pieve_Colli_della_Toscana_Centrale_IGT_1997_(1x300cl).jpg,Fontodi,Sangiovese,Italy / Central Italy / Toscana / Colli della Toscana Centrale,Tuscan Red,https://vinewineltd.com/product/fontodi-flaccianello-della-pieve-colli-della-toscana-centrale-igt-1997/
San Lorenzo Brunello di Montalcino Bramante 2010,$499.00 ,images\San_Lorenzo_Brunello_di_Montalcino_Bramante_2010.jpg,Sanlorenzo,Sangiovese,Italy / Central Italy / Toscana / Brunello di Montalcino,Italian Brunello,https://vinewineltd.com/product/san-lorenzo-brunello-di-montalcino-bramante-2010/
Tenuta Luce Brunello di Montalcino DOCG Tuscany 2017,$628.00 ,images\Tenuta_Luce_Brunello_di_Montalcino_DOCG_Tuscany_2017.jpg,Tenuta Luce,Sangiovese,Italy / Central Italy / Toscana / Brunello di Montalcino,Italian Brunello,https://vinewineltd.com/product/tenuta-luce-brunello-di-montalcino-docg-tuscany-2017/
Ruffino Greppone Mazzi Riserva Brunello di Montalcino DOCG 1983,$998.00 ,images\Ruffino_Greppone_Mazzi_Riserva_Brunello_di_Montalcino_DOCG_1983.jpg,Ruffino,Sangiovese,Italy / Central Italy / Toscana / Brunello di Montalcino,Italian Brunello,https://vinewineltd.com/product/ruffino-greppone-mazzi-riserva-brunello-di-montalcino-docg-1983/
Castello Banfi Poggio all’Oro Riserva Brunello di Montalcino DOCG 1995,"$1,680.00 ",images\Castello_Banfi_Poggio_all’Oro_Riserva_Brunello_di_Montalcino_DOCG_1995.jpg,,Sangiovese,Italy / Central Italy / Toscana / Brunello di Montalcino,Italian Brunello,https://vinewineltd.com/product/castello-banfi-poggio-alloro-riserva-brunello-di-montalcino-docg-1995/
Poggio Argentiera Capatosta Morellino di Scansano Riserva DOCG 2019,$198.00 ,images\Poggio_Argentiera_Capatosta_Morellino_di_Scansano_Riserva_DOCG_2019.jpg,Poggio Argentiera,Sangiovese,Italy / Central Italy / Toscana,Tuscan Red,https://vinewineltd.com/product/poggio-argentiera-capatosta-morellino-di-scansano-riserva-docg-2019/
Poggio Argentiera ‘Poggioraso’ Cabernet Franc Toscana IGT 2019,$328.00 ,images\Poggio_Argentiera_‘Poggioraso’_Cabernet_Franc_Toscana_IGT_2019.jpg,,,,,https://vinewineltd.com/product/poggio-argentiera-poggioraso-cabernet-franc-toscana-igt-2019/
Passopisciaro Contrada P Porcaria Sicily 2017,$658.00 ,images\Passopisciaro_Contrada_P_Porcaria_Sicily_2017.jpg,Tenuta di Trinoro,Nerello Mascalese,Italy/Sicily/ Etna,Italy Rouge,https://vinewineltd.com/product/passopisciaro-contrada-p-porcaria-sicily-2017/
IDDA Sicilia (by Gaja) 2022,$392.00 ,images\IDDA_Sicilia_(by_Gaja)_2022.jpg,Gaja,Carricante,Italy / Southern Italy / Terre Siciliane / Sicilia,Southern Italy White,https://vinewineltd.com/product/idda-sicilia-by-gaja-2022/
Azienda Agricola Sciara Etna Ubriaco sulla Luna 2021,$420.00 ,images\Azienda_Agricola_Sciara_Etna_Ubriaco_sulla_Luna_2021.jpg,Azienda Agricola Sciara,Carricante,Italy / Southern Italy / Terre Siciliane / Etna,Southern Italy White,https://vinewineltd.com/product/azienda-agricola-sciara-etna-ubriaco-sulla-luna-2021/
Azienda Agricola Sciara Etna 760 metri 2018,$448.00 ,images\Azienda_Agricola_Sciara_Etna_760_metri_2018.jpg,Azienda Agricola Sciara,,Italy / Southern Italy / Terre Siciliane / Etna,Southern Italy Red,https://vinewineltd.com/product/azienda-agricola-sciara-etna-760-metri-2018/
Azienda Agricola Sciara Etna 980 metri 2018,$620.00 ,images\Azienda_Agricola_Sciara_Etna_980_metri_2018.jpg,Azienda Agricola Sciara,Nerello Mascalese,Italy / Southern Italy / Terre Siciliane / Etna,Southern Italy Red,https://vinewineltd.com/product/azienda-agricola-sciara-etna-980-metri-2018/
Azienda Agricola Sciara Etna 1200 metri 2021,$768.00 ,images\Azienda_Agricola_Sciara_Etna_1200_metri_2021.jpg,Azienda Agricola Sciara,,Italy / Southern Italy / Terre Siciliane,Southern Italy Red,https://vinewineltd.com/product/azienda-agricola-sciara-etna-1200-metri-2021/
Montevetrano di Silvia Imparato Colli di Salerno IGT Campania 1999,$850.00 ,images\Montevetrano_di_Silvia_Imparato_Colli_di_Salerno_IGT_Campania_1999.jpg,Montevetrano,Aglianico,Italy / Campania / Colli di Salerno,Southern Italy Red,https://vinewineltd.com/product/montevetrano-di-silvia-imparato-colli-di-salerno-igt-campania-1999/
De Castris Leone Five Roses 1946,$648.00 ,images\De_Castris_Leone_Five_Roses_1946.jpg,Leone de Castris,"Negroamaro, Malvasia Nera",Italy / Southern Italy / Puglia / Salento,Southern Italy Rosé,https://vinewineltd.com/product/de-castris-leone-five-roses-1946/
Bellavista ‘Alma’ Cuvee Brut Franciacorta DOCG NV,$298.00 ,images\Bellavista_‘Alma’_Cuvee_Brut_Franciacorta_DOCG_NV.jpg,Bellavista,"Pinot Nero, Chardonnay",Italy / Northern Italy / Lombardia / Franciacorta,Italian Franciacorta Sparkling,https://vinewineltd.com/product/bellavista-alma-cuvee-brut-franciacorta-docg-nv/
Bellavista Vittorio Moretti ‘Teatro La Scala’ Brut Franciacorta DOCG 2017,$395.00 ,images\Bellavista_Vittorio_Moretti_‘Teatro_La_Scala’_Brut_Franciacorta_DOCG_2017.jpg,Bellavista,"Chardonnay, Pinot Noir",Italy / Northern Italy / Lombardia / Franciacorta,Italian Franciacorta Sparkling,https://vinewineltd.com/product/bellavista-vittorio-moretti-teatro-la-scala-brut-franciacorta-docg-2017/
Livio Felluga Curubella Pinot Grigio Colli Orientali del Friuli 2020,$330.00 ,images\Livio_Felluga_Curubella_Pinot_Grigio_Colli_Orientali_del_Friuli_2020.jpg,Livio Felluga,Pinot Grigio,Italy / Northern Italy / Friuli-Venezia Giulia / Colli Orientali del Friuli,Northern Italy Pinot Grigio,https://vinewineltd.com/product/livio-felluga-curubella-pinot-grigio-colli-orientali-del-friuli-2020/
Franco Fiorina Barbaresco Riserva DOCG Piedmont 1974,$728.00 ,images\Franco_Fiorina_Barbaresco_Riserva_DOCG_Piedmont_1974.jpg,Stefano Farina,Nebbiolo,Italy / Northern Italy / Piemonte / Barbaresco,Italian Barbaresco,https://vinewineltd.com/product/franco-fiorina-barbaresco-riserva-docg-piedmont-1974/
Altesino Brunello di Montalcino Cosimo I Club delle Fattorie 1986,$658.00 ,images\Altesino_Brunello_di_Montalcino_Cosimo_I_Club_delle_Fattorie_1986.jpg,Altesino,Sangiovese,Italy / Central Italy/ Brunello di Montalcino,Italian Brunello,https://vinewineltd.com/product/altesino-brunello-di-montalcino-cosimo-i-club-delle-fattorie-1986/
F.X. Pichler Durnsteiner Riesling Smaragd Wachau 2018,$318.00 ,images\F.X._Pichler_Durnsteiner_Riesling_Smaragd_Wachau_2018.jpg,F.X. Pichler,Riesling,Austria / Weinland / Niederösterreich / Wachau,Austrian Riesling,https://vinewineltd.com/product/f-x-pichler-durnsteiner-riesling-smaragd-wachau-2018/
Domane Wachau – Freie Weingartner Achleiten Riesling Smaragd Wachau 2020,$295.00 ,images\Domane_Wachau_–_Freie_Weingartner_Achleiten_Riesling_Smaragd_Wachau_2020.jpg,Prager,100% Riesling,Austria / Weinland / Niederösterreich / Wachau,Austrian Riesling,https://vinewineltd.com/product/domane-wachau-freie-weingartner-achleiten-riesling-smaragd-wachau-2020/
Domäne Wachau Riesling Federspiel Terrassen 2021,$158.00 ,images\Domäne_Wachau_Riesling_Federspiel_Terrassen_2021.jpg,Domäne Wachau,100% Riesling,Austria / Weinland / Niederösterreich / Wachau,Austrian Riesling,https://vinewineltd.com/product/domane-wachau-riesling-federspiel-terrassen-2021/
Domane Wachau – Freie Weingartner Kellerberg Gruner Veltliner Smaragd 1997,$768.00 ,images\Domane_Wachau_–_Freie_Weingartner_Kellerberg_Gruner_Veltliner_Smaragd_1997.jpg,Domäne Wachau,Grüner Veltliner,Austria / Weinland / Lower Austria / Wachau,Grüner Veltliner from Austria,https://vinewineltd.com/product/domane-wachau-freie-weingartner-kellerberg-gruner-veltliner-smaragd-1997/
Domane Wachau Gruner Veltliner Terrassen Smaragd 2019,$320.00 ,images\Domane_Wachau_Gruner_Veltliner_Terrassen_Smaragd_2019.jpg,Domäne Wachau,100% Grüner Veltliner,Austria / Weinland / Niederösterreich / Wachau,Austrian Grüner Veltliner,https://vinewineltd.com/product/domane-wachau-gruner-veltliner-terrassen-smaragd-2019/
Oremus Tokaji Aszu 3 Puttonyos 2016,$308.00 ,images\Oremus_Tokaji_Aszu_3_Puttonyos_2016.jpg,Oremus,"Hárslevelű, Furmint",Hungary / Tokaj,Hungarian Tokaji Aszú,https://vinewineltd.com/product/oremus-tokaji-aszu-3-puttonyos-2016/
Oremus Tokaji Aszu 6 Puttonyos 2007,$568.00 ,images\Oremus_Tokaji_Aszu_6_Puttonyos_2007.jpg,,,,,https://vinewineltd.com/product/oremus-tokaji-aszu-6-puttonyos-2007/
Oremus Tokaji Aszu 6 Puttonyos 2013,$658.00 ,images\Oremus_Tokaji_Aszu_6_Puttonyos_2013.jpg,,,,,https://vinewineltd.com/product/oremus-tokaji-aszu-6-puttonyos-2013/
Kopke dry white port NV,$178.00 ,images\Kopke_dry_white_port_NV.jpg,Kopke,100% Malvasia,Portugal / Northern Portugal / Duriense / Porto,White Port,https://vinewineltd.com/product/kopke-dry-white-port-nv/
Kopke 20 Years Old Port NV,$478.00 ,images\Kopke_20_Years_Old_Port_NV.jpg,Kopke,"Touriga Franca, Tinta Roriz, Touriga Nacional",Portugal / Northern Portugal / Duriense / Porto,Tawny Port,https://vinewineltd.com/product/kopke-20-years-old-port-nv/
Quinta do Noval Porto Vintage 2018,$588.00 ,images\Quinta_do_Noval_Porto_Vintage_2018.jpg,Quinta do Noval,Touriga Francesa,Portugal / Northern Portugal / Duriense / Porto,Late Bottled Vintage Port,https://vinewineltd.com/product/quinta-do-noval-porto-vintage-2018/
Kopke Vintage Port 2002,$478.00 ,images\Kopke_Vintage_Port_2002.jpg,,,,,https://vinewineltd.com/product/kopke-vintage-port-2002/
Jorge Ordonez & Co. No. 2 Victoria Moscatel Malaga 2015,$233.00 ,images\Jorge_Ordonez_&_Co._No._2_Victoria_Moscatel_Malaga_2015.jpg,orge Ordóñez,100% Muscat of Alexandria,Spain / Andalucía / Málaga,,https://vinewineltd.com/product/jorge-ordonez-co-no-2-victoria-moscatel-malaga-2015/
Vega Sicilia Alion Ribera del Duero 2019,$598.00 ,images\Vega_Sicilia_Alion_Ribera_del_Duero_2019.jpg,Vega Sicilia,Tempranillo,Spain / Castilla y Leon / Ribera del Duero,,https://vinewineltd.com/product/vega-sicilia-alion-ribera-del-duero-2019/
Benjamin Rothschild & Vega Sicilia Macan 2017,$689.00 ,images\Benjamin_Rothschild_&_Vega_Sicilia_Macan_2017.jpg,Benjamin de Rothschild – Vega Sicilia,100% Tempranillo,Spain / Rioja,Spanish Rioja Red,https://vinewineltd.com/product/benjamin-rothschild-vega-sicilia-macan-2017/
Bodegas Neo ‘Neo’ Ribera del Duero 2019,$288.00 ,images\Bodegas_Neo_‘Neo’_Ribera_del_Duero_2019.jpg,Neo,Tempranillo,Spain / Castilla y León / Ribera del Duero,Spanish Ribera Del Duero Red,https://vinewineltd.com/product/bodegas-neo-neo-ribera-del-duero-2019-2/
Jorge Ordonez & Co. No. 1 Seleccion Especial Malaga 2021,$199.00 ,images\Jorge_Ordonez_&_Co._No._1_Seleccion_Especial_Malaga_2021.jpg,Jorge Ordóñez,100% Moscatel de Alejandría,Spain / Andalucía / Málaga,,https://vinewineltd.com/product/jorge-ordonez-co-no-1-seleccion-especial-malaga-2021/
Jorge Ordonez & Co. No 4 Esencia Malaga 2011,$558.00 ,images\Jorge_Ordonez_&_Co._No_4_Esencia_Malaga_2011.jpg,Jorge Ordóñez,Moscatel de Alejandría,Spain / Andalucía / Málaga,,https://vinewineltd.com/product/jorge-ordonez-co-no-4-esencia-malaga-2011/
CVNE Vinedos del Contino ‘Contino’ Reserva Rioja DOCa 2020,$310.00 ,images\CVNE_Vinedos_del_Contino_‘Contino’_Reserva_Rioja_DOCa_2020.jpg,Contino,"Garnacha, Tempranillo, Graciano",Spain / Rioja,Spanish Rioja Red,https://vinewineltd.com/product/cvne-vinedos-del-contino-contino-reserva-rioja-doca-2020/
CVNE ‘Real de Asua’ Rioja DOCa 2016,$568.00 ,images\CVNE_‘Real_de_Asua’_Rioja_DOCa_2016.jpg,Real de Asúa,100% Tempranillo,Spain / Rioja,Spanish Rioja Red,https://vinewineltd.com/product/cvne-real-de-asua-rioja-doca-2016/
Jorge Ordonez & Co. Moscatel Old Vines “Botani” 2023,$198.00 ,images\Jorge_Ordonez_&_Co._Moscatel_Old_Vines_“Botani”_2023.jpg,Botani,Moscatel,Spain / Andalucía / Sierras de Málaga,Spanish White,https://vinewineltd.com/product/jorge-ordonez-co-moscatel-old-vines-botani-2023/
"Bodegas Avancia Godello Valdeorras, Spain 2021",$375.00 ,"images\Bodegas_Avancia_Godello_Valdeorras,_Spain_2021.jpg",Avancia,100% Godello,Spain / Galicia / Valdeorras,Spanish Galicia Godello White,https://vinewineltd.com/product/bodegas-avancia-godello-valdeorras-spain-2021/
Alto Moncayo Veraton 2020,$248.00 ,images\Alto_Moncayo_Veraton_2020.jpg,Alto Moncayo,Grenache,Spain / Aragón / Campo de Borja,Spanish Grenache,https://vinewineltd.com/product/alto-moncayo-veraton-2020/
Vega Sicilia ‘Pintia’ Toro 2014,$598.00 ,images\Vega_Sicilia_‘Pintia’_Toro_2014.jpg,Pintia,100% Tempranillo,Spain / Castilla y León / Toro,Spanish Toro Red,https://vinewineltd.com/product/vega-sicilia-pintia-toro-2014/
Alto Moncayo 2020,$388.00 ,images\Alto_Moncayo_2020.jpg,Alto Moncayo,100% Garnacha,Spain / Aragón / Campo de Borja,Spanish Grenache,https://vinewineltd.com/product/alto-moncayo-2020/
Xavier Vignon – Barbare ‘Cuvee XL Premier’ 2012,$168.00 ,images\Xavier_Vignon_–_Barbare_‘Cuvee_XL_Premier’_2012.jpg,Xavier Vignon,"60% Grenache, 30% Syrah, 10% Mourvèdre",Turkey / Thrace,,https://vinewineltd.com/product/xavier-vignon-barbare-cuvee-xl-premier-2012/
Domaine des Tourelles Cinsault Vieilles Vignes Bekaa Valley 2020,$190.00 ,images\Domaine_des_Tourelles_Cinsault_Vieilles_Vignes_Bekaa_Valley_2020.jpg,Domaine des Tourelles,Cinsault,Lebanon / Bekaa Valley,Lebanese Red,https://vinewineltd.com/product/domaine-des-tourelles-cinsault-vieilles-vignes-bekaa-valley-2020/
Dalton Wild One Galilee 2022,$320.00 ,,Dalton,Chenin Blanc,Israel / Galilee,Israeli White,https://vinewineltd.com/product/dalton-wild-one-galilee-2022/
Dalton Levantina Galilee 2021,$320.00 ,images\Dalton_Levantina_Galilee_2021.jpg,Dalton,"Grenache, Petite Sirah, Carignan",Israel/Galilee,Israeli Red Blend,https://vinewineltd.com/product/dalton-levantina-galilee-2021/
Susana Balbo Nosotros 2019,$629.00 ,images\Susana_Balbo_Nosotros_2019.jpg,,,,,https://vinewineltd.com/product/susana-balbo-nosotros-2019/
Capel Vale The Scholar Cabernet Sauvignon Margaret River 2014,$338.00 ,images\Capel_Vale_The_Scholar_Cabernet_Sauvignon_Margaret_River_2014.jpg,Capel Vale,Cabernet Sauvignon,Australia/Western Australia/South West Australia/Margaret River,Australian Cabernet Sauvignon,https://vinewineltd.com/product/capel-vale-the-scholar-cabernet-sauvignon-margaret-river-2014/
Two Hands Max’s Garden Shiraz 2005,$490.00 ,images\Two_Hands_Max’s_Garden_Shiraz_2005.jpg,Two Hands,100% Shiraz/Syrah,Australia / Victoria / Central Victoria / Heathcote,Australian Heathcote Shiraz,https://vinewineltd.com/product/two-hands-maxs-garden-shiraz-2005/
Two Hands Shiraz Bella’s Garden Barossa 2009,$588.00 ,images\Two_Hands_Shiraz_Bella’s_Garden_Barossa_2009.jpg,Two Hands,100% Shiraz/Syrah,Australia / South Australia / Barossa / Barossa Valley,Australian Barossa Valley Shiraz,https://vinewineltd.com/product/two-hands-shiraz-bellas-garden-barossa-2009/
Paringa Estate Pinot Noir 2020,$428.00 ,images\Paringa_Estate_Pinot_Noir_2020.jpg,,,,,https://vinewineltd.com/product/paringa-estate-pinot-noir-2020/
Paringa Peninsula Pinot Noir 2023,$278.00 ,images\Paringa_Peninsula_Pinot_Noir_2023.jpg,,,,,https://vinewineltd.com/product/paringa-peninsula-pinot-noir-2023/
Clarendon Hills Domaine Clarendon Syrah McLaren Vale 2017,$258.00 ,images\Clarendon_Hills_Domaine_Clarendon_Syrah_McLaren_Vale_2017.jpg,Clarendon Hills,Shiraz/Syrah,Australia / South Australia / Fleurieu / McLaren Vale,Australian McLaren Vale Shiraz,https://vinewineltd.com/product/clarendon-hills-domaine-clarendon-syrah-mclaren-vale-2017/
Two Hands Shiraz Bella’s Garden Barossa 2005,$468.00 ,images\Two_Hands_Shiraz_Bella’s_Garden_Barossa_2005.jpg,,,,,https://vinewineltd.com/product/two-hands-shiraz-bellas-garden-barossa-2005/
Love Over Gold Shiraz Avenue to Gold Eden Valley 2019,$418.00 ,images\Love_Over_Gold_Shiraz_Avenue_to_Gold_Eden_Valley_2019.jpg,Barr-Eden Estate,Shiraz/Syrah,Australia / South Australia / Barossa / Eden Valley,Australian Eden Valley Shiraz,https://vinewineltd.com/product/love-over-gold-shiraz-avenue-to-gold-eden-valley-2019/
Penfolds Bin 169 Cabernet Sauvignon Coonawarra 2018,"$1,466.00 ",images\Penfolds_Bin_169_Cabernet_Sauvignon_Coonawarra_2018.jpg,Penfolds,100% Cabernet Sauvignon,Australia / South Australia / Limestone Coast / Coonawarra,Australian Cabernet Sauvignon,https://vinewineltd.com/product/penfolds-bin-169-cabernet-sauvignon-coonawarra-2018/
Two Hands Wines Adrestia Semillon – Sauvignon Blanc Adelaide Hills 2019,$418.00 ,,Two Hands,"Sauvignon Blanc, Sémillon",Australia / South Australia / Mount Lofty Ranges / Adelaide Hills,,https://vinewineltd.com/product/two-hands-wines-adrestia-semillon-sauvignon-blanc-adelaide-hills-2019/
Mollydooker The Boxer Shiraz 2021,$228.00 ,images\Mollydooker_The_Boxer_Shiraz_2021.jpg,Mollydooker,Shiraz/Syrah,Australia / South Australia / Fleurieu / McLaren Vale,Australian Shiraz,https://vinewineltd.com/product/mollydooker-the-boxer-shiraz-2021/
Heirloom Vineyards Sauvignon Blanc Adelaide Hills 2015,$208.00 ,images\Heirloom_Vineyards_Sauvignon_Blanc_Adelaide_Hills_2015.jpg,Heirloom Vineyards,Sauvignon Blanc,Australia / South Australia / Mount Lofty Ranges / Adelaide Hills,Australian Sauvignon Blanc,https://vinewineltd.com/product/heirloom-vineyards-sauvignon-blanc-adelaide-hills-2015/
Two Hands Wines ‘Holy Grail’ Single Vineyard Shiraz Barossa Valley 2020,$738.00 ,images\Two_Hands_Wines_‘Holy_Grail’_Single_Vineyard_Shiraz_Barossa_Valley_2020.jpg,Two Hands,Shiraz/Syrah,Australia / South Australia / Barossa / Barossa Valley,Australian Barossa Valley Shiraz,https://vinewineltd.com/product/two-hands-wines-holy-grail-single-vineyard-shiraz-barossa-valley-2020/
Love Over Gold Shiraz Dreams of Gold Eden Valley 2021,$280.00 ,images\Love_Over_Gold_Shiraz_Dreams_of_Gold_Eden_Valley_2021.jpg,Love Over Gold,Shiraz/Syrah,Australia / South Australia / Barossa / Eden Valley,Australian Eden Valley Shiraz,https://vinewineltd.com/product/love-over-gold-shiraz-dreams-of-gold-eden-valley-2021/
Giant Steps ‘Tarraford Vineyard’ Chardonnay Yarra Valley 2020,$336.00 ,images\Giant_Steps_‘Tarraford_Vineyard’_Chardonnay_Yarra_Valley_2020.jpg,Giant Steps,Chardonnay,Australia / Victoria / Port Phillip / Yarra Valley,Australian Chardonnay,https://vinewineltd.com/product/giant-steps-tarraford-vineyard-chardonnay-yarra-valley-2020/
De Bortoli Petit Moscato Rose NV,$138.00 ,images\De_Bortoli_Petit_Moscato_Rose_NV.jpg,De Bortoli,Moscato,Australia / Victoria / North East Victoria / Rutherglen,Australian Victoria Sparkling,https://vinewineltd.com/product/de-bortoli-petit-moscato-rose-nv/
Two Hands Wines Lilys Garden Shiraz McLaren Vale 2018,$412.00 ,images\Two_Hands_Wines_Lilys_Garden_Shiraz_McLaren_Vale_2018.jpg,Two Hands,Shiraz/Syrah,Australia / South Australia / Fleurieu / McLaren Vale,Australian McLaren Vale Shiraz,https://vinewineltd.com/product/two-hands-wines-lilys-garden-shiraz-mclaren-vale-2018/
Two Hands Wines Bella’s Garden Shiraz Barossa Valley 2016,$412.00 ,images\Two_Hands_Wines_Bella’s_Garden_Shiraz_Barossa_Valley_2016.jpg,Two Hands,Shiraz/Syrah,Australia / South Australia / Barossa / Barossa Valley,Australian Barossa Valley Shiraz,https://vinewineltd.com/product/two-hands-wines-bellas-garden-shiraz-barossa-valley-2016/
Leconfield Cabernet Sauvignon Coonawarra 2020,$199.00 ,images\Leconfield_Cabernet_Sauvignon_Coonawarra_2020.jpg,Leconfield,Cabernet Sauvignon,Australia / South Australia / Limestone Coast / Coonawarra,Australian Cabernet Sauvignon,https://vinewineltd.com/product/leconfield-cabernet-sauvignon-coonawarra-2020/
Peter Lehmann Wigan Riesling Eden Valley 2016,$249.00 ,images\Peter_Lehmann_Wigan_Riesling_Eden_Valley_2016.jpg,Peter Lehmann,Riesling,Australia / South Australia / Barossa / Eden Valley,Australian Riesling,https://vinewineltd.com/product/peter-lehmann-wigan-riesling-eden-valley-2016/
Errazuriz ‘Las Pizarras’ Pinot Noir Aconcagua Costa 2018,$590.00 ,images\Errazuriz_‘Las_Pizarras’_Pinot_Noir_Aconcagua_Costa_2018.jpg,Errazuriz,100% Pinot Noir,Chile / Aconcagua / Aconcagua Costa,Chilean Pinot Noir,https://vinewineltd.com/product/errazuriz-las-pizarras-pinot-noir-aconcagua-costa-2018/
Maray Reserva Late Harvest Limari Valley 2011,$158.00 ,,Maray,Muscatel,Chile / Coquimbo / Limarí Valley,,https://vinewineltd.com/product/maray-reserva-late-harvest-limari-valley-2011/
Sena Aconcagua Valley 2014,$840.00 ,images\Sena_Aconcagua_Valley_2014.jpg,Sena,100% Cabernet Sauvignon,Chile / Aconcagua / Aconcagua Valley,Chilean Bordeaux Blend,https://vinewineltd.com/product/sena-aconcagua-valley-2014/
Luis Felipe Edwards Dona Bernarda Colchagua Valley 2019,$398.00 ,images\Luis_Felipe_Edwards_Dona_Bernarda_Colchagua_Valley_2019.jpg,Luis Felipe Edwards,"Carménère, Shiraz/Syrah, Cabernet Sauvignon, Mourvedre, Petite Sirah, Petit Verdot",Chile / Centra,,https://vinewineltd.com/product/luis-felipe-edwards-dona-bernarda-colchagua-valley-2019/
"Casas Del Bosque, Pinot Noir “Gran Reserva” 2023",$208.00 ,"images\Casas_Del_Bosque,_Pinot_Noir_“Gran_Reserva”_2023.jpg",Casas del Bosque,Pinot Noir,Chile / Aconcagua / Casablanca Valley,Chilean Pinot Noir,https://vinewineltd.com/product/casas-del-bosque-pinot-noir-gran-reserva-2023/
Domaines Barons de Rothschild ‘Long Dai’ Qiu Shan Valley 2018,"$3,960.00 ",images\Domaines_Barons_de_Rothschild_‘Long_Dai’_Qiu_Shan_Valley_2018.jpg,Barons de Rothschild (Lafite),"Cabernet Sauvignon, Cabernet Franc, Marselan",China / Shandong,,https://vinewineltd.com/product/domaines-barons-de-rothschild-long-dai-qiu-shan-valley-2018/
Grace Vineyard Angelina Sparkling Reserve Brut Shanxi 2012,$398.00 ,images\Grace_Vineyard_Angelina_Sparkling_Reserve_Brut_Shanxi_2012.jpg,Grace (怡园酒庄),Chardonnay,China / Shanxi,,https://vinewineltd.com/product/grace-vineyard-angelina-sparkling-reserve-brut-shanxi-2012/
The Hermit Ram Fermented Field Blend 2020,$299.00 ,images\The_Hermit_Ram_Fermented_Field_Blend_2020.jpg,The Hermit Ram,Gewürztraminer,New Zealand / South Island / Canterbury / Waipara,New Zealand Gewürztraminer White,https://vinewineltd.com/product/the-hermit-ram-fermented-field-blend-2020/
Tony Bish ‘Zen’ Chardonnay Hawke’s Bay 2020 – With Box,$725.00 ,images\Tony_Bish_‘Zen’_Chardonnay_Hawke’s_Bay_2020_–_With_Box.jpg,Tony Bish,Chardonnay,New Zealand / North Island / Hawke’s Bay,New Zealand Chardonnay,https://vinewineltd.com/product/tony-bish-zen-chardonnay-hawkes-bay-2020-with-box/
Blank Canvas Anandale Farm Riesling Marlborough 2022,$258.00 ,images\Blank_Canvas_Anandale_Farm_Riesling_Marlborough_2022.jpg,Blank Canvas,Riesling,New Zealand / South Island / Marlborough,New Zealand Riesling,https://vinewineltd.com/product/blank-canvas-anandale-farm-riesling-marlborough-2022/
Blank Canvas Anthem Vineyard Pinot Noir 2019,$305.00 ,images\Blank_Canvas_Anthem_Vineyard_Pinot_Noir_2019.jpg,Blank Canvas,Pinot Noir,New Zealand / South Island / Central Otago,New Zealand Pinot Noir,https://vinewineltd.com/product/blank-canvas-anthem-vineyard-pinot-noir-2019/
Te Whare Ra Sauvignon Blanc 2022,$278.00 ,images\Te_Whare_Ra_Sauvignon_Blanc_2022.jpg,Te Whare Ra,Sauvignon Blanc,New Zealand / South Island / Marlborough,New Zealand Sauvignon Blanc,https://vinewineltd.com/product/te-whare-ra-sauvignon-blanc-2022/
Te Whare Ra Single Vineyard 5182 Pinot Gris 2022,$315.00 ,images\Te_Whare_Ra_Single_Vineyard_5182_Pinot_Gris_2022.jpg,Te Whare Ra,Pinot Gris,New Zealand / South Island / Marlborough,New Zealand Pinot Gris,https://vinewineltd.com/product/te-whare-ra-single-vineyard-5182-pinot-gris-2022/
TWR Te Whare Ra SV5182 Single Vineyard Pinot Noir Marlborough 2017,$498.00 ,images\TWR_Te_Whare_Ra_SV5182_Single_Vineyard_Pinot_Noir_Marlborough_2017.jpg,Te Whare Ra,Pinot Noir,New Zealand / South Island / Marlborough,New Zealand Pinot Noir,https://vinewineltd.com/product/twr-te-whare-ra-sv5182-single-vineyard-pinot-noir-marlborough-2017/
Te Whare Ra Clayvin Single Vineyard Pinot Noir Marlborough 2019,$498.00 ,images\Te_Whare_Ra_Clayvin_Single_Vineyard_Pinot_Noir_Marlborough_2019.jpg,Te Whare Ra,Pinot Noir,New Zealand / South Island / Marlborough,New Zealand Pinot Noir,https://vinewineltd.com/product/te-whare-ra-clayvin-single-vineyard-pinot-noir-marlborough-2019/
Three Miners Chinaman Stone Gewurztraminer Earnscleugh Valley Alexandra 2012,$316.00 ,images\Three_Miners_Chinaman_Stone_Gewurztraminer_Earnscleugh_Valley_Alexandra_2012.jpg,Three Miners,Gewürztraminer,New Zealand / South Island / Central Otago,New Zealand Gewürztraminer White,https://vinewineltd.com/product/three-miners-chinaman-stone-gewurztraminer-earnscleugh-valley-alexandra-2012/
Clos Henri ‘Bel Echo’ Sauvignon Blanc Marlborough 2017,$208.00 ,images\Clos_Henri_‘Bel_Echo’_Sauvignon_Blanc_Marlborough_2017.jpg,Clos Henri Vineyard,Sauvignon Blanc,New Zealand / South Island / Marlborough,New Zealand Sauvignon Blanc,https://vinewineltd.com/product/clos-henri-bel-echo-sauvignon-blanc-marlborough-2017/
Craggy Range Les Beaux Cailloux Chardonnay Gimblett Gravels 2017,$588.00 ,images\Craggy_Range_Les_Beaux_Cailloux_Chardonnay_Gimblett_Gravels_2017.jpg,Craggy Range,Chardonnay,New Zealand / North Island / Hawke’s Bay / Gimblett Gravels,New Zealand Chardonnay,https://vinewineltd.com/product/craggy-range-les-beaux-cailloux-chardonnay-gimblett-gravels-2017/
Blank Canvas Wines Gruner Veltliner Marlborough 2023,$270.00 ,images\Blank_Canvas_Wines_Gruner_Veltliner_Marlborough_2023.jpg,Blank Canvas,Grüner Veltliner,New Zealand / South Island / Marlborough,New Zealand Grüner Veltliner White,https://vinewineltd.com/product/blank-canvas-wines-gruner-veltliner-marlborough-2023/
Blank Canvas Anandale Farm Riesling 2023,$208.00 ,images\Blank_Canvas_Anandale_Farm_Riesling_2023.jpg,Blank Canvas,Riesling,New Zealand / South Island / Marlborough,New Zealand Riesling,https://vinewineltd.com/product/blank-canvas-anandale-farm-riesling-2023/
Te Mata Estate Cabernet Merlot 2020,$258.00 ,images\Te_Mata_Estate_Cabernet_Merlot_2020.jpg,,,,,https://vinewineltd.com/product/te-mata-estate-cabernet-merlot-2020/
Lake Chalice The Falcon Pinot Noir 2021,$168.00 ,images\Lake_Chalice_The_Falcon_Pinot_Noir_2021.jpg,Lake Chalice,100% Pinot Noir,New Zealand / South Island / Marlborough,New Zealand Pinot Noir,https://vinewineltd.com/product/lake-chalice-the-falcon-pinot-noir-2021/
Longridge ‘Driefontein’ Syrah Stellenbosch 2014,$230.00 ,images\Longridge_‘Driefontein’_Syrah_Stellenbosch_2014.jpg,Raats,Shiraz/Syrah,South Africa / Western Cape / Coastal Region / Stellenbosch,South African Syrah,https://vinewineltd.com/product/longridge-driefontein-syrah-stellenbosch-2014/
Glenelly Lady May 2018,$398.00 ,images\Glenelly_Lady_May_2018.jpg,Glenelly,"Cabernet Sauvignon, Cabernet Franc, Merlot, Petit Verdot",South Africa / Western Cape / Coastal Region / Stellenbosch,South African Bordeaux Blend,https://vinewineltd.com/product/glenelly-lady-may-2018/
Hermann J. Wiemer Dry Riesling Finger Lakes 2016,$210.00 ,images\Hermann_J._Wiemer_Dry_Riesling_Finger_Lakes_2016.jpg,Hermann J. Wiemer,100% Riesling,United States / New York / Finger Lakes / Seneca Lake,,https://vinewineltd.com/product/hermann-j-wiemer-dry-riesling-finger-lakes-2016-2/
Dominus Estate Napanook Napa Valley 2018,$799.00 ,images\Dominus_Estate_Napanook_Napa_Valley_2018.jpg,Dominus,"90% Cabernet Sauvignon, 6% Cabernet Franc, 4% Petit Verdot",United States / California / North Coast / Napa County / Napa Valley,Napa Valley Bordeaux Blend,https://vinewineltd.com/product/dominus-estate-napanook-napa-valley-2018/
Unshackled Pinot Noir California 2021,$367.00 ,images\Unshackled_Pinot_Noir_California_2021.jpg,The Prisoner,Zinfandel,United States / California,"California, USA",https://vinewineltd.com/product/unshackled-pinot-noir-california-2021/
Unshackled Cabernet Sauvignon California 2021,$367.00 ,images\Unshackled_Cabernet_Sauvignon_California_2021.jpg,The Prisoner,Cabernet Sauvignon,United States / California,Californian Cabernet Sauvignon,https://vinewineltd.com/product/unshackled-cabernet-sauvignon-california-2021/
The Prisoner Wine Co. ‘The Prisoner’ Pinot Noir Sonoma Coast 2021,$498.00 ,images\The_Prisoner_Wine_Co._‘The_Prisoner’_Pinot_Noir_Sonoma_Coast_2021.jpg,The Prisoner,Pinot Noir,United States / California / North Coast / Sonoma County / Sonoma Coast,Californian Sonoma Coast Pinot Noir Red,https://vinewineltd.com/product/the-prisoner-wine-co-the-prisoner-pinot-noir-sonoma-coast-2021/
The Prisoner Wine Co. Thorn Merlot Napa Valley 2018,$498.00 ,images\The_Prisoner_Wine_Co._Thorn_Merlot_Napa_Valley_2018.jpg,The Prisoner,100% Merlot,United States / California / North Coast / Napa County / Napa Valley,Californian Merlot,https://vinewineltd.com/product/the-prisoner-wine-co-thorn-merlot-napa-valley-2018/
Heitz Cellar Lot C-91 Napa Valley 2016,$760.00 ,images\Heitz_Cellar_Lot_C-91_Napa_Valley_2016.jpg,Heitz Cellar,100% Cabernet Sauvignon,United States / California / North Coast / Napa County / Napa Valley,Napa Valley Cabernet Sauvignon,https://vinewineltd.com/product/heitz-cellar-lot-c-91-napa-valley-2016/
Hudson Ranch Hudson Vineyards Chardonnay Carneros 2021,$699.00 ,,Hudson,Chardonnay,United States / California / North Coast / Napa County / Napa Valley / Los Carneros,Napa Valley Chardonnay,https://vinewineltd.com/product/hudson-ranch-hudson-vineyards-chardonnay-carneros-2021/
The Prisoner Unshackled Sauvignon Blanc California 2021,$370.00 ,,The Prisoner,Sauvignon Blanc,United States / California,Californian Sauvignon Blanc,https://vinewineltd.com/product/the-prisoner-unshackled-sauvignon-blanc-california-2021/
Clay Creek Vineyards Pinot Noir California 2022,$140.00 ,images\Clay_Creek_Vineyards_Pinot_Noir_California_2022.jpg,Clay Creek Vineyards,Pinot Noir,United States / California / Central Valley / Lodi,Californian Pinot Noir,https://vinewineltd.com/product/clay-creek-vineyards-pinot-noir-california-2022/
Clay Creek Vineyards Chardonnay California 2022,$140.00 ,images\Clay_Creek_Vineyards_Chardonnay_California_2022.jpg,Clay Creek Vineyards,Chardonnay,United States / California / Central Valley / Lodi,Californian Chardonnay,https://vinewineltd.com/product/clay-creek-vineyards-chardonnay-california-2022/
Grgich Hills Chardonnay 2020,$558.00 ,images\Grgich_Hills_Chardonnay_2020.jpg,Grgich Hills,Chardonnay,United States / California / North Coast / Napa County / Napa Valley,Napa Valley Chardonnay,https://vinewineltd.com/product/grgich-hills-chardonnay-2020/
Grgich Hills Zinfandel 2019,$440.00 ,images\Grgich_Hills_Zinfandel_2019.jpg,Grgich Hills,Zinfandel,United States / California / North Coast / Napa County / Napa Valley,Californian Zinfandel,https://vinewineltd.com/product/grgich-hills-zinfandel-2019/
Chateau Montelena Napa Chardonnay 2021,$590.00 ,images\Chateau_Montelena_Napa_Chardonnay_2021.jpg,Chateau Montelena,Chardonnay,United States / California / North Coast / Napa County / Napa Valley,Napa Valley Chardonnay,https://vinewineltd.com/product/chateau-montelena-napa-chardonnay-2021/
Calera Central Coast Pinot Noir 2022,$308.00 ,images\Calera_Central_Coast_Pinot_Noir_2022.jpg,Calera,100% Pinot Noir,United States / California / Central Coast,Californian Pinot Noir,https://vinewineltd.com/product/calera-central-coast-pinot-noir-2022/
Clay Creek Vineyards Cabernet Sauvignon California 2022,$180.00 ,images\Clay_Creek_Vineyards_Cabernet_Sauvignon_California_2022.jpg,Clay Creek Vineyards,Cabernet Sauvignon,United States / California / Central Valley / Lodi,Californian Cabernet Sauvignon,https://vinewineltd.com/product/clay-creek-vineyards-cabernet-sauvignon-california-2022/
TENJAKU WHISKY PURE MALT 700ml,$428.00 ,images\TENJAKU_WHISKY_PURE_MALT_700ml.jpg,Whiskey,,Japan/Yamanashi/Fuefuki,Whiskey,https://vinewineltd.com/product/tenjaku-whisky-pure-malt-700ml/
獺祭 二割三分 純米大吟釀 720ml,$448.00 ,images\獺祭_二割三分_純米大吟釀_720ml.jpg,,,,,https://vinewineltd.com/product/%e7%8d%ba%e7%a5%ad-%e4%ba%8c%e5%89%b2%e4%b8%89%e5%88%86-%e7%b4%94%e7%b1%b3%e5%a4%a7%e5%90%9f%e9%87%80-23-720ml/
Inniskillin Cabernet Franc Icewine 2022 – 375ml,$670.00 ,images\Inniskillin_Cabernet_Franc_Icewine_2022_–_375ml.jpg,Inniskillin,Cabernet Franc,Canada / Ontario / Niagara Peninsula,Canadian Ice Wine,https://vinewineltd.com/product/inniskillin-cabernet-franc-icewine-2022-375ml/
