Wine Name,Slug,Collection ID,Locale ID,Item ID,Created On,Updated On,Published On,Bottle Image,One Liner Description,Vintage,Soil Type,Grape Variety,Wine Type,Price of Bottle,Long decription,Winemaking Method,Ageing,Tasting Notes,Food Pairing,Expert Ratings,Soil_Text,VariantID,AltName
Alain Chavy Puligny Montrachet 2020,alain-chavy-puligny-montrachet-2020,675834b9bb95cd936a45d91a,672cb53b9f8f60aabd3a77c2,6759663f54346ec8e64137ef,Wed Dec 11 2024 10:15:27 GMT+0000 (Coordinated Universal Time),Wed Dec 18 2024 14:55:43 GMT+0000 (Coordinated Universal Time),Wed Dec 18 2024 14:59:00 GMT+0000 (Coordinated Universal Time),https://cdn.prod.website-files.com/672cb53b9f8f60aabd3a77f1/6762e26fb0865656f5cefddd_675967b3168b2c49c1f89f78_Alain.png,,"2018, 2020, 2021",clay; limestone,chardonnay,white,498,,Fermented in Oak Barrels,12-15 months in French oak barrels,"Fresh citrus, white flowers, mineral, elegant acidity","Lobster, roast chicken, creamy pasta",92-94 (Robert Parker),,,Alain Chavy Puligny Montrachet 2020
"Aldeneyck 'Herenlaak' Chardonnay Maaseik, Belgium 2020",aldeneyck-herenlaak-chardonnay-maaseik-belgium-2020,675834b9bb95cd936a45d91a,672cb53b9f8f60aabd3a77c2,675abeb8f5b8ae9f4957ea0f,Thu Dec 12 2024 10:45:12 GMT+0000 (Coordinated Universal Time),Wed Dec 18 2024 14:55:44 GMT+0000 (Coordinated Universal Time),Wed Dec 18 2024 14:59:00 GMT+0000 (Coordinated Universal Time),https://cdn.prod.website-files.com/672cb53b9f8f60aabd3a77f1/675abeb8f5b8ae9f4957e9f2_6734e1e7a2f2ae337490a3ab_Aldeneyck%2520%2527Herenlaak%2527%2520Chardonnay%2520Maaseik%252C%2520Belgium%25202020.png,,"2019, 2020",sandy-loam,chardonnay,white,229,,Cold fermentation,6-8 months in stainless steel,"Tropical fruits, green apple, crisp finish","Grilled fish, salads, soft cheeses",88-90,,,"Aldeneyck 'Herenlaak' Chardonnay Maaseik, Belgium 2020"
"Andre Beaufort Non Dose Potion x Tregalli, Champagne 2020",andre-beaufort-non-dose-potion-x-tregalli-champagne-2020,675834b9bb95cd936a45d91a,672cb53b9f8f60aabd3a77c2,675abeb8ffef03d7b87faa90,Thu Dec 12 2024 10:45:12 GMT+0000 (Coordinated Universal Time),Wed Dec 18 2024 14:55:44 GMT+0000 (Coordinated Universal Time),Wed Dec 18 2024 14:59:00 GMT+0000 (Coordinated Universal Time),https://cdn.prod.website-files.com/672cb53b9f8f60aabd3a77f1/675abeb8ffef03d7b87faa86_6734e1e81e125c51d930ae52_Andre%2520Beaufort%2520Non%2520Dose%2520Potion%2520x%2520Tregalli%252C%2520Champagne%25202020.png,,"2020, 2021",chalk; marl,chardonnay; pinot-noir,sparkling,598,,"No dosage, biodynamic",2-3 years on lees,"Crisp citrus, green apple, floral, mineral-driven","Sashimi, shellfish, goat cheese",92-94,,,"Andre Beaufort Non Dose Potion x Tregalli, Champagne 2020"
"Andre Beaufort a Polisy Brut Reserve, Champagne NV",andre-beaufort-a-polisy-brut-reserve-champagne-nv,675834b9bb95cd936a45d91a,672cb53b9f8f60aabd3a77c2,675abeb8c4d8b6e33489368b,Thu Dec 12 2024 10:45:12 GMT+0000 (Coordinated Universal Time),Wed Dec 18 2024 14:55:43 GMT+0000 (Coordinated Universal Time),Wed Dec 18 2024 14:59:00 GMT+0000 (Coordinated Universal Time),https://cdn.prod.website-files.com/672cb53b9f8f60aabd3a77f1/675abeb8c4d8b6e33489364c_6734e1e7496e9f363c5bb903_Andre%2520Beaufort%2520a%2520Polisy%2520Brut%2520Reserve%252C%2520Champagne%2520NV.png,,"NV blends vary, consistent",chalk; marl,chardonnay; pinot-noir; pinot-meunier,sparkling,598,,"Biodynamic, spontaneous fermentation",3-4 years on lees,"Brioche, apple, nuts, complex texture","Oysters, caviar, light appetizers",91-93 (Wine Spectator),,,"Andre Beaufort a Polisy Brut Reserve, Champagne NV"
Angelina Brut Reserve Sparkling Wine 2012,angelina-brut-reserve-sparkling-wine-2012,675834b9bb95cd936a45d91a,672cb53b9f8f60aabd3a77c2,675b2742fb10441f8100deec,Thu Dec 12 2024 18:11:14 GMT+0000 (Coordinated Universal Time),Wed Dec 18 2024 14:55:44 GMT+0000 (Coordinated Universal Time),Wed Dec 18 2024 14:59:00 GMT+0000 (Coordinated Universal Time),https://cdn.prod.website-files.com/672cb53b9f8f60aabd3a77f1/675b2740fb10441f8100dc29_6734e1e8380f36befdb4b87a_Angelina%2520Brut%2520Reserve%2520Sparkling%2520Wine%25202012.png,,"2012, 2013",mixed-volcanic,chardonnay; pinot-noir,sparkling,298,,Traditional method,6-7 years on lees,"Rich brioche, baked pear, toasted almonds","Duck, truffles, rich creamy sauces",90-92,,354671,Angelina Brut Reserve Sparkling Wine 2012
Anne et Jean-Francois Ganevat Cotes du Jura 'La Barraque' Savagnin 2020,anne-et-jean-francois-ganevat-cotes-du-jura-la-barraque-savagnin-2020,675834b9bb95cd936a45d91a,672cb53b9f8f60aabd3a77c2,675b27401c9f109b3672d7d0,Thu Dec 12 2024 18:11:12 GMT+0000 (Coordinated Universal Time),Wed Dec 18 2024 14:55:43 GMT+0000 (Coordinated Universal Time),Wed Dec 18 2024 14:59:00 GMT+0000 (Coordinated Universal Time),https://cdn.prod.website-files.com/672cb53b9f8f60aabd3a77f1/675b27401c9f109b3672d737_6734e1e8bdd26229c6f22a88_Anne%2520et%2520Jean-Francois%2520Ganevat%2520Cotes%2520du%2520Jura%2520%2527La%2520Barraque%2527%2520Savagnin%25202020.png,,"2018, 2020",marl; limestone,savagnin,white,938,,"Natural fermentation, no fining",12-18 months in neutral barrels,"Zesty citrus, hazelnut, saline, herbal notes","Smoked salmon, comté cheese, mushroom dishes",92-95,,354673,Anne et Jean-Francois Ganevat Cotes du Jura 'La Barraque' Savagnin 2020
Armand Heitz Saint Aubin 1er Cru Murgers Dents de Chien 2019,armand-heitz-saint-aubin-1er-cru-murgers-dents-de-chien-2019,675834b9bb95cd936a45d91a,672cb53b9f8f60aabd3a77c2,675b2741c032071eb45a117d,Thu Dec 12 2024 18:11:13 GMT+0000 (Coordinated Universal Time),Wed Dec 18 2024 14:55:44 GMT+0000 (Coordinated Universal Time),Wed Dec 18 2024 14:59:00 GMT+0000 (Coordinated Universal Time),https://cdn.prod.website-files.com/672cb53b9f8f60aabd3a77f1/675b2741c032071eb45a10d8_6734e1e7c19f9467dc9c23d0_Armand%2520Heitz%2520Saint%2520Aubin%25201er%2520cru%2520murgers%2520dents%2520de%2520chien%25202019.png,,2019,limestone,chardonnay,white,698,,Fermentation in oak barrels,12 months in French oak barrels,"Citrus, stone fruit, mineral finish","Seafood, poultry, creamy dishes",92–94 (Wine Advocate),,354675,Armand Heitz Saint Aubin 1er Cru Murgers Dents de Chien 2019
Ausás Interpretación Ribeira del Duero 2018,ausas-interpretacion-ribeira-del-duero-2018,675834b9bb95cd936a45d91a,672cb53b9f8f60aabd3a77c2,675b2784207cdd1f7e14944c,Thu Dec 12 2024 18:12:20 GMT+0000 (Coordinated Universal Time),Wed Dec 18 2024 14:55:44 GMT+0000 (Coordinated Universal Time),Wed Dec 18 2024 14:59:00 GMT+0000 (Coordinated Universal Time),https://cdn.prod.website-files.com/672cb53b9f8f60aabd3a77f1/675b2784207cdd1f7e149430_67501c918413569b5ff6313f_Ausa%25CC%2581s%2520Interpretacio%25CC%2581n%2520Ribeira%2520del%2520Duero%25202018.png,,2018,clay; limestone; sand,tempranillo-tinto-fino,red,598,,"Fermented in stainless steel, oak",16-18 months in French oak,"Blackberries, vanilla, spices, smooth tannins, elegant finish","Grilled lamb, beef stew, Manchego cheese",93-95 points,,,Ausas Interpretacion Ribeira del Duero 2018
Avignonesi Grandi Annate Sangiovese 2016,avignonesi-grandi-annate-sangiovese-2016,675834b9bb95cd936a45d91a,672cb53b9f8f60aabd3a77c2,675b274073555e4688507e9e,Thu Dec 12 2024 18:11:12 GMT+0000 (Coordinated Universal Time),Wed Dec 18 2024 14:55:44 GMT+0000 (Coordinated Universal Time),Wed Dec 18 2024 14:59:00 GMT+0000 (Coordinated Universal Time),https://cdn.prod.website-files.com/672cb53b9f8f60aabd3a77f1/675b274073555e4688507e83_673208375387060c754b74f5_Avignonesi%2520Grandi%2520Annate%2520Sangiovese%25202016.png,,2016,clay; limestone,sangiovese,red,888,,Native yeast fermentation,24 months in oak (large barrels),"Red cherries, herbs, earthy tones","Grilled meats, aged cheeses",94 (James Suckling),,354677,Avignonesi Grandi Annate Sangiovese 2016
Badia a Coltibuono Chianti Classico Riserva 2019,badia-a-coltibuono-chianti-classico-riserva-2019,675834b9bb95cd936a45d91a,672cb53b9f8f60aabd3a77c2,675b27402bf9a794d7490898,Thu Dec 12 2024 18:11:12 GMT+0000 (Coordinated Universal Time),Wed Dec 18 2024 14:55:45 GMT+0000 (Coordinated Universal Time),Wed Dec 18 2024 14:59:00 GMT+0000 (Coordinated Universal Time),https://cdn.prod.website-files.com/672cb53b9f8f60aabd3a77f1/675b27402bf9a794d749080f_6734e1f35f170ad56939d8b6_Badia%2520a%2520Coltibuono%2520Chianti%2520Classico%2520Riserva%25201968.png,,2019,galestro; limestone,sangiovese; canaiolo,red,399,,Traditional fermentation,24 months in large oak casks,"Bright cherry, spice, floral notes","Pasta, roasted meats, tomato-based dishes",93 (Wine Enthusiast),,354679,Badia a Coltibuono Chianti Classico Riserva 2019
Badia a Coltibuono Chianti Classico Riserva 2019,badia-a-coltibuono-chianti-classico-riserva-2019-0c5f8,675834b9bb95cd936a45d91a,672cb53b9f8f60aabd3a77c2,675b2743fb10441f8100dfaf,Thu Dec 12 2024 18:11:15 GMT+0000 (Coordinated Universal Time),Wed Dec 18 2024 14:55:44 GMT+0000 (Coordinated Universal Time),Wed Dec 18 2024 14:59:00 GMT+0000 (Coordinated Universal Time),https://cdn.prod.website-files.com/672cb53b9f8f60aabd3a77f1/675b2743fb10441f8100df18_6734e1e8e9f60b9673bdb82d_Badia%2520a%2520Coltibuono%2520Chianti%2520Classico%2520Riserva%25202019.png,,2021,clay-limestone,sangiovese; canaiolo,red,298,,Kimmeridgian limestone,Stainless steel,12 months (partial oak),"Green apple, citrus, flint, saline, Shellfish, white fish, goat cheese",91–93 (Burghound),,354681,Badia a Coltibuono Chianti Classico Riserva 2019
Barone Ricasoli 'Brolio Riserva' Chianti Classico DOCG 1969,barone-ricasoli-brolio-riserva-chianti-classico-docg-1969,675834b9bb95cd936a45d91a,672cb53b9f8f60aabd3a77c2,675b274199b4070c0ac4eb85,Thu Dec 12 2024 18:11:13 GMT+0000 (Coordinated Universal Time),Wed Dec 18 2024 14:57:40 GMT+0000 (Coordinated Universal Time),Wed Dec 18 2024 14:57:40 GMT+0000 (Coordinated Universal Time),https://cdn.prod.website-files.com/672cb53b9f8f60aabd3a77f1/675b274199b4070c0ac4eb3d_67320837257506d26ea2a547_Barone%2520Ricasoli%2520_Brolio%2520Riserva_%2520Chianti%2520Classico%2520DOCG%25201969.png,,1969,galestro; limestone,sangiovese; canaiolo,red,459,,Traditional fermentation,24 months in large oak casks,"Dried red fruits, leather, earth, and spice","Roasted meats, aged Pecorino, tomato dishes",Historic vintage,,354683,Barone Ricasoli 'Brolio Riserva' Chianti Classico DOCG 1969
Barone Ricasoli Chianti Riserva 1969,barone-ricasoli-chianti-riserva-1969,675834b9bb95cd936a45d91a,672cb53b9f8f60aabd3a77c2,675b2741323f34ba9d24f062,Thu Dec 12 2024 18:11:13 GMT+0000 (Coordinated Universal Time),Wed Dec 18 2024 14:55:45 GMT+0000 (Coordinated Universal Time),Wed Dec 18 2024 14:59:00 GMT+0000 (Coordinated Universal Time),https://cdn.prod.website-files.com/672cb53b9f8f60aabd3a77f1/675b2741323f34ba9d24f042_673207748570af8dd7bb7e3f_Barone%2520Ricasoli%2520_Brolio%2520Riserva_%2520Chianti%2520Classico%2520DOCG%25201969.jpeg,,1969,galestro; limestone,sangiovese; canaiolo,red,599,,Traditional fermentation,24 months in large oak casks,"Dried cherry, leather, spice, earthy notes","Aged cheeses, roasted lamb, tomato-based dishes",Historic; collectible vintage,,354685,Barone Ricasoli Chianti Riserva 1969
Bersano Barolo 1978,bersano-barolo-1978,675834b9bb95cd936a45d91a,672cb53b9f8f60aabd3a77c2,675b2741fd842a9391306395,Thu Dec 12 2024 18:11:13 GMT+0000 (Coordinated Universal Time),Wed Dec 18 2024 14:55:45 GMT+0000 (Coordinated Universal Time),Wed Dec 18 2024 14:59:00 GMT+0000 (Coordinated Universal Time),https://cdn.prod.website-files.com/672cb53b9f8f60aabd3a77f1/675b2741fd842a9391306354_67320837c0514bb1b0f01d1b_Bersano%2520Barolo%25201978.png,,1978,clay-limestone,nebbiolo,red,699,,Extended maceration,36 months in large oak barrels,"Roses, tar, dried cherries, forest floor","Truffle dishes, braised beef, hard cheeses",Highly regarded classic,,354687,Bersano Barolo 1978
Bertolo Barbaresco Riserva Speciale 1964,bertolo-barbaresco-riserva-speciale-1964,675834b9bb95cd936a45d91a,672cb53b9f8f60aabd3a77c2,675b2742cc258dc50627a7ea,Thu Dec 12 2024 18:11:14 GMT+0000 (Coordinated Universal Time),Wed Dec 18 2024 14:55:45 GMT+0000 (Coordinated Universal Time),Wed Dec 18 2024 14:59:00 GMT+0000 (Coordinated Universal Time),https://cdn.prod.website-files.com/672cb53b9f8f60aabd3a77f1/675b2742cc258dc50627a7b7_6732083ae46264bdf92fa889_Bertolo%2520Barbaresco%2520Riserva%2520Speciale%25201964.png,,1964,clay-limestone,nebbiolo,red,668,,Traditional fermentation,36+ months in large oak casks,"Tobacco, dried flowers, red currants, licorice","Wild game, mushroom dishes, aged cheeses",Exceptional for aging,,354689,Bertolo Barbaresco Riserva Speciale 1964
Billaud Simon Chablis Tête d'Or 2021,billaud-simon-chablis-tete-dor-2021,675834b9bb95cd936a45d91a,672cb53b9f8f60aabd3a77c2,675b2742af55d8f98b65528e,Thu Dec 12 2024 18:11:14 GMT+0000 (Coordinated Universal Time),Wed Dec 18 2024 14:55:45 GMT+0000 (Coordinated Universal Time),Wed Dec 18 2024 14:59:00 GMT+0000 (Coordinated Universal Time),https://cdn.prod.website-files.com/672cb53b9f8f60aabd3a77f1/675b2742af55d8f98b65522f_6734e1e8456701bbd0f3677b_Billaud%2520Simon%2520Chablis%2520Te%25CC%2582te%2520d%2527Or%25202021.png,,2021,kimmeridgian-limestone,chardonnay,white,338,,"Stainless steel, partial oak",12 months (partial oak),"Green apple, citrus, flint, saline","Shellfish, white fish, goat cheese",91–93 (Burghound),,354691,Billaud Simon Chablis Tete d'Or 2021
Blank Canvas Anandale Farm Riesling 2023,blank-canvas-anandale-farm-riesling-2023,675834b9bb95cd936a45d91a,672cb53b9f8f60aabd3a77c2,675b2742d05f410629a6b073,Thu Dec 12 2024 18:11:14 GMT+0000 (Coordinated Universal Time),Wed Dec 18 2024 14:55:47 GMT+0000 (Coordinated Universal Time),Wed Dec 18 2024 14:59:00 GMT+0000 (Coordinated Universal Time),,,2023,gravel; loam; clay,riesling,white,248,,Stainless steel fermentation,Short lees aging,"Lime zest, white peach, floral notes, crisp acidity","Spicy Asian cuisine, seafood, salads",Recent vintage (high expectations),,354693,Blank Canvas Anandale Farm Riesling 2023
Blank Canvas Anthem Vineyard Pinot Noir 2019,blank-canvas-anthem-vineyard-pinot-noir-2019,675834b9bb95cd936a45d91a,672cb53b9f8f60aabd3a77c2,675b274487e870338563213b,Thu Dec 12 2024 18:11:16 GMT+0000 (Coordinated Universal Time),Wed Dec 18 2024 14:55:45 GMT+0000 (Coordinated Universal Time),Wed Dec 18 2024 14:59:00 GMT+0000 (Coordinated Universal Time),https://cdn.prod.website-files.com/672cb53b9f8f60aabd3a77f1/675b274387e8703385631fc6_6734e1e96684bfa6b30ad947_Blank%2520Canvas%2520Anthem%2520Vineyard%2520Pinot%2520Noir%25202019.png,,2019,clay; loam,pinot-noir,red,355,,Wild yeast fermentation,12 months in French oak (25% new),"Red cherry, wild berries, savory herbs, fine tannins","Duck, lamb, mushroom-based dishes",95 (Bob Campbell MW),,354695,Blank Canvas Anthem Vineyard Pinot Noir 2019
Blank Canvas Wines Settlement Vineyard Pinot Noir 2020,blank-canvas-wines-settlement-vineyard-pinot-noir-2020,675834b9bb95cd936a45d91a,672cb53b9f8f60aabd3a77c2,675b2743cb384e11ef6fb6ce,Thu Dec 12 2024 18:11:15 GMT+0000 (Coordinated Universal Time),Wed Dec 18 2024 14:55:46 GMT+0000 (Coordinated Universal Time),Wed Dec 18 2024 14:59:00 GMT+0000 (Coordinated Universal Time),https://cdn.prod.website-files.com/672cb53b9f8f60aabd3a77f1/675b2743cb384e11ef6fb6a7_6734e1e74b01a8e2f00d57aa_Blank%2520Canvas%2520Wines%2520Settlement%2520Vineyard%2520Pinot%2520Noir%2520Marlborough%25202020.png,,2020,gravel; clay,pinot-noir,red,355,,Native yeast fermentation,11 months in French oak (30% new),"Raspberry, dark cherry, spice, forest floor","Grilled salmon, game bird, truffle dishes",96 (Cameron Douglas MS),,354697,Blank Canvas Wines Settlement Vineyard Pinot Noir 2020
Bollinger PN AYC18 2018,bollinger-pn-ayc18-2018,675834b9bb95cd936a45d91a,672cb53b9f8f60aabd3a77c2,675b2745c3370326b62086ec,Thu Dec 12 2024 18:11:17 GMT+0000 (Coordinated Universal Time),Wed Dec 18 2024 14:55:46 GMT+0000 (Coordinated Universal Time),Wed Dec 18 2024 14:59:00 GMT+0000 (Coordinated Universal Time),https://cdn.prod.website-files.com/672cb53b9f8f60aabd3a77f1/675b2744c3370326b6208646_6734e1e7ea5bf88a407e96a0_Bollinger%2520PN%2520AYC18%25202018.png,,2018,chalk,pinot-noir,red,828,,Traditional Champagne method,36+ months on lees,"Ripe apple, brioche, hints of red berries","Oysters, caviar, light creamy dishes",94 (Wine Spectator),,354699,Bollinger PN AYC18 2018
Borgogno Serio & Battista Barolo Riserva del Centenario 1974,borgogno-serio-battista-barolo-riserva-del-centenario-1974,675834b9bb95cd936a45d91a,672cb53b9f8f60aabd3a77c2,675b2743af55d8f98b655316,Thu Dec 12 2024 18:11:15 GMT+0000 (Coordinated Universal Time),Wed Dec 18 2024 14:55:46 GMT+0000 (Coordinated Universal Time),Wed Dec 18 2024 14:59:00 GMT+0000 (Coordinated Universal Time),https://cdn.prod.website-files.com/672cb53b9f8f60aabd3a77f1/675b2743af55d8f98b655307_673208372a8660abb1b7b29b_Borgogno%2520Serio%2520%2526%2520Battista%2520Barolo%2520Riserva%2520del%2520Centenario%25201974.png,,1974,clay-limestone,nebbiolo,red,788,,"Long maceration, natural yeasts",48+ months in large oak barrels,"Roses, tar, black tea, dried cherries","Truffle pasta, game meats, aged cheeses",Renowned classic vintage,,354701,Borgogno Serio & Battista Barolo Riserva del Centenario 1974
Brezza Barolo 1978,brezza-barolo-1978,675834b9bb95cd936a45d91a,672cb53b9f8f60aabd3a77c2,675b274535c8eb9a8cb08ddd,Thu Dec 12 2024 18:11:17 GMT+0000 (Coordinated Universal Time),Wed Dec 18 2024 14:55:46 GMT+0000 (Coordinated Universal Time),Wed Dec 18 2024 14:59:00 GMT+0000 (Coordinated Universal Time),https://cdn.prod.website-files.com/672cb53b9f8f60aabd3a77f1/675b274435c8eb9a8cb08dc0_6732083c338db028baa8c958_Brezza%2520Barolo%25201978.png,,1978,sandstone; marl,nebbiolo,red,699,,"Extended maceration, large casks",36+ months in Slavonian oak,"Floral, dried berries, tobacco, earthy undertones","Osso buco, mushroom risotto, aged Parmigiano",Excellent vintage,,354703,Brezza Barolo 1978
Brovia Barolo Brea Vigna Ca' Mia 2018,brovia-barolo-brea-vigna-ca-mia-2018,675834b9bb95cd936a45d91a,672cb53b9f8f60aabd3a77c2,675b27464d4699b29ad769cb,Thu Dec 12 2024 18:11:18 GMT+0000 (Coordinated Universal Time),Wed Dec 18 2024 14:55:46 GMT+0000 (Coordinated Universal Time),Wed Dec 18 2024 14:59:00 GMT+0000 (Coordinated Universal Time),https://cdn.prod.website-files.com/672cb53b9f8f60aabd3a77f1/675b27464d4699b29ad76917_67385ad12aa3b51fcbee2a00_Brovia%2520Barolo%2520Brea%2520Vigna%2520Ca%2527%2520Mia%25202018.png,,2018,clay-limestone,nebbiolo,red,838,,Extended maceration,24–36 months in large oak barrels,"Roses, tar, red fruit, savory herbs","Truffle dishes, braised beef",95+ (Vinous),,354705,Brovia Barolo Brea Vigna Ca' Mia 2018
Brovia Barolo Garblet Suè 2018,brovia-barolo-garblet-sue-2018,675834b9bb95cd936a45d91a,672cb53b9f8f60aabd3a77c2,675b27450935ed67deddf8ed,Thu Dec 12 2024 18:11:17 GMT+0000 (Coordinated Universal Time),Wed Dec 18 2024 14:55:46 GMT+0000 (Coordinated Universal Time),Wed Dec 18 2024 14:59:00 GMT+0000 (Coordinated Universal Time),https://cdn.prod.website-files.com/672cb53b9f8f60aabd3a77f1/675b27450935ed67deddf8d1_67385ad23c6b445a0002ad73_Brovia%2520Barolo%2520Garblet%2520Sue%25CC%2580%25202018.png,,2018,limestone; clay,nebbiolo,red,838,,Wild yeast fermentation,24 months in large oak barrels,"Red berries, violets, tobacco, mineral nuances","Roasted lamb, truffle dishes, tagliatelle",95–97 (Vinous; Wine Advocate),,354707,Brovia Barolo Garblet Sue 2018
"Bruno Desaunay-Bissey, Vosne-Romanée 1993",bruno-desaunay-bissey-vosne-romanee-1993,675834b9bb95cd936a45d91a,672cb53b9f8f60aabd3a77c2,675b2745d68d4adf129db990,Thu Dec 12 2024 18:11:17 GMT+0000 (Coordinated Universal Time),Wed Dec 18 2024 14:55:47 GMT+0000 (Coordinated Universal Time),Wed Dec 18 2024 14:59:00 GMT+0000 (Coordinated Universal Time),https://cdn.prod.website-files.com/672cb53b9f8f60aabd3a77f1/675b2744d68d4adf129db953_67386df83c6b445a000e0d38_Bruno%2520Desaunay-Bissey%252C%2520Vosne-Romanee.png,,1993,limestone; clay,pinot-noir,red,698,,Natural fermentation,12–18 months in French oak,"Red cherries, sous-bois, earthy minerality","Duck breast, coq au vin, soft cheeses",Excellent; age-worthy vintage,,354709,"Bruno Desaunay-Bissey, Vosne-Romanee 1993"
Cantina Vignaioli Barbaresco 1974,cantina-vignaioli-barbaresco-1974,675834b9bb95cd936a45d91a,672cb53b9f8f60aabd3a77c2,675b27461e44e01bc7c4fa9d,Thu Dec 12 2024 18:11:18 GMT+0000 (Coordinated Universal Time),Wed Dec 18 2024 14:55:47 GMT+0000 (Coordinated Universal Time),Wed Dec 18 2024 14:59:00 GMT+0000 (Coordinated Universal Time),https://cdn.prod.website-files.com/672cb53b9f8f60aabd3a77f1/675b27451e44e01bc7c4fa7a_67320838ba95d91b9196615e_Cantina%2520Vignaioli%2520Barbaresco%25201974.png,,1974,sand; clay,nebbiolo,red,758,,Traditional fermentation,36+ months in large oak,"Dried flowers, cherries, anise, and earthy spice","Polenta with mushrooms, venison, aged cheeses",Highly regarded vintage,,354713,Cantina Vignaioli Barbaresco 1974
Cantina Vignaioli Barbaresco 1989,cantina-vignaioli-barbaresco-1989,675834b9bb95cd936a45d91a,672cb53b9f8f60aabd3a77c2,675b27460935ed67deddf9c9,Thu Dec 12 2024 18:11:18 GMT+0000 (Coordinated Universal Time),Wed Dec 18 2024 14:55:47 GMT+0000 (Coordinated Universal Time),Wed Dec 18 2024 14:59:00 GMT+0000 (Coordinated Universal Time),https://cdn.prod.website-files.com/672cb53b9f8f60aabd3a77f1/675b27460935ed67deddf9ae_67320837a8f403004f6e405a_Cantina%2520Vignaioli%2520Barbaresco%25201989.png,,1989,sand; clay,nebbiolo,red,758,,Traditional fermentation,36+ months in large oak,"Roses, red plums, leather, hints of forest floor","Rabbit stew, risotto, mushroom-based dishes",Exceptional vintage,,354715,Cantina Vignaioli Barbaresco 1989
Cantina del Glicine Barbaresco Riserva Speciale Vigna del Marcorino 1985,cantina-del-glicine-barbaresco-riserva-speciale-vigna-del-marcorino-1985,675834b9bb95cd936a45d91a,672cb53b9f8f60aabd3a77c2,675b2747302e0731d32f81a3,Thu Dec 12 2024 18:11:19 GMT+0000 (Coordinated Universal Time),Wed Dec 18 2024 14:55:47 GMT+0000 (Coordinated Universal Time),Wed Dec 18 2024 14:59:00 GMT+0000 (Coordinated Universal Time),https://cdn.prod.website-files.com/672cb53b9f8f60aabd3a77f1/675b2746302e0731d32f810b_673462405404f4a4d3ca2f21_Cantina%2520del%2520Glicine%2520Barbaresco%2520Riserva%2520Speciale%2520Vigna%2520del%2520Marcorino%25201985.png,,1985,clay-limestone,nebbiolo,red,689,,Traditional fermentation,36+ months in oak,"Dried violets, red currants, truffle, tar","Wild game, braised meats, mature cheeses",Outstanding vintage,,354711,Cantina del Glicine Barbaresco Riserva Speciale Vigna del Marcorino 1985
Casa del Cervo Brunello di Montalcino DOCG Tuscany 1998,casa-del-cervo-brunello-di-montalcino-docg-tuscany-1998,675834b9bb95cd936a45d91a,672cb53b9f8f60aabd3a77c2,675b2747d464bc23eea1b8cd,Thu Dec 12 2024 18:11:19 GMT+0000 (Coordinated Universal Time),Wed Dec 18 2024 14:55:47 GMT+0000 (Coordinated Universal Time),Wed Dec 18 2024 14:59:00 GMT+0000 (Coordinated Universal Time),https://cdn.prod.website-files.com/672cb53b9f8f60aabd3a77f1/675b2747d464bc23eea1b81c_67320836327d1fb63860632d_Casa%2520del%2520Cervo%2520Brunello%2520di%2520Montalcino%2520DOCG%2520Tuscany%25201998.png,,1998,clay-limestone; marl,sangiovese-grosso,red,699,,"Long maceration, large oak casks",36–48 months in Slavonian oak,"Black cherry, leather, tobacco, and earthy complexity","Bistecca alla Fiorentina, wild boar, Pecorino",Balanced; classic vintage,,354717,Casa del Cervo Brunello di Montalcino DOCG Tuscany 1998
Castello Banfi Chardonnay della Toscana Forza Italia con foto di politici italiani 1989,castello-banfi-chardonnay-della-toscana-forza-italia-con-foto-di-politici-italiani-1989,675834b9bb95cd936a45d91a,672cb53b9f8f60aabd3a77c2,675b274666b985d10e7f5a9d,Thu Dec 12 2024 18:11:18 GMT+0000 (Coordinated Universal Time),Wed Dec 18 2024 14:55:47 GMT+0000 (Coordinated Universal Time),Wed Dec 18 2024 14:59:00 GMT+0000 (Coordinated Universal Time),https://cdn.prod.website-files.com/672cb53b9f8f60aabd3a77f1/675b274666b985d10e7f5a92_67386df8102f21ca9caf22d5_Castello%2520Banfi%2520Chardonnay%2520della%2520Toscana%2520Forza%2520Italia%25201989.png,,1989,clay-limestone,chardonnay,white,290,,Barrel fermentation,12 months in French oak,"Yellow apple, vanilla, nutmeg, toasted almond","Creamy pasta, roasted chicken, seafood",Limited-edition novelty wine,,354719,Castello Banfi Chardonnay della Toscana Forza Italia con foto di politici italiani 1989
Castello Monterinaldi Chianti Classico 1974,castello-monterinaldi-chianti-classico-1974,675834b9bb95cd936a45d91a,672cb53b9f8f60aabd3a77c2,675b2748416c3d1485102eb0,Thu Dec 12 2024 18:11:20 GMT+0000 (Coordinated Universal Time),Wed Dec 18 2024 14:55:48 GMT+0000 (Coordinated Universal Time),Wed Dec 18 2024 14:59:00 GMT+0000 (Coordinated Universal Time),https://cdn.prod.website-files.com/672cb53b9f8f60aabd3a77f1/675b2748416c3d1485102e29_67386df8e460f410acd7acbf_Castello%2520Monterinaldi%2520Chianti%2520Classico%25201974.png,,1974,limestone; clay,sangiovese; canaiolo,red,458,,Traditional fermentation,12–24 months in large oak casks,"Cherry, plum, leather, and hints of tobacco","Wild boar, aged cheeses, grilled vegetables",Aged well,,354723,Castello Monterinaldi Chianti Classico 1974
Castello di Meleto Chianti Classico 1974,castello-di-meleto-chianti-classico-1974,675834b9bb95cd936a45d91a,672cb53b9f8f60aabd3a77c2,675b274866dff41158440685,Thu Dec 12 2024 18:11:20 GMT+0000 (Coordinated Universal Time),Wed Dec 18 2024 14:55:48 GMT+0000 (Coordinated Universal Time),Wed Dec 18 2024 14:59:00 GMT+0000 (Coordinated Universal Time),https://cdn.prod.website-files.com/672cb53b9f8f60aabd3a77f1/675b274866dff411584405ea_67386df970c197f9a507cb2d_Castello%2520di%2520Meleto%2520Chianti%2520Classico%25201974.png,,1974,galestro; clay-limestone,sangiovese; canaiolo,red,458,,Traditional fermentation,12–24 months in large oak casks,"Red fruits, earthy tones, spice, dried flowers","Pasta with tomato sauce, roasted meats",Historic vintage,,354721,Castello di Meleto Chianti Classico 1974
Champagne Egly-Ouriet Les Premices Brut NV,champagne-egly-ouriet-les-premices-brut-nv,675834b9bb95cd936a45d91a,672cb53b9f8f60aabd3a77c2,675b2747f9e406bf85e280da,Thu Dec 12 2024 18:11:19 GMT+0000 (Coordinated Universal Time),Wed Dec 18 2024 14:55:48 GMT+0000 (Coordinated Universal Time),Wed Dec 18 2024 14:59:00 GMT+0000 (Coordinated Universal Time),https://cdn.prod.website-files.com/672cb53b9f8f60aabd3a77f1/675b2747f9e406bf85e28099_67386df8d746e88bae847b1e_Champagne%2520Egly%2520Ouriet%2520Les%2520Premices%2520Brut%2520NV.png,,NV blend,chalk; clay; limestone,pinot-noir; chardonnay; pinot-meunier,sparkling,498,,Partial barrel fermentation,36+ months on lees,"Citrus, brioche, minerality, subtle creaminess","Shellfish, caviar, soft cheeses",92–94 (Wine Advocate; Vinous),,354725,Champagne Egly-Ouriet Les Premices Brut NV
"Champagne Laurent Lequart Blanc de Blancs, Brut",champagne-laurent-lequart-blanc-de-blancs-brut,675834b9bb95cd936a45d91a,672cb53b9f8f60aabd3a77c2,675b2748b4df5b835ffb8799,Thu Dec 12 2024 18:11:20 GMT+0000 (Coordinated Universal Time),Wed Dec 18 2024 14:55:48 GMT+0000 (Coordinated Universal Time),Wed Dec 18 2024 14:59:00 GMT+0000 (Coordinated Universal Time),https://cdn.prod.website-files.com/672cb53b9f8f60aabd3a77f1/675b2747b4df5b835ffb8769_67320836e6bbdfedfb6b0e78_Champagne%2520Laurent%2520Lequart%2520Blanc%2520de%2520Blancs%252C%2520Brut.png,,NV blend,chalk,chardonnay,sparkling; white,478,,Stainless steel fermentation,36 months on lees,"Green apple, pear, floral notes, hints of almond","Oysters, goat cheese, white fish",90–92 (Wine Enthusiast),,354727,"Champagne Laurent Lequart Blanc de Blancs, Brut"
"Champagne Laurent Lequart Blanc de Noirs, Brut Nature",champagne-laurent-lequart-blanc-de-noirs-brut-nature,675834b9bb95cd936a45d91a,672cb53b9f8f60aabd3a77c2,675b2748a8d3c8473c014a92,Thu Dec 12 2024 18:11:20 GMT+0000 (Coordinated Universal Time),Wed Dec 18 2024 14:55:48 GMT+0000 (Coordinated Universal Time),Wed Dec 18 2024 14:59:00 GMT+0000 (Coordinated Universal Time),https://cdn.prod.website-files.com/672cb53b9f8f60aabd3a77f1/675b2748a8d3c8473c014a2f_6732083c0534c63071d34375_Champagne%2520Laurent%2520Lequart%2520Blanc%2520de%2520Noirs%252C%2520Brut%2520Nature.png,,NV blend,chalk; clay,pinot-noir,sparkling; red,478,,Stainless steel fermentation,24–36 months on lees,"Red berries, plum, brioche, vibrant acidity","Duck, charcuterie, roasted poultry",91+ (Wine Spectator),,354729,"Champagne Laurent Lequart Blanc de Noirs, Brut Nature"
Champagne Laurent Lequart Le Coteau de Lolo,champagne-laurent-lequart-le-coteau-de-lolo,675834b9bb95cd936a45d91a,672cb53b9f8f60aabd3a77c2,675b27492744787d25b7d1da,Thu Dec 12 2024 18:11:21 GMT+0000 (Coordinated Universal Time),Wed Dec 18 2024 14:55:48 GMT+0000 (Coordinated Universal Time),Wed Dec 18 2024 14:59:00 GMT+0000 (Coordinated Universal Time),https://cdn.prod.website-files.com/672cb53b9f8f60aabd3a77f1/675b27492744787d25b7d130_6734620346935dda2b9145bc_Champagne%2520Laurent%2520Lequart%2520Le%2520Coteau%2520de%2520Lolo.png,,NV blend,sand; chalk,pinot-meunier,sparkling; red,478,,"Wild yeast fermentation, oak aging",24+ months on lees,"Stone fruits, toast, honeyed nuts, saline finish","Lobster, creamy pasta, mushroom dishes",93–95 (Vinous; Decanter),,354731,Champagne Laurent Lequart Le Coteau de Lolo
"Champagne Laurent Lequart Reserve, Extra Brut",champagne-laurent-lequart-reserve-extra-brut,675834b9bb95cd936a45d91a,672cb53b9f8f60aabd3a77c2,675b274a5577966c5986a506,Thu Dec 12 2024 18:11:22 GMT+0000 (Coordinated Universal Time),Wed Dec 18 2024 14:55:49 GMT+0000 (Coordinated Universal Time),Wed Dec 18 2024 14:59:00 GMT+0000 (Coordinated Universal Time),https://cdn.prod.website-files.com/672cb53b9f8f60aabd3a77f1/675b2748b99c0cc95dccf41e_67320838ac101628a1f7a490_Champagne%2520Laurent%2520Lequart%2520Reserve%252C%2520Extra%2520Brut.png,,NV blend,chalk; limestone,pinot-meunier; chardonnay,sparkling,328,,Partial oak fermentation,30+ months on lees,"Citrus, stone fruit, toasted hazelnuts, vibrant minerality","Grilled seafood, risotto, mild cheeses",92–93 (Wine Enthusiast),,354733,"Champagne Laurent Lequart Reserve, Extra Brut"
"Champagne Laurent Lequart Reserve, Extra Brut, Magnum",champagne-laurent-lequart-reserve-extra-brut-magnum,675834b9bb95cd936a45d91a,672cb53b9f8f60aabd3a77c2,675b2749b99c0cc95dccf4a9,Thu Dec 12 2024 18:11:21 GMT+0000 (Coordinated Universal Time),Wed Dec 18 2024 14:55:48 GMT+0000 (Coordinated Universal Time),Wed Dec 18 2024 14:59:00 GMT+0000 (Coordinated Universal Time),https://cdn.prod.website-files.com/672cb53b9f8f60aabd3a77f1/675b2748b99c0cc95dccf41e_67320838ac101628a1f7a490_Champagne%2520Laurent%2520Lequart%2520Reserve%252C%2520Extra%2520Brut.png,,NV blend,chalk; limestone,pinot-meunier; chardonnay,sparkling,680,,Partial oak fermentation,36+ months on lees,Similar to standard Reserve but more nuanced and complex,"Sushi, roasted chicken, creamy cheese",94 (Magnum scores higher),,354735,"Champagne Laurent Lequart Reserve, Extra Brut, Magnum"
"Champagne Laurent Lequart Rose Blanche d'Andésyne, Extra Brut",champagne-laurent-lequart-rose-blanche-dandesyne-extra-brut,675834b9bb95cd936a45d91a,672cb53b9f8f60aabd3a77c2,675b2749061aeb5c8775c06b,Thu Dec 12 2024 18:11:21 GMT+0000 (Coordinated Universal Time),Wed Dec 18 2024 14:55:49 GMT+0000 (Coordinated Universal Time),Wed Dec 18 2024 14:59:00 GMT+0000 (Coordinated Universal Time),https://cdn.prod.website-files.com/672cb53b9f8f60aabd3a77f1/675b2749061aeb5c8775c013_6732083a1637a87ca7b4387f_Champagne%2520Laurent%2520Lequart%2520Rose%2520Blanche%2520d_Ande%25CC%2581syne%252C%2520Extra%2520Brut.png,,NV blend,chalk; sand,pinot-meunier; chardonnay,sparkling,478,,Maceration for rosé color,24–36 months on lees,"Red currant, wild strawberries, floral and citrus notes","Salmon, duck confit, berry desserts",91–92 (Wine Advocate),,354737,"Champagne Laurent Lequart Rose Blanche d'Andesyne, Extra Brut"
"Champagne Laurent Lequart Vintage 2015, Brut",champagne-laurent-lequart-vintage-2015-brut,675834b9bb95cd936a45d91a,672cb53b9f8f60aabd3a77c2,675b274a6391c7c3e243658c,Thu Dec 12 2024 18:11:22 GMT+0000 (Coordinated Universal Time),Wed Dec 18 2024 14:55:49 GMT+0000 (Coordinated Universal Time),Wed Dec 18 2024 14:59:00 GMT+0000 (Coordinated Universal Time),https://cdn.prod.website-files.com/672cb53b9f8f60aabd3a77f1/675b274a6391c7c3e24364ef_67320838c9a45c79ba313417_Champagne%2520Laurent%2520Lequart%2520Vintage%25202015%252C%2520Brut.png,,2015,chalk; limestone,pinot-meunier; chardonnay,sparkling,770,,Barrel and stainless steel mix,60 months on lees,"Rich brioche, orchard fruit, toasted almonds, long finish","Truffle dishes, foie gras, aged cheeses",95–96 (Wine Spectator),,354739,"Champagne Laurent Lequart Vintage 2015, Brut"
"Chanson Père et Fils, La Dominode Savigny-les-Beaune 1er Cru 2014",chanson-pere-et-fils-la-dominode-savigny-les-beaune-1er-cru-2014,675834b9bb95cd936a45d91a,672cb53b9f8f60aabd3a77c2,675b274fc466249d939260a1,Thu Dec 12 2024 18:11:27 GMT+0000 (Coordinated Universal Time),Wed Dec 18 2024 14:55:49 GMT+0000 (Coordinated Universal Time),Wed Dec 18 2024 14:59:00 GMT+0000 (Coordinated Universal Time),https://cdn.prod.website-files.com/672cb53b9f8f60aabd3a77f1/675b274ec466249d93925fe3_6732083bba95d91b9196659a_Chanson%2520Pere%2520et%2520Fils%252C%2520La%2520Dominode%2520Savigny-%2520les-Beaune%25201er%2520Cru%25202014.png,,2014,clay-limestone,pinot-noir,red,450,,Traditional fermentation,14–16 months in French oak barrels,"Dark cherry, black currant, earth, spice, silky tannins","Duck, lamb, mushroom dishes",92–94 (Wine Advocate),,354741,"Chanson Pere et Fils, La Dominode Savigny-les-Beaune 1er Cru 2014"
Chapuis & Chapuis Aloxe Corton 1er Cru Rouge 2022,chapuis-chapuis-aloxe-corton-1er-cru-rouge-2022,675834b9bb95cd936a45d91a,672cb53b9f8f60aabd3a77c2,675b274a8cf711197707f825,Thu Dec 12 2024 18:11:22 GMT+0000 (Coordinated Universal Time),Wed Dec 18 2024 14:55:50 GMT+0000 (Coordinated Universal Time),Wed Dec 18 2024 14:59:00 GMT+0000 (Coordinated Universal Time),https://cdn.prod.website-files.com/672cb53b9f8f60aabd3a77f1/675b274a8cf711197707f7be_673208370ebf7cf7dfd77b5b_Chapuis%2520%2526%2520Chapuis%2520Aloxe%2520Corton%25201er%2520Cru%2520Rouge%25202022.png,,2022,clay-limestone,pinot-noir,red,778,,Natural fermentation,12–15 months in French oak,"Raspberry, plum, herbal notes, mineral finish","Grilled meats, charcuterie, aged cheeses",91+ (Decanter),,354743,Chapuis & Chapuis Aloxe Corton 1er Cru Rouge 2022
Chapuis & Chapuis Rully Blanc 2022,chapuis-chapuis-rully-blanc-2022,675834b9bb95cd936a45d91a,672cb53b9f8f60aabd3a77c2,675b274b6391c7c3e2436621,Thu Dec 12 2024 18:11:23 GMT+0000 (Coordinated Universal Time),Wed Dec 18 2024 14:55:49 GMT+0000 (Coordinated Universal Time),Wed Dec 18 2024 14:59:00 GMT+0000 (Coordinated Universal Time),https://cdn.prod.website-files.com/672cb53b9f8f60aabd3a77f1/675b274b6391c7c3e24365e6_6732083bb75bbb32981cf745_Chapuis%2520%2526%2520Chapuis%2520Rully%2520Blanc%25202022.png,,2022,marl; limestone,chardonnay,white,448,,Stainless steel and neutral oak,10–12 months in barrel,"Lemon, white peach, almond, subtle oak","Seafood, creamy pasta, soft cheeses",90–92 (Wine Spectator),,354745,Chapuis & Chapuis Rully Blanc 2022
Charles de Cazanove Blanc de Noir Brut Champagne (Christmas Edition 2023),charles-de-cazanove-blanc-de-noir-brut-champagne-christmas-edition-2023,675834b9bb95cd936a45d91a,672cb53b9f8f60aabd3a77c2,675b274b061aeb5c8775c12f,Thu Dec 12 2024 18:11:23 GMT+0000 (Coordinated Universal Time),Wed Dec 18 2024 14:55:49 GMT+0000 (Coordinated Universal Time),Wed Dec 18 2024 14:59:00 GMT+0000 (Coordinated Universal Time),https://cdn.prod.website-files.com/672cb53b9f8f60aabd3a77f1/675b274b061aeb5c8775c112_67386df8d6914ae792b6edc2_Charles%2520de%2520Cazanove%2520Vintage%25202016.png,,NV Blend,chalk; clay-limestone,pinot-noir; pinot-meunier,red,398,,Stainless steel fermentation,36 months on lees,"Red fruit, toast, light creaminess","Turkey, smoked salmon, festive desserts",91–93 (Wine Enthusiast),,354747,Charles de Cazanove Blanc de Noir Brut Champagne (Christmas Edition 2023)
Charles de Cazanove Cuvée Bio NV,charles-de-cazanove-cuvee-bio-nv,675834b9bb95cd936a45d91a,672cb53b9f8f60aabd3a77c2,675b274d391a4ea24dcd064f,Thu Dec 12 2024 18:11:25 GMT+0000 (Coordinated Universal Time),Wed Dec 18 2024 14:55:50 GMT+0000 (Coordinated Universal Time),Wed Dec 18 2024 14:59:00 GMT+0000 (Coordinated Universal Time),https://cdn.prod.website-files.com/672cb53b9f8f60aabd3a77f1/675b274c391a4ea24dcd0559_6734e1eb89d7394f7b76c605_Charles%2520de%2520Cazanove%2520Cuvee%2520Bio%2520NV.png,,NV Blend,chalk,chardonnay; pinot-noir,sparkling,338,,Organic-certified methods,24–36 months on lees,"Green apple, citrus, honeyed floral notes","Vegetarian dishes, white fish, goat cheese",90 (Wine Advocate),,354749,Charles de Cazanove Cuvée Bio NV
Charles de Cazanove Stradivarius 2007,charles-de-cazanove-stradivarius-2007,675834b9bb95cd936a45d91a,672cb53b9f8f60aabd3a77c2,675b274c3bc5e1bb8bb1d277,Thu Dec 12 2024 18:11:24 GMT+0000 (Coordinated Universal Time),Wed Dec 18 2024 14:55:50 GMT+0000 (Coordinated Universal Time),Wed Dec 18 2024 14:59:00 GMT+0000 (Coordinated Universal Time),https://cdn.prod.website-files.com/672cb53b9f8f60aabd3a77f1/675b274c3bc5e1bb8bb1d24a_673462cd60193e1e64a7fbb7_Charles%2520de%2520Cazanove%2520Stradivarius%25202007.png,,2007,chalk; clay,chardonnay; pinot-noir,sparkling,498,,Barrel fermentation for complexity,60+ months on lees,"Baked apple, brioche, hazelnuts, honeyed finish","Lobster, foie gras, aged cheeses",94–95 (Wine Spectator),,354751,Charles de Cazanove Stradivarius 2007
Charles de Cazanove Stradivarius Gold Brut Champagne 2009,charles-de-cazanove-stradivarius-gold-brut-champagne-2009,675834b9bb95cd936a45d91a,672cb53b9f8f60aabd3a77c2,675b274c5a35573310d28fc8,Thu Dec 12 2024 18:11:24 GMT+0000 (Coordinated Universal Time),Wed Dec 18 2024 14:55:50 GMT+0000 (Coordinated Universal Time),Wed Dec 18 2024 14:59:00 GMT+0000 (Coordinated Universal Time),https://cdn.prod.website-files.com/672cb53b9f8f60aabd3a77f1/675b274c5a35573310d28fae_6732083c977517353b70ab22_Charles%2520de%2520Cazanove%2520Stradivarius%2520Gold%2520Brut%2520Champagne%25202009.png,,2009,chalk,chardonnay; pinot-noir,sparkling,678,,"Barrel aging, extended lees contact",72+ months on lees,"Candied citrus, white flowers, toast, long creamy texture","Truffle dishes, roasted poultry, caviar",95+ (Decanter),,354753,Charles de Cazanove Stradivarius Gold Brut Champagne 2009
Charles de Cazanove Vintage 2016,charles-de-cazanove-vintage-2016,675834b9bb95cd936a45d91a,672cb53b9f8f60aabd3a77c2,675b274dcaeaffec3895d3b1,Thu Dec 12 2024 18:11:25 GMT+0000 (Coordinated Universal Time),Wed Dec 18 2024 14:55:50 GMT+0000 (Coordinated Universal Time),Wed Dec 18 2024 14:59:00 GMT+0000 (Coordinated Universal Time),https://cdn.prod.website-files.com/672cb53b9f8f60aabd3a77f1/675b274b061aeb5c8775c112_67386df8d6914ae792b6edc2_Charles%2520de%2520Cazanove%2520Vintage%25202016.png,,2016,limestone; chalk,chardonnay; pinot-noir,sparkling,398,,Traditional fermentation,60 months on lees,"Citrus zest, orchard fruit, almond, refreshing minerality","Grilled seafood, chicken, creamy cheeses",92–94 (Wine Advocate),,354755,Charles de Cazanove Vintage 2016
Château Brane-Cantenac 1999,chateau-brane-cantenac-1999,675834b9bb95cd936a45d91a,672cb53b9f8f60aabd3a77c2,675b274c5f874ed2f9e4ddcc,Thu Dec 12 2024 18:11:24 GMT+0000 (Coordinated Universal Time),Wed Dec 18 2024 14:55:50 GMT+0000 (Coordinated Universal Time),Wed Dec 18 2024 14:59:00 GMT+0000 (Coordinated Universal Time),https://cdn.prod.website-files.com/672cb53b9f8f60aabd3a77f1/675b274c5f874ed2f9e4ddb4_67385ad112ab66f45bc30e78_Chateau%2520Brane-Cantenac%25201999.png,,"1999, 2000, 2005",gravel; clay,cabernet-sauvignon; merlot,red,898,,Traditional vinification,18 months in French oak barrels,"Blackcurrant, cedar, tobacco, silky tannins","Roasted meats, game, mushroom dishes",91 (Wine Advocate),,354757,Chateau Brane-Cantenac 1999
Château Canon la Gaffelière 1976,chateau-canon-la-gaffeliere-1976,675834b9bb95cd936a45d91a,672cb53b9f8f60aabd3a77c2,675b274d1432392beb002b79,Thu Dec 12 2024 18:11:25 GMT+0000 (Coordinated Universal Time),Wed Dec 18 2024 14:55:50 GMT+0000 (Coordinated Universal Time),Wed Dec 18 2024 14:59:00 GMT+0000 (Coordinated Universal Time),https://cdn.prod.website-files.com/672cb53b9f8f60aabd3a77f1/675b274d1432392beb002b65_67346169338c6d9ea239eda3_Chateau%2520Canon%2520la%2520Gaffeliere%25201976.png,,"1975, 1976, 1982",limestone; clay,merlot; cabernet-franc,red,928,,Traditional Saint-Émilion methods,18 months in French oak barrels,"Aged notes of leather, dried herbs, fig, and truffle","Duck confit, lamb, aged cheeses",88 (Vintage aging focus),,354759,Chateau Canon la Gaffeliere 1976
Château Canon la Gaffelière Saint-Émilion Grand Cru 1994,chateau-canon-la-gaffeliere-saint-emilion-grand-cru-1994,675834b9bb95cd936a45d91a,672cb53b9f8f60aabd3a77c2,675b274d2e7c71c0dd1f7fd4,Thu Dec 12 2024 18:11:25 GMT+0000 (Coordinated Universal Time),Wed Dec 18 2024 14:55:51 GMT+0000 (Coordinated Universal Time),Wed Dec 18 2024 14:59:00 GMT+0000 (Coordinated Universal Time),https://cdn.prod.website-files.com/672cb53b9f8f60aabd3a77f1/675b274d2e7c71c0dd1f7fb8_6734e1ebb3985100e7448d52_Chateau%2520Canon%2520la%2520Gaffeliere%2520Saint-Emilion%2520Grand%2520Cru%25201994.png,,"1994, 1996, 2000",clay-limestone,merlot; cabernet-franc,red,688,,Gentle extraction and oak ageing,16–18 months in oak barrels,"Plum, cassis, hints of mocha, velvety texture","Beef Wellington, rack of lamb, soft cheeses",91 (Wine Spectator),,354761,Chateau Canon la Gaffeliere Saint-Émilion Grand Cru 1994
Château Chérubin 2009,chateau-cherubin-2009,675834b9bb95cd936a45d91a,672cb53b9f8f60aabd3a77c2,675b274e76596dde4e5fea3b,Thu Dec 12 2024 18:11:26 GMT+0000 (Coordinated Universal Time),Wed Dec 18 2024 14:55:51 GMT+0000 (Coordinated Universal Time),Wed Dec 18 2024 14:59:00 GMT+0000 (Coordinated Universal Time),https://cdn.prod.website-files.com/672cb53b9f8f60aabd3a77f1/675b274d76596dde4e5fea0c_673475c01fb6c50c98b15b43_Chateau%2520Cherubin%25202015.png,,"2009, 2010, 2015",clay-limestone,merlot; cabernet-sauvignon,red,1280,,"Gentle extraction, oak maturation",12–15 months in French oak,"Ripe black fruit, vanilla, subtle spice","Grilled red meats, ratatouille, mature cheeses",89–90 (Decanter),,354763,Chateau Chérubin 2009
Château Chérubin 2011,chateau-cherubin-2011,675834b9bb95cd936a45d91a,672cb53b9f8f60aabd3a77c2,675b274ea23b08dca54ca3eb,Thu Dec 12 2024 18:11:26 GMT+0000 (Coordinated Universal Time),Wed Dec 18 2024 14:55:51 GMT+0000 (Coordinated Universal Time),Wed Dec 18 2024 14:59:00 GMT+0000 (Coordinated Universal Time),https://cdn.prod.website-files.com/672cb53b9f8f60aabd3a77f1/675b274d76596dde4e5fea0c_673475c01fb6c50c98b15b43_Chateau%2520Cherubin%25202015.png,,"2009, 2011, 2015",clay-limestone,merlot; cabernet-franc,red,888,,Traditional vinification,12–14 months in oak barrels,"Blackberry, graphite, a touch of smoke","Herb-crusted pork, tomato-based dishes",88+ (Wine Enthusiast),,354765,Chateau Chérubin 2011
Château Chérubin 2013,chateau-cherubin-2013,675834b9bb95cd936a45d91a,672cb53b9f8f60aabd3a77c2,675b274e8dac4217f7d2486b,Thu Dec 12 2024 18:11:26 GMT+0000 (Coordinated Universal Time),Wed Dec 18 2024 14:55:52 GMT+0000 (Coordinated Universal Time),Wed Dec 18 2024 14:59:00 GMT+0000 (Coordinated Universal Time),https://cdn.prod.website-files.com/672cb53b9f8f60aabd3a77f1/675b274d76596dde4e5fea0c_673475c01fb6c50c98b15b43_Chateau%2520Cherubin%25202015.png,,"2010, 2013, 2014",gravel; clay,merlot; cabernet-franc,red,828,,Stainless steel and oak mix,10–12 months in oak barrels,"Red fruit, earthy undertones, slightly leaner texture","Charcuterie, grilled vegetables, goat cheese",87 (Wine Advocate),,354767,Chateau Chérubin 2013
Château Chérubin 2015,chateau-cherubin-2015,675834b9bb95cd936a45d91a,672cb53b9f8f60aabd3a77c2,675b274e5577966c5986ae75,Thu Dec 12 2024 18:11:26 GMT+0000 (Coordinated Universal Time),Wed Dec 18 2024 14:55:51 GMT+0000 (Coordinated Universal Time),Wed Dec 18 2024 14:59:00 GMT+0000 (Coordinated Universal Time),https://cdn.prod.website-files.com/672cb53b9f8f60aabd3a77f1/675b274d76596dde4e5fea0c_673475c01fb6c50c98b15b43_Chateau%2520Cherubin%25202015.png,,"2015, 2016, 2018",limestone; gravel,merlot; cabernet-sauvignon,red,988,,Careful temperature control,14–16 months in French oak,"Rich plum, cassis, vanilla, velvety tannins","Roast lamb, beef bourguignon, aged cheeses",91 (Wine Enthusiast),,354769,Chateau Chérubin 2015
Château Croizet-Bages 1982,chateau-croizet-bages-1982,675834b9bb95cd936a45d91a,672cb53b9f8f60aabd3a77c2,675b274e73555e4688508919,Thu Dec 12 2024 18:11:26 GMT+0000 (Coordinated Universal Time),Wed Dec 18 2024 14:55:51 GMT+0000 (Coordinated Universal Time),Wed Dec 18 2024 14:59:00 GMT+0000 (Coordinated Universal Time),https://cdn.prod.website-files.com/672cb53b9f8f60aabd3a77f1/675b274e73555e4688508900_67385ad20ff4a1de0cc26a60_Chateau%2520Croizet-Bages%25201982.png,,"1982, 1985, 1990",gravel; sand,cabernet-sauvignon; merlot,red,938,,Traditional vinification,18 months in French oak barrels,"Mature notes of leather, cedar, cigar box, and spice","Prime rib, wild game, truffle risotto",92 (Wine Advocate),,354771,Chateau Croizet-Bages 1982
Château Duhart-Milon 1978,chateau-duhart-milon-1978,675834b9bb95cd936a45d91a,672cb53b9f8f60aabd3a77c2,675b2752c032071eb45a1a7c,Thu Dec 12 2024 18:11:30 GMT+0000 (Coordinated Universal Time),Wed Dec 18 2024 14:55:54 GMT+0000 (Coordinated Universal Time),Wed Dec 18 2024 14:59:00 GMT+0000 (Coordinated Universal Time),https://cdn.prod.website-files.com/672cb53b9f8f60aabd3a77f1/675b2752c032071eb45a1a48_67346218352d8e2013fedd99_Chateau%2520Duhart-Milon%25201978.png,,"1978, 1982, 1989",gravel; clay,cabernet-sauvignon; merlot,red,1230,,Traditional Bordeaux methods,18 months in French oak barrels,"Matured notes of leather, cedar, dried fruit","Roast lamb, aged cheeses, mushroom dishes",88 (Decanter),,354795,Chateau Duhart-Milon 1978
Château Duhart-Milon 2004,chateau-duhart-milon-2004,675834b9bb95cd936a45d91a,672cb53b9f8f60aabd3a77c2,675b275224fd78adeb7c1629,Thu Dec 12 2024 18:11:30 GMT+0000 (Coordinated Universal Time),Wed Dec 18 2024 14:55:54 GMT+0000 (Coordinated Universal Time),Wed Dec 18 2024 14:59:00 GMT+0000 (Coordinated Universal Time),https://cdn.prod.website-files.com/672cb53b9f8f60aabd3a77f1/675b275224fd78adeb7c12ba_67385ad1ac831b128c8ae2ac_Chateau%2520Duhart-Milon%25202004.png,,"2004, 2005, 2006",gravel; clay,cabernet-sauvignon; merlot,red,999,,Classic Bordeaux vinification,14–16 months in French oak,"Red currants, graphite, tobacco, smooth finish","Grilled ribeye, ratatouille, Gruyère cheese",90 (Wine Advocate),,354797,Chateau Duhart-Milon 2004
Château Figeac 1980,chateau-figeac-1980,675834b9bb95cd936a45d91a,672cb53b9f8f60aabd3a77c2,675b27522b64815c4ab6ec55,Thu Dec 12 2024 18:11:30 GMT+0000 (Coordinated Universal Time),Wed Dec 18 2024 14:55:54 GMT+0000 (Coordinated Universal Time),Wed Dec 18 2024 14:59:00 GMT+0000 (Coordinated Universal Time),https://cdn.prod.website-files.com/672cb53b9f8f60aabd3a77f1/675b27522b64815c4ab6ec42_6734e1ec1e125c51d930b192_Chateau%2520Figeac%25201980.png,,"1980, 1983, 1985",gravel; sand,cabernet-franc; merlot,red,1930,,Fermentation in concrete vats,20 months in French oak barrels,"Dried red fruit, forest floor, hint of truffle","Duck confit, earthy lentils, hard cheeses",87 (Wine Spectator),,354799,Chateau Figeac 1980
Château Godeau Ducarpe 1998,chateau-godeau-ducarpe-1998,675834b9bb95cd936a45d91a,672cb53b9f8f60aabd3a77c2,675b27522b2aafeb4cfb098b,Thu Dec 12 2024 18:11:30 GMT+0000 (Coordinated Universal Time),Wed Dec 18 2024 14:55:55 GMT+0000 (Coordinated Universal Time),Wed Dec 18 2024 14:59:00 GMT+0000 (Coordinated Universal Time),https://cdn.prod.website-files.com/672cb53b9f8f60aabd3a77f1/675b27522b2aafeb4cfb0958_67385ad1d6914ae792ab85c8_Chateau%2520Godeau%2520Ducarpe%25201998.png,,"1998, 2000, 2005",clay-limestone,merlot; cabernet-franc,red,348,,Fermented in stainless steel,12–14 months in oak barrels,"Plum, blackberry, soft tannins","Roast pork, mushroom pasta, blue cheese",88 (Vinous),,354801,Chateau Godeau Ducarpe 1998
Château Haut-Bages Libéral 1988,chateau-haut-bages-liberal-1988,675834b9bb95cd936a45d91a,672cb53b9f8f60aabd3a77c2,675b27533bc5e1bb8bb1d6ed,Thu Dec 12 2024 18:11:31 GMT+0000 (Coordinated Universal Time),Wed Dec 18 2024 14:55:55 GMT+0000 (Coordinated Universal Time),Wed Dec 18 2024 14:59:00 GMT+0000 (Coordinated Universal Time),https://cdn.prod.website-files.com/672cb53b9f8f60aabd3a77f1/675b27523bc5e1bb8bb1d6cd_6734e1e95d3ea39698c1acf2_Chateau%2520Haut-Bages%2520Liberal%25201988.png,,"1988, 1986, 1990",gravel,cabernet-sauvignon; merlot,red,646,,Traditional Bordeaux vinification,18–20 months in oak barrels,"Cassis, leather, earthy undertones","Grilled lamb chops, root vegetables, aged cheeses",89 (Wine Enthusiast),,354803,Chateau Haut-Bages Libéral 1988
Château Haut-Batailley 1988,chateau-haut-batailley-1988,675834b9bb95cd936a45d91a,672cb53b9f8f60aabd3a77c2,675b2753b0e53cb6caee1373,Thu Dec 12 2024 18:11:31 GMT+0000 (Coordinated Universal Time),Wed Dec 18 2024 14:55:55 GMT+0000 (Coordinated Universal Time),Wed Dec 18 2024 14:59:00 GMT+0000 (Coordinated Universal Time),https://cdn.prod.website-files.com/672cb53b9f8f60aabd3a77f1/675b2753b0e53cb6caee134b_67386df8a8068b36ecc2f732_Chateau%2520Haut-Batailley%25201988.png,,"1988, 1986, 1990",gravel; clay,cabernet-sauvignon; merlot,red,698,,Classic Bordeaux methods,16–18 months in French oak barrels,"Dark fruit, cedar, tobacco, firm tannins","Ribeye steak, beef bourguignon, Parmesan",88+ (Wine Advocate),,354805,Chateau Haut-Batailley 1988
Château Haut-Batailley 1989,chateau-haut-batailley-1989,675834b9bb95cd936a45d91a,672cb53b9f8f60aabd3a77c2,675b2753302e0731d32f8816,Thu Dec 12 2024 18:11:31 GMT+0000 (Coordinated Universal Time),Wed Dec 18 2024 14:55:56 GMT+0000 (Coordinated Universal Time),Wed Dec 18 2024 14:59:00 GMT+0000 (Coordinated Universal Time),https://cdn.prod.website-files.com/672cb53b9f8f60aabd3a77f1/675b2753302e0731d32f8807_6734e1e9fd17aa5dc9ce595c_Chateau%2520Haut-Batailley%25201989.png,,"1989, 1990, 1995",gravel; clay,cabernet-sauvignon; merlot,red,888,,Classic Bordeaux methods,16–18 months in French oak barrels,"Ripe blackcurrants, earthy notes, elegant structure","Duck breast, mushroom risotto, Gruyère cheese",91 (Decanter),,354807,Chateau Haut-Batailley 1989
Château Haut-Brion 1980,chateau-haut-brion-1980,675834b9bb95cd936a45d91a,672cb53b9f8f60aabd3a77c2,675b27531432392beb002e59,Thu Dec 12 2024 18:11:31 GMT+0000 (Coordinated Universal Time),Wed Dec 18 2024 14:55:56 GMT+0000 (Coordinated Universal Time),Wed Dec 18 2024 14:59:00 GMT+0000 (Coordinated Universal Time),https://cdn.prod.website-files.com/672cb53b9f8f60aabd3a77f1/675b27531432392beb002e36_67385ad162341f743988bd15_Chateau%2520Haut-Brion%25201980.png,,"1980, 1982, 1985",gravel; clay,merlot; cabernet-sauvignon,red,3900,,Fermented in stainless steel,24–30 months in new French oak,"Dried black cherry, cigar box, truffle, smooth texture","Filet mignon, truffle pasta, Comté cheese",93 (Wine Spectator),,354809,Chateau Haut-Brion 1980
Château La Pointe Pomerol 1982,chateau-la-pointe-pomerol-1982,675834b9bb95cd936a45d91a,672cb53b9f8f60aabd3a77c2,675b275342e6050038141faf,Thu Dec 12 2024 18:11:31 GMT+0000 (Coordinated Universal Time),Wed Dec 18 2024 14:55:56 GMT+0000 (Coordinated Universal Time),Wed Dec 18 2024 14:59:00 GMT+0000 (Coordinated Universal Time),https://cdn.prod.website-files.com/672cb53b9f8f60aabd3a77f1/675b275342e6050038141f7b_6734e1e83586da1ece071dab_Chateau%2520La%2520Pointe%2520Pomerol%25201982.png,,"1982, 1985, 1989",gravel; clay; sand,merlot; cabernet-franc,red,688,,Traditional Bordeaux methods,18–20 months in French oak,"Ripe red fruit, leather, earthy tones","Duck breast, mushroom dishes, truffle risotto",91 (Wine Spectator),,354811,Chateau La Pointe Pomerol 1982
Château La Tour Haut-Brion 2005,chateau-la-tour-haut-brion-2005,675834b9bb95cd936a45d91a,672cb53b9f8f60aabd3a77c2,675b27549b03153bc38c1fee,Thu Dec 12 2024 18:11:32 GMT+0000 (Coordinated Universal Time),Wed Dec 18 2024 14:55:56 GMT+0000 (Coordinated Universal Time),Wed Dec 18 2024 14:59:00 GMT+0000 (Coordinated Universal Time),https://cdn.prod.website-files.com/672cb53b9f8f60aabd3a77f1/675b27549b03153bc38c1fc3_6732083aa36ce7bf17666f1b_Cha%25CC%2582teau%2520La%2520Tour%2520Haut%2520Brion%25202005.png,,"2005, 2009, 2010",gravelly-soils,merlot; cabernet-sauvignon,red,1080,,Fermented in stainless steel,18–24 months in French oak,"Blackberry, tobacco, spices, well-structured tannins","Grilled lamb, aged cheeses, venison",95 (Wine Advocate),,354813,Chateau La Tour Haut-Brion 2005
Château Lafon-Rochet 1986,chateau-lafon-rochet-1986,675834b9bb95cd936a45d91a,672cb53b9f8f60aabd3a77c2,675b2754cb384e11ef6fc118,Thu Dec 12 2024 18:11:32 GMT+0000 (Coordinated Universal Time),Wed Dec 18 2024 14:55:56 GMT+0000 (Coordinated Universal Time),Wed Dec 18 2024 14:59:00 GMT+0000 (Coordinated Universal Time),https://cdn.prod.website-files.com/672cb53b9f8f60aabd3a77f1/675b2754cb384e11ef6fc0ff_6734e1e87598599f97927e1b_Chateau%2520Lafon-Rochet%25201986.png,,"1986, 1988, 1990",gravel; clay,cabernet-sauvignon; merlot,red,848,,Classic Bordeaux vinification,16–18 months in French oak barrels,"Blackcurrants, cedar, tobacco, firm structure","Roast beef, hearty stews, Gruyère cheese",92 (Decanter),,354815,Chateau Lafon-Rochet 1986
Château Lagrange Saint-Julien 1981,chateau-lagrange-saint-julien-1981,675834b9bb95cd936a45d91a,672cb53b9f8f60aabd3a77c2,675b27542b2aafeb4cfb0a9c,Thu Dec 12 2024 18:11:32 GMT+0000 (Coordinated Universal Time),Wed Dec 18 2024 14:55:56 GMT+0000 (Coordinated Universal Time),Wed Dec 18 2024 14:59:00 GMT+0000 (Coordinated Universal Time),https://cdn.prod.website-files.com/672cb53b9f8f60aabd3a77f1/675b27542b2aafeb4cfb0a7b_6734e1ea3fb9b25a19886bdc_Chateau%2520Lagrange%2520Saint-Julien%25201981.png,,"1981, 1982, 1985",gravel; clay,cabernet-sauvignon; merlot,red,860,,Fermentation in stainless steel,20 months in French oak barrels,"Cassis, forest floor, tobacco, integrated tannins","Roast lamb, beef Wellington, aged cheeses",91 (Wine Enthusiast),,354817,Chateau Lagrange Saint-Julien 1981
Château Lalande-Borie 1990,chateau-lalande-borie-1990,675834b9bb95cd936a45d91a,672cb53b9f8f60aabd3a77c2,675b275445ad0ffea9ce3011,Thu Dec 12 2024 18:11:32 GMT+0000 (Coordinated Universal Time),Wed Dec 18 2024 14:55:57 GMT+0000 (Coordinated Universal Time),Wed Dec 18 2024 14:59:00 GMT+0000 (Coordinated Universal Time),https://cdn.prod.website-files.com/672cb53b9f8f60aabd3a77f1/675b275445ad0ffea9ce2f92_67386df89b4c89bda5759ad6_Chateau%2520Lalande-Borie%25201990.png,,"1990, 1995, 2000",gravel,merlot; cabernet-sauvignon,red,548,,Fermented in stainless steel,12–14 months in French oak,"Ripe plums, spice, soft tannins","Pork tenderloin, mushroom pasta, Brie cheese",88 (Wine Advocate),,354819,Chateau Lalande-Borie 1990
Château Lascombes 2012,chateau-lascombes-2012,675834b9bb95cd936a45d91a,672cb53b9f8f60aabd3a77c2,675b27545f874ed2f9e4e232,Thu Dec 12 2024 18:11:32 GMT+0000 (Coordinated Universal Time),Wed Dec 18 2024 14:55:57 GMT+0000 (Coordinated Universal Time),Wed Dec 18 2024 14:59:00 GMT+0000 (Coordinated Universal Time),https://cdn.prod.website-files.com/672cb53b9f8f60aabd3a77f1/675b27545f874ed2f9e4e220_6732083a691c6ea66828cfac_Chateau%2520Lascombes%25202012.png,,"2012, 2015, 2016",clay-limestone; gravel,merlot; cabernet-sauvignon,red,575,,Traditional Bordeaux methods,18 months in French oak (60% new),"Black cherries, vanilla, cocoa, silky texture","Grilled steak, roasted vegetables, Manchego",93 (Vinous),,354821,Chateau Lascombes 2012
Château Lynch-Moussas 2019,chateau-lynch-moussas-2019,675834b9bb95cd936a45d91a,672cb53b9f8f60aabd3a77c2,675b27556391c7c3e24369d2,Thu Dec 12 2024 18:11:33 GMT+0000 (Coordinated Universal Time),Wed Dec 18 2024 14:55:57 GMT+0000 (Coordinated Universal Time),Wed Dec 18 2024 14:59:00 GMT+0000 (Coordinated Universal Time),https://cdn.prod.website-files.com/672cb53b9f8f60aabd3a77f1/675b27546391c7c3e2436999_6732083c47d75de4711206e5_chateau%2520lynch%2520moussas%25202019.png,,"2019, 2020, 2021",gravelly-soils,cabernet-sauvignon; merlot,red,355,,Modern Bordeaux vinification,18 months in French oak barrels,"Dark fruit, graphite, hint of spice, polished tannins","Ribeye steak, roasted root vegetables, Parmesan",91 (Wine Advocate),,354823,Chateau Lynch-Moussas 2019
Château Monbousquet 1999,chateau-monbousquet-1999,675834b9bb95cd936a45d91a,672cb53b9f8f60aabd3a77c2,675b27561fae028cdb4e2c81,Thu Dec 12 2024 18:11:34 GMT+0000 (Coordinated Universal Time),Wed Dec 18 2024 14:55:57 GMT+0000 (Coordinated Universal Time),Wed Dec 18 2024 14:59:00 GMT+0000 (Coordinated Universal Time),https://cdn.prod.website-files.com/672cb53b9f8f60aabd3a77f1/675b27561fae028cdb4e2bd5_67385ad170c197f9a5fd33c6_Chateau%2520Monbousquet%25201999.png,,"1999, 2000, 2005",sand; gravel; clay,merlot; cabernet-franc,red,868,,Traditional Bordeaux methods,18–20 months in French oak,"Black cherry, mocha, earthy undertones","Roast duck, lamb stew, aged Gouda",90 (Wine Spectator),,354825,Chateau Monbousquet 1999
Château Pavie-Decesse Saint-Émilion 1989,chateau-pavie-decesse-saint-emilion-1989,675834b9bb95cd936a45d91a,672cb53b9f8f60aabd3a77c2,675b27558cf711197707fd3e,Thu Dec 12 2024 18:11:33 GMT+0000 (Coordinated Universal Time),Wed Dec 18 2024 14:55:57 GMT+0000 (Coordinated Universal Time),Wed Dec 18 2024 14:59:00 GMT+0000 (Coordinated Universal Time),https://cdn.prod.website-files.com/672cb53b9f8f60aabd3a77f1/675b27558cf711197707fd2d_6734e1eb380f36befdb4b974_Chateau%2520Pavie-Decesse%2520Saint-Emilion%25201989.png,,"1989, 1990, 1998",limestone,merlot; cabernet-franc,red,998,,Fermentation in stainless steel,18–24 months in French oak,"Ripe plum, vanilla, tobacco, smooth tannins","Filet mignon, mushroom risotto, soft cheeses",92 (Wine Advocate),,354827,Chateau Pavie-Decesse Saint-Émilion 1989
Château Pichon Longueville Comtesse de Lalande 2009,chateau-pichon-longueville-comtesse-de-lalande-2009,675834b9bb95cd936a45d91a,672cb53b9f8f60aabd3a77c2,675b2755f842cac1bdb1076b,Thu Dec 12 2024 18:11:33 GMT+0000 (Coordinated Universal Time),Wed Dec 18 2024 14:55:57 GMT+0000 (Coordinated Universal Time),Wed Dec 18 2024 14:59:00 GMT+0000 (Coordinated Universal Time),https://cdn.prod.website-files.com/672cb53b9f8f60aabd3a77f1/675b2755f842cac1bdb1073d_67320837366c9a47970de951_Chateau%2520Pichon%2520Longueville%2520Comtesse%2520de%2520Lalande%2520_Pichon%2520Comtesse%2520Reserve_%252C%2520Pauillac%25202009.png,,"2009, 2010, 2016",gravel,cabernet-sauvignon; merlot,red,558,,Modern Bordeaux vinification,18 months in French oak (50% new),"Blackcurrant, cedar, chocolate, velvety texture","Ribeye steak, venison, aged cheddar",96 (Wine Enthusiast),,354829,Chateau Pichon Longueville Comtesse de Lalande 2009
Château Poyferré 2012,chateau-poyferre-2012,675834b9bb95cd936a45d91a,672cb53b9f8f60aabd3a77c2,675b2755416c3d1485103f69,Thu Dec 12 2024 18:11:33 GMT+0000 (Coordinated Universal Time),Wed Dec 18 2024 14:55:58 GMT+0000 (Coordinated Universal Time),Wed Dec 18 2024 14:59:00 GMT+0000 (Coordinated Universal Time),https://cdn.prod.website-files.com/672cb53b9f8f60aabd3a77f1/675b2755416c3d1485103f4c_6732083a6e5b8c45f5cc9234_Chateau%2520Poyferre%25202012.png,,"2012, 2015, 2019",gravel; clay,cabernet-sauvignon; merlot,red,650,,Fermented in stainless steel,18–20 months in French oak,"Red and black fruits, hint of spice, integrated tannins","Braised beef, wild game, Gruyère cheese",94 (Wine Spectator),,354831,Chateau Poyferré 2012
Château Smith Haut Lafitte 1986,chateau-smith-haut-lafitte-1986,675834b9bb95cd936a45d91a,672cb53b9f8f60aabd3a77c2,675b2756d099ad1e4acb57e1,Thu Dec 12 2024 18:11:34 GMT+0000 (Coordinated Universal Time),Wed Dec 18 2024 14:55:58 GMT+0000 (Coordinated Universal Time),Wed Dec 18 2024 14:59:00 GMT+0000 (Coordinated Universal Time),https://cdn.prod.website-files.com/672cb53b9f8f60aabd3a77f1/675b2756d099ad1e4acb53ee_67386df973b190ea1e281836_Chateau%2520Smith%2520Haut%2520Lafitte%25201986.png,,"1986, 1988, 1990",gravelly-soils,cabernet-sauvignon; merlot,red,1248,,Classic Bordeaux vinification,16–18 months in French oak barrels,"Blackberry, earthy notes, smoky undertones","Roast lamb, grilled vegetables, Roquefort cheese",88 (Vinous),,354833,Chateau Smith Haut Lafitte 1986
Château Smith Haut Lafitte 2003,chateau-smith-haut-lafitte-2003,675834b9bb95cd936a45d91a,672cb53b9f8f60aabd3a77c2,675b27562b605982414dbdcb,Thu Dec 12 2024 18:11:34 GMT+0000 (Coordinated Universal Time),Wed Dec 18 2024 14:55:58 GMT+0000 (Coordinated Universal Time),Wed Dec 18 2024 14:59:00 GMT+0000 (Coordinated Universal Time),https://cdn.prod.website-files.com/672cb53b9f8f60aabd3a77f1/675b27562b605982414dbd8d_67386df912ab66f45bcf56c3_Chateau%2520Smith%2520Haut%2520Lafitte%25202003.png,,"2003, 2005, 2009",gravelly-soils,cabernet-sauvignon; merlot,red,1080,,Modern Bordeaux techniques,18 months in French oak (50% new),"Ripe blackcurrant, licorice, tobacco, rich texture","Beef Wellington, roasted duck, Comté",95 (Wine Advocate),,354835,Chateau Smith Haut Lafitte 2003
Château Talbot 2001,chateau-talbot-2001,675834b9bb95cd936a45d91a,672cb53b9f8f60aabd3a77c2,675b2757cc258dc50627b4a5,Thu Dec 12 2024 18:11:35 GMT+0000 (Coordinated Universal Time),Wed Dec 18 2024 14:55:58 GMT+0000 (Coordinated Universal Time),Wed Dec 18 2024 14:59:00 GMT+0000 (Coordinated Universal Time),https://cdn.prod.website-files.com/672cb53b9f8f60aabd3a77f1/675b2757cc258dc50627b406_67386df99e0da7d6b5da6a94_Chateau%2520Talbot%25202001.png,,"2001, 2003, 2009",gravel,cabernet-sauvignon; merlot,red,868,,Fermentation in stainless steel,16–18 months in French oak,"Black cherry, cedar, spice, smooth structure","Roast lamb, mushroom dishes, aged cheeses",90 (Decanter),,354837,Chateau Talbot 2001
Château Talbot 2018,chateau-talbot-2018,675834b9bb95cd936a45d91a,672cb53b9f8f60aabd3a77c2,675b2757cd0d40e1dbcc3209,Thu Dec 12 2024 18:11:35 GMT+0000 (Coordinated Universal Time),Wed Dec 18 2024 14:55:59 GMT+0000 (Coordinated Universal Time),Wed Dec 18 2024 14:59:00 GMT+0000 (Coordinated Universal Time),https://cdn.prod.website-files.com/672cb53b9f8f60aabd3a77f1/675b2756cd0d40e1dbcc31e6_67320839764d7bdd738f8ead_Chateau%2520Talbot%25202018.png,,"2018, 2019, 2020",gravel,cabernet-sauvignon; merlot,red,,,Modern Bordeaux vinification,18 months in French oak (50% new),"Dark fruit, mocha, hint of vanilla, polished tannins","Grilled steak, venison, Parmesan",95 (Wine Enthusiast),,354839,Chateau Talbot 2018
Château de Beaucastel Coudoulet de Beaucastel Blanc 2021,chateau-de-beaucastel-coudoulet-de-beaucastel-blanc-2021,675834b9bb95cd936a45d91a,672cb53b9f8f60aabd3a77c2,675b274fcc258dc50627addb,Thu Dec 12 2024 18:11:27 GMT+0000 (Coordinated Universal Time),Wed Dec 18 2024 14:55:52 GMT+0000 (Coordinated Universal Time),Wed Dec 18 2024 14:59:00 GMT+0000 (Coordinated Universal Time),https://cdn.prod.website-files.com/672cb53b9f8f60aabd3a77f1/675b274ecc258dc50627ad8b_6734e1ea380f36befdb4b928_Chateau%2520de%2520Beaucastel%2520Cotes%2520du%2520Rhone%2520Coudoulet%2520de%2520Beaucastel%2520Blanc%25202021.png,,2021,alluvial-soils,roussanne; marsanne,white,303,,Fermented in steel and oak,6–8 months in oak (partially new),"Peach, apricot, white flowers, honeyed notes","Grilled fish, white meats, Mediterranean dishes",92 (Robert Parker),,354773,Chateau de Beaucastel Coudoulet de Beaucastel Blanc 2021
Château de Pommard Clos Marey-Monge Chantrerie 2022,chateau-de-pommard-clos-marey-monge-chantrerie-2022,675834b9bb95cd936a45d91a,672cb53b9f8f60aabd3a77c2,675b27512e4aa9fca289345d,Thu Dec 12 2024 18:11:29 GMT+0000 (Coordinated Universal Time),Wed Dec 18 2024 14:55:52 GMT+0000 (Coordinated Universal Time),Wed Dec 18 2024 14:59:00 GMT+0000 (Coordinated Universal Time),https://cdn.prod.website-files.com/672cb53b9f8f60aabd3a77f1/675b27502e4aa9fca289340e_67320837d3f7246f12cefe61_Cha%25CC%2582teau%2520de%2520Pommard%2520Clos%2520Marey-Monge%2520Chantrerie%25202022%2520Red.png,,"2022, 2021",clay-limestone,pinot-noir,red,1040,,Wild fermentation,18–20 months in French oak,"Vibrant cherry, rose petal, silky texture","Venison, wild mushroom risotto, Brie cheese",93+ (Wine Advocate),,354787,Chateau de Pommard Clos Marey-Monge Chantrerie 2022
Château de Pommard Clos Marey-Monge Emilie 2022,chateau-de-pommard-clos-marey-monge-emilie-2022,675834b9bb95cd936a45d91a,672cb53b9f8f60aabd3a77c2,675b2751a4aaa0a8ec219133,Thu Dec 12 2024 18:11:29 GMT+0000 (Coordinated Universal Time),Wed Dec 18 2024 14:55:52 GMT+0000 (Coordinated Universal Time),Wed Dec 18 2024 14:59:00 GMT+0000 (Coordinated Universal Time),https://cdn.prod.website-files.com/672cb53b9f8f60aabd3a77f1/675b2750a4aaa0a8ec219120_6734626705b2fec5c3c57594_Cha%25CC%2582teau%2520de%2520Pommard%2520Clos%2520Marey-Monge%2520Emilie%25202022.png,,"2022, 2020, 2018",clay-limestone,pinot-noir,red,501,,Gentle extraction,18 months in French oak barrels,"Strawberry, floral notes, delicate spice","Duck confit, grilled salmon, goat cheese",93 (Vinous),,354789,Chateau de Pommard Clos Marey-Monge Emilie 2022
Château de Pommard Clos Marey-Monge Monopole 2011,chateau-de-pommard-clos-marey-monge-monopole-2011,675834b9bb95cd936a45d91a,672cb53b9f8f60aabd3a77c2,675b2751323f34ba9d24f9bb,Thu Dec 12 2024 18:11:29 GMT+0000 (Coordinated Universal Time),Wed Dec 18 2024 14:55:53 GMT+0000 (Coordinated Universal Time),Wed Dec 18 2024 14:59:00 GMT+0000 (Coordinated Universal Time),https://cdn.prod.website-files.com/672cb53b9f8f60aabd3a77f1/675b27505087a4313a2062e3_673208385ed161e1fce194d0_Cha%25CC%2582teau%2520de%2520Pommard%2520Clos%2520Marey-Monge%2520Monopole.png,,"2011, 2010, 2009",clay-limestone,pinot-noir,red,1180,,Whole-bunch fermentation,18 months in French oak barrels,"Aged red fruit, earthy notes, silky texture","Duck breast, mushroom dishes, soft cheeses",89 (Decanter),,354779,Chateau de Pommard Clos Marey-Monge Monopole 2011
Château de Pommard Clos Marey-Monge Monopole 2012,chateau-de-pommard-clos-marey-monge-monopole-2012,675834b9bb95cd936a45d91a,672cb53b9f8f60aabd3a77c2,675b2750391a4ea24dcd0887,Thu Dec 12 2024 18:11:28 GMT+0000 (Coordinated Universal Time),Wed Dec 18 2024 14:55:53 GMT+0000 (Coordinated Universal Time),Wed Dec 18 2024 14:59:00 GMT+0000 (Coordinated Universal Time),https://cdn.prod.website-files.com/672cb53b9f8f60aabd3a77f1/675b27505087a4313a2062e3_673208385ed161e1fce194d0_Cha%25CC%2582teau%2520de%2520Pommard%2520Clos%2520Marey-Monge%2520Monopole.png,,"2012, 2014, 2016",clay-limestone,pinot-noir,red,1180,,Traditional fermentation,16–18 months in French oak,"Bright cherry, floral aromas, balanced acidity","Coq au vin, grilled salmon, charcuterie",90 (Wine Advocate),,354781,Chateau de Pommard Clos Marey-Monge Monopole 2012
Château de Pommard Clos Marey-Monge Monopole 2013,chateau-de-pommard-clos-marey-monge-monopole-2013,675834b9bb95cd936a45d91a,672cb53b9f8f60aabd3a77c2,675b27505087a4313a206358,Thu Dec 12 2024 18:11:28 GMT+0000 (Coordinated Universal Time),Wed Dec 18 2024 14:55:53 GMT+0000 (Coordinated Universal Time),Wed Dec 18 2024 14:59:00 GMT+0000 (Coordinated Universal Time),https://cdn.prod.website-files.com/672cb53b9f8f60aabd3a77f1/675b27505087a4313a2062e3_673208385ed161e1fce194d0_Cha%25CC%2582teau%2520de%2520Pommard%2520Clos%2520Marey-Monge%2520Monopole.png,,"2013, 2014, 2017",clay-limestone,pinot-noir,red,1180,,"Cold maceration, oak maturation",16–18 months in French oak,"Red currants, cranberry, soft tannins","Pork loin, roasted vegetables, aged cheeses",89+ (Wine Spectator),,354783,Chateau de Pommard Clos Marey-Monge Monopole 2013
Château de Pommard Clos Marey-Monge Monopole 2016,chateau-de-pommard-clos-marey-monge-monopole-2016,675834b9bb95cd936a45d91a,672cb53b9f8f60aabd3a77c2,675b2751268ad26abf7a6025,Thu Dec 12 2024 18:11:29 GMT+0000 (Coordinated Universal Time),Wed Dec 18 2024 14:55:53 GMT+0000 (Coordinated Universal Time),Wed Dec 18 2024 14:59:00 GMT+0000 (Coordinated Universal Time),https://cdn.prod.website-files.com/672cb53b9f8f60aabd3a77f1/675b27505087a4313a2062e3_673208385ed161e1fce194d0_Cha%25CC%2582teau%2520de%2520Pommard%2520Clos%2520Marey-Monge%2520Monopole.png,,"2016, 2018, 2020",clay-limestone,pinot-noir,red,1480,,"Cold maceration, oak maturation",18 months in French oak barrels,"Ripe cherry, earthy undertones, structured finish","Beef Wellington, lamb shank, truffle pasta",92 (Burghound),,354785,Chateau de Pommard Clos Marey-Monge Monopole 2016
Château de Pommard Clos Marey-Monge Simone 2014,chateau-de-pommard-clos-marey-monge-simone-2014,675834b9bb95cd936a45d91a,672cb53b9f8f60aabd3a77c2,675b2751cd0d40e1dbcc2dba,Thu Dec 12 2024 18:11:29 GMT+0000 (Coordinated Universal Time),Wed Dec 18 2024 14:55:53 GMT+0000 (Coordinated Universal Time),Wed Dec 18 2024 14:59:00 GMT+0000 (Coordinated Universal Time),https://cdn.prod.website-files.com/672cb53b9f8f60aabd3a77f1/675b2751cd0d40e1dbcc2d88_67320839ebb8cbbc748d5e6c_Cha%25CC%2582teau%2520de%2520Pommard%2520Clos%2520Marey-Monge%2520Simone%25202014.png,,"2014, 2015, 2016",limestone,pinot-noir,red,2839,,"Whole-bunch pressing, oak aging",22 months in new French oak barrels,"Complex aromas of black cherry, truffle, and mocha","Filet mignon, aged Comté, rich mushroom dishes",95 (Wine Advocate),,354791,Chateau de Pommard Clos Marey-Monge Simone 2014
Château de Pommard Famille Carabello-Baum Chambolle-Musigny 2021,chateau-de-pommard-famille-carabello-baum-chambolle-musigny-2021,675834b9bb95cd936a45d91a,672cb53b9f8f60aabd3a77c2,675b276b268ad26abf7a724d,Thu Dec 12 2024 18:11:55 GMT+0000 (Coordinated Universal Time),Wed Dec 18 2024 14:55:54 GMT+0000 (Coordinated Universal Time),Wed Dec 18 2024 14:59:00 GMT+0000 (Coordinated Universal Time),https://cdn.prod.website-files.com/672cb53b9f8f60aabd3a77f1/675b276a268ad26abf7a7224_6732083cfa5c3213e15ff42f_Famille%2520Carabello-Baum%2520Chambolle-Musigny%25202021.png,,"2021, 2019",clay-limestone,pinot-noir,red,866,,Traditional fermentation,18 months in 25% new French oak,"Red currant, cherry, rose petal, silky tannins","Duck breast, mushroom dishes, soft cheeses",94 (Vinous),,355009,Chateau de Pommard Famille Carabello-Baum Chambolle-Musigny 2021
Château de Pommard Famille Carabello-Baum Chassagne-Montrachet 2021,chateau-de-pommard-famille-carabello-baum-chassagne-montrachet-2021,675834b9bb95cd936a45d91a,672cb53b9f8f60aabd3a77c2,675b276bf842cac1bdb117d2,Thu Dec 12 2024 18:11:55 GMT+0000 (Coordinated Universal Time),Wed Dec 18 2024 14:55:54 GMT+0000 (Coordinated Universal Time),Wed Dec 18 2024 14:59:00 GMT+0000 (Coordinated Universal Time),https://cdn.prod.website-files.com/672cb53b9f8f60aabd3a77f1/675b276bf842cac1bdb11778_67346f2f86d083fccf75fa1f_Famille%2520Carabello-Baum%2520Chassange%2520Montrachet%25202021.png,,"2021, 2020",limestone; marl,chardonnay,white,598,,Fermentation in oak barrels,12 months in French oak,"Citrus zest, white flowers, toasted hazelnuts","Scallops, buttery dishes, roasted chicken",93 (Wine Spectator),,355011,Chateau de Pommard Famille Carabello-Baum Chassagne-Montrachet 2021
Château de Pommard Famille Carabello-Baum Savigny-Lès-Beaune 2022 White,chateau-de-pommard-famille-carabello-baum-savigny-les-beaune-2022-white,675834b9bb95cd936a45d91a,672cb53b9f8f60aabd3a77c2,675b276bd68d4adf129dcfb9,Thu Dec 12 2024 18:11:55 GMT+0000 (Coordinated Universal Time),Wed Dec 18 2024 14:55:54 GMT+0000 (Coordinated Universal Time),Wed Dec 18 2024 14:59:00 GMT+0000 (Coordinated Universal Time),https://cdn.prod.website-files.com/672cb53b9f8f60aabd3a77f1/675b276bd68d4adf129dcfaa_6734628a7389be5ff713de8e_Chateau%2520de%2520Pommard%2520Famille%2520Carabello-Baum%2520Savigny-Les-Beaune%2520White.png,,"2022, 2021",clay-limestone,chardonnay,white,598,,Stainless steel fermentation,8 months in steel tanks,"Crisp apple, pear, light minerality","Grilled vegetables, creamy pastas",91 (Wine Enthusiast),,355013,Chateau de Pommard Famille Carabello-Baum Savigny-Les-Beaune 2022 White
Château de Pommard Famille Carabello-Baum Volnay Premier Cru 2014,chateau-de-pommard-famille-carabello-baum-volnay-premier-cru-2014,675834b9bb95cd936a45d91a,672cb53b9f8f60aabd3a77c2,675b276ba4aaa0a8ec219e94,Thu Dec 12 2024 18:11:55 GMT+0000 (Coordinated Universal Time),Wed Dec 18 2024 14:55:54 GMT+0000 (Coordinated Universal Time),Wed Dec 18 2024 14:59:00 GMT+0000 (Coordinated Universal Time),https://cdn.prod.website-files.com/672cb53b9f8f60aabd3a77f1/675b276ba4aaa0a8ec219e4a_6732083b9d61b7074e97c4fb_Famille%2520Carabello-Baum%2520Volnay%2520Premier%2520Cru%25202014.png,,"2014, 2012",limestone; marl,pinot-noir,red,784,,Traditional maceration and fermentation,18 months in 30% new French oak,"Dark cherry, earthy tones, silky structure","Game dishes, truffle pasta, aged cheese",93 (Wine Advocate),,355015,Chateau de Pommard Famille Carabello-Baum Volnay Premier Cru 2014
Château de Rochemorin Pessac-Léognan 2017,chateau-de-rochemorin-pessac-leognan-2017,675834b9bb95cd936a45d91a,672cb53b9f8f60aabd3a77c2,675b2752302e0731d32f87a3,Thu Dec 12 2024 18:11:30 GMT+0000 (Coordinated Universal Time),Wed Dec 18 2024 14:55:54 GMT+0000 (Coordinated Universal Time),Wed Dec 18 2024 14:59:00 GMT+0000 (Coordinated Universal Time),https://cdn.prod.website-files.com/672cb53b9f8f60aabd3a77f1/675b2751302e0731d32f877d_67386df84dc9e54784e14318_Chateau%2520de%2520Rochemorin%2520Pessac-Leognan%25202017.png,,"2017, 2019, 2020",gravelly-soils,sauvignon-blanc; semillon,white,229,,Fermented in stainless steel,8–10 months in oak barrels,"Citrus, peach, smoky minerality","Grilled seafood, goat cheese, poultry dishes",91 (Wine Enthusiast),,354793,Chateau de Rochemorin Pessac-Léognan 2017
Château de la Font du Loup Châteauneuf-du-Pape 2020,chateau-de-la-font-du-loup-chateauneuf-du-pape-2020,675834b9bb95cd936a45d91a,672cb53b9f8f60aabd3a77c2,675b274fb0e53cb6caee10e6,Thu Dec 12 2024 18:11:27 GMT+0000 (Coordinated Universal Time),Wed Dec 18 2024 14:55:54 GMT+0000 (Coordinated Universal Time),Wed Dec 18 2024 14:59:00 GMT+0000 (Coordinated Universal Time),https://cdn.prod.website-files.com/672cb53b9f8f60aabd3a77f1/675b274fb0e53cb6caee10a9_67386df86ed6615bdc68eccd_Cha%25CC%2582teau%2520de%2520la%2520Font%2520du%2520Loup%2520Cha%25CC%2582teauneuf-du-Pape%25202020.png,,"2020, 2019, 2016",sand; limestone,grenache; syrah; mourvedre,red,398,,"Gentle pressing, wild yeast",12–18 months in neutral oak,"Cherry, red berries, herbs, soft tannins","Grilled lamb, ratatouille, hard cheeses",94 (Jeb Dunnuck),,354775,Chateau de la Font du Loup Chateauneuf-du-Pape 2020
Château de la Maltroye Chassagne-Montrachet 1er Cru 'Morgeot Vigne Blanche' 2020,chateau-de-la-maltroye-chassagne-montrachet-1er-cru-morgeot-vigne-blanche-2020,675834b9bb95cd936a45d91a,672cb53b9f8f60aabd3a77c2,675b274f5087a4313a2062ce,Thu Dec 12 2024 18:11:27 GMT+0000 (Coordinated Universal Time),Wed Dec 18 2024 14:55:52 GMT+0000 (Coordinated Universal Time),Wed Dec 18 2024 14:59:00 GMT+0000 (Coordinated Universal Time),https://cdn.prod.website-files.com/672cb53b9f8f60aabd3a77f1/675b274f5087a4313a206231_67385ad163ceb23b3a529068_Chateau%2520de%2520la%2520Maltroye%2520Chassagne%2520Montrachet%25201er%2520Cru%2520%2527Morgeot%2520Vigne%2520Blanche%25202020.png,,"2020, 2018, 2016",clay-limestone,chardonnay,white,948,,Fermented in oak barrels,12–16 months in French oak,"Citrus, white flowers, vanilla, creamy texture","Lobster, roast chicken, creamy risottos",92 (Wine Enthusiast),,354777,Chateau de la Maltroye Chassagne-Montrachet 1er Cru 'Morgeot Vigne Blanche' 2020
Claude Dugat La Gibryotte Bourgogne Rouge Burgundy 2020,claude-dugat-la-gibryotte-bourgogne-rouge-burgundy-2020,675834b9bb95cd936a45d91a,672cb53b9f8f60aabd3a77c2,675b27571e44e01bc7c50401,Thu Dec 12 2024 18:11:35 GMT+0000 (Coordinated Universal Time),Wed Dec 18 2024 14:55:59 GMT+0000 (Coordinated Universal Time),Wed Dec 18 2024 14:59:00 GMT+0000 (Coordinated Universal Time),https://cdn.prod.website-files.com/672cb53b9f8f60aabd3a77f1/675b27561e44e01bc7c503c9_6732083884c9b5789df0abad_Claude%2520Dugat%2520La%2520Gibryotte%2520Bourgogne%2520Rouge%2520Burgundy%25202020.png,,"2020, 2021",clay-limestone,pinot-noir,red,328,,Fermentation in open vats,12 months in French oak barrels,"Ripe red berries, floral notes, silky texture","Duck confit, salmon, Brie cheese",92 (Wine Advocate),,354841,Claude Dugat La Gibryotte Bourgogne Rouge Burgundy 2020
Clos Mogador Nelin Blanc 2019,clos-mogador-nelin-blanc-2019,675834b9bb95cd936a45d91a,672cb53b9f8f60aabd3a77c2,675b275745ad0ffea9ce31d7,Thu Dec 12 2024 18:11:35 GMT+0000 (Coordinated Universal Time),Wed Dec 18 2024 14:55:59 GMT+0000 (Coordinated Universal Time),Wed Dec 18 2024 14:59:00 GMT+0000 (Coordinated Universal Time),https://cdn.prod.website-files.com/672cb53b9f8f60aabd3a77f1/675b275745ad0ffea9ce31b0_6734e1e8b502809c5c5b7d39_Clos%2520Mogador%2520Nelin%2520Blanc%25202019.png,,"2019, 2020, 2021",slate; schist,grenache-blanc; macabeu; others,white,498,,Fermented in oak and concrete,12 months in oak and amphora,"Stone fruits, citrus, white flowers, mineral texture","Grilled fish, seafood paella, Manchego cheese",93 (Wine Advocate),,354843,Clos Mogador Nelin Blanc 2019
Cockburn's 20 Years Old Tawny Port N.V.,cockburns-20-years-old-tawny-port-n-v,675834b9bb95cd936a45d91a,672cb53b9f8f60aabd3a77c2,675b2757c223e83080056780,Thu Dec 12 2024 18:11:35 GMT+0000 (Coordinated Universal Time),Wed Dec 18 2024 14:55:59 GMT+0000 (Coordinated Universal Time),Wed Dec 18 2024 14:59:00 GMT+0000 (Coordinated Universal Time),https://cdn.prod.website-files.com/672cb53b9f8f60aabd3a77f1/675b2757c223e83080056774_6734e1e9c02b8e0e52045ff0_Cockburn%2527s%252020%2520Years%2520Old%2520Tawny%2520Port%2520N.V.png,,N.V.,schist,touriga-nacional; others,red,329,,Fortified wine,Aged in seasoned oak casks,"Dried fruits, nuts, caramel, honeyed richness","Blue cheese, chocolate desserts, roasted nuts",94 (Wine Enthusiast),,354845,Cockburn's 20 Years Old Tawny Port N.V.
Columbia Crest Reserve Cabernet Sauvignon 2004,columbia-crest-reserve-cabernet-sauvignon-2004,675834b9bb95cd936a45d91a,672cb53b9f8f60aabd3a77c2,675b2758caeaffec3895deb4,Thu Dec 12 2024 18:11:36 GMT+0000 (Coordinated Universal Time),Wed Dec 18 2024 14:56:00 GMT+0000 (Coordinated Universal Time),Wed Dec 18 2024 14:59:00 GMT+0000 (Coordinated Universal Time),https://cdn.prod.website-files.com/672cb53b9f8f60aabd3a77f1/675b2757caeaffec3895de84_6734e1e871c56169c7c60dfc_Columbia%2520Crest%2520Reserve%2520Cabernet%2520Sauvignon%2520Columbia%2520Valley%25202004.png,,"2004, 2005, 2007",sand; loam; gravel,cabernet-sauvignon,red,548,,"Cold soak, fermentation in steel",24 months in French oak,"Blackcurrant, cedar, dark chocolate, velvety tannins","Grilled steak, lamb chops, sharp cheddar",92 (Wine Spectator),,354847,Columbia Crest Reserve Cabernet Sauvignon 2004
Confratelli di San Michele Barbaresco Cottà 1974,confratelli-di-san-michele-barbaresco-cotta-1974,675834b9bb95cd936a45d91a,672cb53b9f8f60aabd3a77c2,675b27588dac4217f7d25017,Thu Dec 12 2024 18:11:36 GMT+0000 (Coordinated Universal Time),Wed Dec 18 2024 14:55:59 GMT+0000 (Coordinated Universal Time),Wed Dec 18 2024 14:59:00 GMT+0000 (Coordinated Universal Time),https://cdn.prod.website-files.com/672cb53b9f8f60aabd3a77f1/675b27588dac4217f7d24fd6_6732083d35ccfc6263c32c1f_Confratelli%2520di%2520San%2520Michele%2520Barbaresco%2520Cotta%25CC%2580%25201974.png,,"1974, 1978, 1982",clay-limestone,nebbiolo,red,799,,Traditional Barbaresco methods,Aged in large Slavonian oak barrels,"Dried cherry, rose, tar, evolved complexity","Osso buco, mushroom risotto, Parmigiano-Reggiano",N/A,,354849,Confratelli di San Michele Barbaresco Cotta 1974
"Cordero di Montezemolo Enrico VI, Barolo 2006",cordero-di-montezemolo-enrico-vi-barolo-2006,675834b9bb95cd936a45d91a,672cb53b9f8f60aabd3a77c2,675b2758061aeb5c8775c7c0,Thu Dec 12 2024 18:11:36 GMT+0000 (Coordinated Universal Time),Wed Dec 18 2024 14:56:00 GMT+0000 (Coordinated Universal Time),Wed Dec 18 2024 14:59:00 GMT+0000 (Coordinated Universal Time),https://cdn.prod.website-files.com/672cb53b9f8f60aabd3a77f1/675b2757061aeb5c8775c7a6_6732083ca63da4ba03542adf_Cordero%2520di%2520Montezemolo%2520Enrico%2520VI%252C%2520Barolo%25202006.png,,"2006, 2008, 2010",calcareous-clay,nebbiolo,red,725,,"Long maceration, steel ferment",24 months in French oak,"Red berries, violets, licorice, robust structure","Braised meats, wild boar, aged Pecorino",95 (Wine Advocate),,354851,"Cordero di Montezemolo Enrico VI, Barolo 2006"
Coudray-Bizot Chateau de Beaufort Les Champeaux 2013,coudray-bizot-chateau-de-beaufort-les-champeaux-2013,675834b9bb95cd936a45d91a,672cb53b9f8f60aabd3a77c2,675b275967d8d8a69b0543d1,Thu Dec 12 2024 18:11:37 GMT+0000 (Coordinated Universal Time),Wed Dec 18 2024 14:56:00 GMT+0000 (Coordinated Universal Time),Wed Dec 18 2024 14:59:00 GMT+0000 (Coordinated Universal Time),https://cdn.prod.website-files.com/672cb53b9f8f60aabd3a77f1/675b275867d8d8a69b0542d1_6732083ce90b62ef85b94893_Coudray-Bizot%2520Chateau%2520de%2520Beaufort%2520Les%2520Champeaux%2520Gevrey%2520Chambertin%2520Premier%2520Cru%25202013.png,,"2013, 2015, 2018",limestone; marl,pinot-noir,red,930,,Fermentation in open wooden vats,18 months in French oak barrels,"Raspberries, earthy notes, fine tannins","Duck breast, beef Bourguignon, soft cheeses",92 (Vinous),,354853,Coudray-Bizot Chateau de Beaufort Les Champeaux 2013
Dalton Winery Levantina 2021,dalton-winery-levantina-2021,675834b9bb95cd936a45d91a,672cb53b9f8f60aabd3a77c2,675b2759416c3d14851040d9,Thu Dec 12 2024 18:11:37 GMT+0000 (Coordinated Universal Time),Wed Dec 18 2024 14:56:00 GMT+0000 (Coordinated Universal Time),Wed Dec 18 2024 14:59:00 GMT+0000 (Coordinated Universal Time),https://cdn.prod.website-files.com/672cb53b9f8f60aabd3a77f1/675b2758416c3d148510407f_6734e1e8df5c1e097e38c5e0_Dalton%2520Winery%2520Levantina%25202021.png,,"2021, 2022",volcanic-soils,viognier; roussanne; marsanne,white,298,,Fermented in stainless steel,8 months in stainless steel,"Pear, apricot, honeysuckle, vibrant acidity","Grilled chicken, roasted vegetables, Brie",90 (Wine Enthusiast),,354855,Dalton Winery Levantina 2021
Dalton Winery Wild One 2022,dalton-winery-wild-one-2022,675834b9bb95cd936a45d91a,672cb53b9f8f60aabd3a77c2,675b275966b985d10e7f65b7,Thu Dec 12 2024 18:11:37 GMT+0000 (Coordinated Universal Time),Wed Dec 18 2024 14:56:00 GMT+0000 (Coordinated Universal Time),Wed Dec 18 2024 14:59:00 GMT+0000 (Coordinated Universal Time),https://cdn.prod.website-files.com/672cb53b9f8f60aabd3a77f1/675b275866b985d10e7f6598_6734e1eb380f36befdb4b9ae_Dalton%2520Winery%2520Wild%2520One%25202022.png,,"2022, 2023",rocky-soils,sauvignon-blanc,white,298,,"Natural fermentation, minimal SO₂",Aged on lees in stainless steel,"Tropical fruits, herbal notes, crisp finish","Citrus salads, goat cheese, sushi",88 (Decanter),,354857,Dalton Winery Wild One 2022
De Maria Dogliani Barbaresco Riserva Speciale DOCG 1967,de-maria-dogliani-barbaresco-riserva-speciale-docg-1967,675834b9bb95cd936a45d91a,672cb53b9f8f60aabd3a77c2,675b275987d97e855054d951,Thu Dec 12 2024 18:11:37 GMT+0000 (Coordinated Universal Time),Wed Dec 18 2024 14:56:00 GMT+0000 (Coordinated Universal Time),Wed Dec 18 2024 14:59:00 GMT+0000 (Coordinated Universal Time),https://cdn.prod.website-files.com/672cb53b9f8f60aabd3a77f1/675b275987d97e855054d931_6732083b9e575f0f0e14166f_De%2520Maria%2520Dogliani%2520Barbaresco%2520Riserva%2520Speciale%2520DOCG%2520Piedmont%25201967.png,,"1967, 1970, 1974",marl; limestone,nebbiolo,red,749,,Traditional Barbaresco methods,Aged in large oak casks,"Dried rose, cherry, truffle, well-integrated tannins","Truffle pasta, game birds, aged Parmigiano",N/A,,354859,De Maria Dogliani Barbaresco Riserva Speciale DOCG 1967
Dom Perignon Vintage Luminous 2012,dom-perignon-vintage-luminous-2012,675834b9bb95cd936a45d91a,672cb53b9f8f60aabd3a77c2,675b27595577966c5986b36e,Thu Dec 12 2024 18:11:37 GMT+0000 (Coordinated Universal Time),Wed Dec 18 2024 14:56:01 GMT+0000 (Coordinated Universal Time),Wed Dec 18 2024 14:59:00 GMT+0000 (Coordinated Universal Time),https://cdn.prod.website-files.com/672cb53b9f8f60aabd3a77f1/675b27595577966c5986b350_67386df90036ea32822ea8bd_Dom%2520Perignon%2520Vintage%2520Luminous%25202012.png,,"2012, 2008, 2006",chalk; limestone,chardonnay; pinot-noir,sparkling,2188,,"Bottle fermentation, lees aging",8 years on lees,"Citrus, stone fruit, brioche, toasted almond","Caviar, lobster, creamy pasta",98 (Wine Spectator),,354861,Dom Perignon Vintage Luminous 2012
Domain Mosnier Chablis 1er Cru Beauroy 2021,domain-mosnier-chablis-1er-cru-beauroy-2021,675834b9bb95cd936a45d91a,672cb53b9f8f60aabd3a77c2,675b275a76596dde4e5ff195,Thu Dec 12 2024 18:11:38 GMT+0000 (Coordinated Universal Time),Wed Dec 18 2024 14:56:01 GMT+0000 (Coordinated Universal Time),Wed Dec 18 2024 14:59:00 GMT+0000 (Coordinated Universal Time),https://cdn.prod.website-files.com/672cb53b9f8f60aabd3a77f1/675b275a76596dde4e5ff0f7_6732083c5fb3685dcfd6c8ef_Domain%2520Mosnier%2520Chablis%25201er%2520Cru%2520Beauroy%25202021.png,,"2021, 2019, 2017",kimmeridgian-limestone,chardonnay,sparkling; white,350,,"Fermented in steel, aged in oak",Partial oak aging,"Pear, quince, subtle vanilla, mineral edge","Seared scallops, sushi, goat cheese",93 (Wine Advocate),,354867,Domain Mosnier Chablis 1er Cru Beauroy 2021
Domain Mosnier Chablis 2020,domain-mosnier-chablis-2020,675834b9bb95cd936a45d91a,672cb53b9f8f60aabd3a77c2,675b275a9ee615df28bb338a,Thu Dec 12 2024 18:11:38 GMT+0000 (Coordinated Universal Time),Wed Dec 18 2024 14:56:01 GMT+0000 (Coordinated Universal Time),Wed Dec 18 2024 14:59:00 GMT+0000 (Coordinated Universal Time),https://cdn.prod.website-files.com/672cb53b9f8f60aabd3a77f1/675b275a9ee615df28bb3344_673208385387060c754b757e_Domain%2520Mosnier%2520Chablis%25202020.png,,"2020, 2021, 2018",limestone; marl,chardonnay,sparkling; white,243,,Fermented and aged in stainless,Aged on fine lees,"Crisp apple, citrus, wet stone minerality","Seafood platter, Caesar salad, soft cheeses",90 (Wine Spectator),,354869,Domain Mosnier Chablis 2020
Domain Mosnier Chablis “1893 Heritage” 2021,domain-mosnier-chablis-1893-heritage-2021,675834b9bb95cd936a45d91a,672cb53b9f8f60aabd3a77c2,675b275973555e4688508ff3,Thu Dec 12 2024 18:11:37 GMT+0000 (Coordinated Universal Time),Wed Dec 18 2024 14:56:01 GMT+0000 (Coordinated Universal Time),Wed Dec 18 2024 14:59:00 GMT+0000 (Coordinated Universal Time),https://cdn.prod.website-files.com/672cb53b9f8f60aabd3a77f1/675b275973555e4688508f72_6732083833eb6a47955bf111_Domain%2520Mosnier%2520Chablis%25201893%2520Heritage%25202021.png,,"2021, 2020",kimmeridgian-limestone,chardonnay,sparkling; white,378,,Fermentation in stainless steel,Aged on fine lees,"Citrus zest, green apple, saline minerality","Oysters, grilled fish, fresh goat cheese",92 (Wine Enthusiast),,354863,Domain Mosnier Chablis “1893 Heritage” 2021
Domain Mosnier Chablis “Terre de Secret” 2020,domain-mosnier-chablis-terre-de-secret-2020,675834b9bb95cd936a45d91a,672cb53b9f8f60aabd3a77c2,675b275bdb059bfc62f4dbd3,Thu Dec 12 2024 18:11:39 GMT+0000 (Coordinated Universal Time),Wed Dec 18 2024 14:56:01 GMT+0000 (Coordinated Universal Time),Wed Dec 18 2024 14:59:00 GMT+0000 (Coordinated Universal Time),https://cdn.prod.website-files.com/672cb53b9f8f60aabd3a77f1/675b275bdb059bfc62f4dbb5_6732083c257506d26ea2a873_Domain%2520Mosnier%2520Chablis%2520Terre%2520de%2520Secret%25202020.png,,"2020, 2019",limestone; clay,chardonnay,sparkling; white,338,,Stainless steel fermentation,12 months on lees,"Lemon, white flowers, flinty finish","Shellfish, asparagus quiche, creamy cheeses",91 (Decanter),,354865,Domain Mosnier Chablis “Terre de Secret” 2020
Domain Mosnier Petit Chablis 2022,domain-mosnier-petit-chablis-2022,675834b9bb95cd936a45d91a,672cb53b9f8f60aabd3a77c2,675b275a87e8703385633335,Thu Dec 12 2024 18:11:38 GMT+0000 (Coordinated Universal Time),Wed Dec 18 2024 14:56:01 GMT+0000 (Coordinated Universal Time),Wed Dec 18 2024 14:59:00 GMT+0000 (Coordinated Universal Time),https://cdn.prod.website-files.com/672cb53b9f8f60aabd3a77f1/675b275a87e8703385633317_67320836881386c295df11da_Domain%2520Mosnier%2520Petit%2520Chablis%25202022.png,,"2022, 2021",limestone,chardonnay,sparkling; white,198,,Fermented in stainless steel,Short aging in stainless steel,"Fresh citrus, green apple, chalky minerality","Raw oysters, shrimp cocktail, light salads",88 (Decanter),,354871,Domain Mosnier Petit Chablis 2022
Domaine Alain Graillot Crozes-Hermitage La Guiraude 2019,domaine-alain-graillot-crozes-hermitage-la-guiraude-2019,675834b9bb95cd936a45d91a,672cb53b9f8f60aabd3a77c2,675b275acaeaffec3895e05b,Thu Dec 12 2024 18:11:38 GMT+0000 (Coordinated Universal Time),Wed Dec 18 2024 14:56:02 GMT+0000 (Coordinated Universal Time),Wed Dec 18 2024 14:59:00 GMT+0000 (Coordinated Universal Time),https://cdn.prod.website-files.com/672cb53b9f8f60aabd3a77f1/675b275acaeaffec3895e02f_67386dfdcab8ba18ca6f17b0_Domaine%2520Alain%2520Graillot%2520Crozes-Hermitage%2520La%2520Guiraude%2520Rhone%25202019.png,,"2019, 2018, 2015",granite; alluvial-soils,syrah,red,488,,Open-vat fermentation,12 months in French oak barrels,"Black fruits, pepper, violet, smoked meat","Grilled lamb, venison stew, hard cheeses",94 (Wine Advocate),,354873,Domaine Alain Graillot Crozes-Hermitage La Guiraude 2019
Domaine Charles Joguet Chinon Clos de la Dioterie 2016,domaine-charles-joguet-chinon-clos-de-la-dioterie-2016,675834b9bb95cd936a45d91a,672cb53b9f8f60aabd3a77c2,675b275b2d9d5305f3f29958,Thu Dec 12 2024 18:11:39 GMT+0000 (Coordinated Universal Time),Wed Dec 18 2024 14:56:02 GMT+0000 (Coordinated Universal Time),Wed Dec 18 2024 14:59:00 GMT+0000 (Coordinated Universal Time),https://cdn.prod.website-files.com/672cb53b9f8f60aabd3a77f1/675b275a2d9d5305f3f298c6_6732083ae6e216165a8b6d5c_Domaine%2520Charles%2520Joguet%2520Chinon%2520Clos%2520de%2520la%2520Dioterie%2520Loire%25202016.png,,"2016, 2018, 2014",limestone; clay,cabernet-franc,red,499,,Traditional maceration,18 months in French oak,"Blackberry, graphite, herbal notes, elegant tannins","Duck confit, roast pork, soft-ripened cheeses",93 (Vinous),,354875,Domaine Charles Joguet Chinon Clos de la Dioterie 2016
Domaine Chevalier Père & Fils Corton Le Rognet Grand Cru 2020,domaine-chevalier-pere-fils-corton-le-rognet-grand-cru-2020,675834b9bb95cd936a45d91a,672cb53b9f8f60aabd3a77c2,675b275bfd842a9391307f58,Thu Dec 12 2024 18:11:39 GMT+0000 (Coordinated Universal Time),Wed Dec 18 2024 14:56:02 GMT+0000 (Coordinated Universal Time),Wed Dec 18 2024 14:59:00 GMT+0000 (Coordinated Universal Time),https://cdn.prod.website-files.com/672cb53b9f8f60aabd3a77f1/675b275bfd842a9391307f43_6732083b472b1b6e0d7ed809_Domaine%2520Chevalier%2520Pere%2520%2526%2520Fils%2520Corton%2520Le%2520Rognet%2520Grand%2520Cru%25202020.png,,"2020, 2018, 2016",limestone; marl,pinot-noir,red,998,,Traditional fermentation,18–24 months in French oak barrels,"Black cherry, truffle, spice, silky tannins","Roast duck, wild mushroom risotto, aged cheeses",95 (Wine Advocate),,354877,Domaine Chevalier Pere & Fils Corton Le Rognet Grand Cru 2020
Domaine Chevalier Père & Fils Gevrey-Chambertin Côte de Nuits 2018,domaine-chevalier-pere-fils-gevrey-chambertin-cote-de-nuits-2018,675834b9bb95cd936a45d91a,672cb53b9f8f60aabd3a77c2,675b275b6391c7c3e2436e6e,Thu Dec 12 2024 18:11:39 GMT+0000 (Coordinated Universal Time),Wed Dec 18 2024 14:56:02 GMT+0000 (Coordinated Universal Time),Wed Dec 18 2024 14:59:00 GMT+0000 (Coordinated Universal Time),https://cdn.prod.website-files.com/672cb53b9f8f60aabd3a77f1/675b275b6391c7c3e2436e53_67385ad242b050bada514a5e_Domaine%2520Chevalier%2520Pere%2520%2526%2520Fils%2520Gevrey%2520Chambertin%2520Cote%2520de%2520Nuits%25202018.png,,"2018, 2017, 2015",clay-limestone,pinot-noir,red,548,,Fermented in open vats,12–18 months in French oak barrels,"Red berries, undergrowth, earthy notes, vibrant acidity","Grilled quail, rack of lamb, Brie cheese",93 (Wine Spectator),,354881,Domaine Chevalier Pere & Fils Gevrey-Chambertin Côte de Nuits 2018
Domaine Chevalier Père & Fils Le Clou d'Orge Ladoix Premier Cru 2018,domaine-chevalier-pere-fils-le-clou-dorge-ladoix-premier-cru-2018,675834b9bb95cd936a45d91a,672cb53b9f8f60aabd3a77c2,675b275bfb10441f8100f123,Thu Dec 12 2024 18:11:39 GMT+0000 (Coordinated Universal Time),Wed Dec 18 2024 14:56:02 GMT+0000 (Coordinated Universal Time),Wed Dec 18 2024 14:59:00 GMT+0000 (Coordinated Universal Time),https://cdn.prod.website-files.com/672cb53b9f8f60aabd3a77f1/675b275bfb10441f8100f105_6732083a5ec533295a71d106_Domaine%2520Chevalier%2520Pere%2520%2526%2520Fils%2520Le%2520Clou%2520d_Orge%2520Ladoix%2520Premier%2520Cru%25202018.png,,"2018, 2016, 2020",limestone; marl,chardonnay,white,439,,Fermentation in steel and oak,12 months in French oak barrels,"Citrus, ripe pear, toasted almond, flinty minerality","Lobster, seared scallops, creamy cheeses",91 (Vinous),,354883,Domaine Chevalier Pere & Fils Le Clou d'Orge Ladoix Premier Cru 2018
Domaine Chevalier Père & Fils Le Clou d'Orge Ladoix Premier Cru 2020,domaine-chevalier-pere-fils-le-clou-dorge-ladoix-premier-cru-2020,675834b9bb95cd936a45d91a,672cb53b9f8f60aabd3a77c2,675b275b1432392beb003234,Thu Dec 12 2024 18:11:39 GMT+0000 (Coordinated Universal Time),Wed Dec 18 2024 14:56:02 GMT+0000 (Coordinated Universal Time),Wed Dec 18 2024 14:59:00 GMT+0000 (Coordinated Universal Time),https://cdn.prod.website-files.com/672cb53b9f8f60aabd3a77f1/675b275b1432392beb003216_6734e1ea4e0c2b49adfefe68_Domaine%2520Chevalier%2520Pere%2520%2526%2520Fils%2520Le%2520Clou%2520d%2527Orge%2520Ladoix%2520Premier%2520Cru%25202020.png,,"2020, 2018, 2019",limestone; marl,chardonnay,white,450,,Fermentation in oak,12 months in 25% new oak barrels,"White peach, lemon zest, hazelnut, mineral finish","Pan-seared fish, roasted poultry, Comté cheese",92 (Wine Enthusiast),,354885,Domaine Chevalier Pere & Fils Le Clou d'Orge Ladoix Premier Cru 2020
Domaine Daniel Dampt et Fils Les Lys Chablis Premier Cru 2019,domaine-daniel-dampt-et-fils-les-lys-chablis-premier-cru-2019,675834b9bb95cd936a45d91a,672cb53b9f8f60aabd3a77c2,675b275c35c8eb9a8cb09c67,Thu Dec 12 2024 18:11:40 GMT+0000 (Coordinated Universal Time),Wed Dec 18 2024 14:56:02 GMT+0000 (Coordinated Universal Time),Wed Dec 18 2024 14:59:00 GMT+0000 (Coordinated Universal Time),https://cdn.prod.website-files.com/672cb53b9f8f60aabd3a77f1/675b275c35c8eb9a8cb09c4d_6734e1ee6684bfa6b30addbf_Domaine%2520Daniel%2520Dampt%2520et%2520Fils%2520Les%2520Lys%2520Chablis%2520Premier%2520Cru%25202019.png,,"2019, 2018, 2021",kimmeridgian-limestone,chardonnay,white,398,,Fermented in stainless steel,12 months on fine lees,"Lemon, green apple, wet stone, floral aroma","Oysters, goat cheese salad, grilled prawns",91 (Decanter),,354887,Domaine Daniel Dampt et Fils Les Lys Chablis Premier Cru 2019
Domaine David Duband Gevrey-Chambertin 2016,domaine-david-duband-gevrey-chambertin-2016,675834b9bb95cd936a45d91a,672cb53b9f8f60aabd3a77c2,675b275cc032071eb45a2235,Thu Dec 12 2024 18:11:40 GMT+0000 (Coordinated Universal Time),Wed Dec 18 2024 14:56:03 GMT+0000 (Coordinated Universal Time),Wed Dec 18 2024 14:59:00 GMT+0000 (Coordinated Universal Time),https://cdn.prod.website-files.com/672cb53b9f8f60aabd3a77f1/675b275cc032071eb45a220f_6734e1eb49a24b323fe0a269_Domaine%2520David%2520Duband%2520Gevrey-Chambertin%25202016.png,,"2016, 2018, 2015",clay-limestone,pinot-noir,red,568,,Whole-cluster fermentation,14 months in 40% new French oak barrels,"Dark berries, forest floor, clove, elegant structure","Braised beef, wild mushroom tart, Gruyère cheese",94 (Wine Advocate),,354889,Domaine David Duband Gevrey-Chambertin 2016
Domaine Derey Frères Bourgogne “Clos des Marcs” Monopole 2022,domaine-derey-freres-bourgogne-clos-des-marcs-monopole-2022,675834b9bb95cd936a45d91a,672cb53b9f8f60aabd3a77c2,675b275d0c853e1a610b47b0,Thu Dec 12 2024 18:11:41 GMT+0000 (Coordinated Universal Time),Wed Dec 18 2024 14:56:03 GMT+0000 (Coordinated Universal Time),Wed Dec 18 2024 14:59:00 GMT+0000 (Coordinated Universal Time),https://cdn.prod.website-files.com/672cb53b9f8f60aabd3a77f1/675b275c0c853e1a610b4789_67320837fd718c21c065860b_Domaine%2520Derey%2520Freres%2520Bourgogne%2520%25E2%2580%259CClos%2520des%2520Marcs%25E2%2580%259D%2520Monopole%25202022.png,,"2022, 2020",clay-limestone,pinot-noir,red,328,,Open vat fermentation,12 months in French oak barrels,"Cherry, cranberry, spice, silky finish","Charcuterie, roast chicken, soft cheeses",90 (Vinous),,354897,Domaine Derey Freres Bourgogne “Clos des Marcs” Monopole 2022
Domaine Derey Frères Bourgogne “Montre Cul” 2022,domaine-derey-freres-bourgogne-montre-cul-2022,675834b9bb95cd936a45d91a,672cb53b9f8f60aabd3a77c2,675b275dd099ad1e4acb5c69,Thu Dec 12 2024 18:11:41 GMT+0000 (Coordinated Universal Time),Wed Dec 18 2024 14:56:04 GMT+0000 (Coordinated Universal Time),Wed Dec 18 2024 14:59:00 GMT+0000 (Coordinated Universal Time),https://cdn.prod.website-files.com/672cb53b9f8f60aabd3a77f1/675b275dd099ad1e4acb5c49_6732083bef821f3695a615d0_Domaine%2520Derey%2520Freres%2520Bourgogne%2520%25E2%2580%259CMontre%2520Cul%25E2%2580%259D%25202022.png,,"2022, 2021",limestone; marl,pinot-noir,red,248,,Stainless steel and oak fermentation,10–12 months in French oak barrels,"Red fruits, floral notes, subtle oak","Duck breast, grilled salmon, Brie cheese",91 (Wine Enthusiast),,354899,Domaine Derey Freres Bourgogne “Montre Cul” 2022
Domaine Derey Frères Gevrey Chambertin 2022,domaine-derey-freres-gevrey-chambertin-2022,675834b9bb95cd936a45d91a,672cb53b9f8f60aabd3a77c2,675b275dd464bc23eea1cfca,Thu Dec 12 2024 18:11:41 GMT+0000 (Coordinated Universal Time),Wed Dec 18 2024 14:56:03 GMT+0000 (Coordinated Universal Time),Wed Dec 18 2024 14:59:00 GMT+0000 (Coordinated Universal Time),https://cdn.prod.website-files.com/672cb53b9f8f60aabd3a77f1/675b275dd464bc23eea1cf97_67320839338db028baa8c4ae_Domaine%2520Derey%2520Freres%2520Gevrey%2520Chambertin%25202022.png,,"2022, 2020, 2019",clay-limestone,pinot-noir,red,498,,Whole-bunch fermentation,14–16 months in 30% new French oak,"Black cherry, violet, earth, structured tannins","Beef bourguignon, wild game, aged cheeses",93 (Wine Spectator),,354901,Domaine Derey Freres Gevrey Chambertin 2022
"Domaine Derey Frères Marsannay ""Champs Salomon"" 2022",domaine-derey-freres-marsannay-champs-salomon-2022,675834b9bb95cd936a45d91a,672cb53b9f8f60aabd3a77c2,675b275ecc258dc50627bca7,Thu Dec 12 2024 18:11:42 GMT+0000 (Coordinated Universal Time),Wed Dec 18 2024 14:56:03 GMT+0000 (Coordinated Universal Time),Wed Dec 18 2024 14:59:00 GMT+0000 (Coordinated Universal Time),https://cdn.prod.website-files.com/672cb53b9f8f60aabd3a77f1/675b275ecc258dc50627bc81_6732083ab65b61a674cded26_Domaine%2520Derey%2520Freres%2520Marsannay%2520_Champs%2520Salomon_%25202022.png,,"2022, 2021",stony-limestone,pinot-noir,red,398,,Fermented in open vats,12 months in French oak barrels,"Raspberry, spices, earthy undertones","Pork loin, mushroom risotto, Camembert",92 (Vinous),,354903,"Domaine Derey Freres Marsannay ""Champs Salomon"" 2022"
"Domaine Derey Frères Marsannay ""Les Champs Perdrixs"" 2021",domaine-derey-freres-marsannay-les-champs-perdrixs-2021,675834b9bb95cd936a45d91a,672cb53b9f8f60aabd3a77c2,675b275e891c75a399f8e6ca,Thu Dec 12 2024 18:11:42 GMT+0000 (Coordinated Universal Time),Wed Dec 18 2024 14:56:04 GMT+0000 (Coordinated Universal Time),Wed Dec 18 2024 14:59:00 GMT+0000 (Coordinated Universal Time),https://cdn.prod.website-files.com/672cb53b9f8f60aabd3a77f1/675b275e891c75a399f8e6bf_6732083ab6b62ff5be912f01_Domaine%2520Derey%2520Freres%2520Marsannay%2520_Les%2520Champs%2520Perdrixs_%25202021.png,,"2021, 2019",clay-limestone,pinot-noir,red,388,,Fermentation in temperature-controlled vats,12 months in French oak barrels,"Blackberry, clove, mineral freshness","Roasted duck, herb-crusted lamb, Gruyère",91 (Wine Advocate),,354905,"Domaine Derey Freres Marsannay ""Les Champs Perdrixs"" 2021"
Domaine Derey Frères Marsannay Blanc 2022,domaine-derey-freres-marsannay-blanc-2022,675834b9bb95cd936a45d91a,672cb53b9f8f60aabd3a77c2,675b275ebb3ae91156a760c0,Thu Dec 12 2024 18:11:42 GMT+0000 (Coordinated Universal Time),Wed Dec 18 2024 14:56:04 GMT+0000 (Coordinated Universal Time),Wed Dec 18 2024 14:59:00 GMT+0000 (Coordinated Universal Time),https://cdn.prod.website-files.com/672cb53b9f8f60aabd3a77f1/675b275ebb3ae91156a7608a_673208385152e4595306dac4_Domaine%2520Derey%2520Freres%2520Marsannay%2520Blanc%25202022.png,,"2022, 2020",marl; limestone,chardonnay,white,298,,Fermentation in steel and oak,12 months in French oak barrels,"Lemon, pear, hazelnut, fresh minerality","Lobster, grilled fish, goat cheese salad",90 (Decanter),,354907,Domaine Derey Freres Marsannay Blanc 2022
Domaine Dugat-Py Meursault Vieilles Vignes Cote de Beaune 2007,domaine-dugat-py-meursault-vieilles-vignes-cote-de-beaune-2007,675834b9bb95cd936a45d91a,672cb53b9f8f60aabd3a77c2,675b2760884eb70453b01b62,Thu Dec 12 2024 18:11:44 GMT+0000 (Coordinated Universal Time),Wed Dec 18 2024 14:56:04 GMT+0000 (Coordinated Universal Time),Wed Dec 18 2024 14:59:00 GMT+0000 (Coordinated Universal Time),https://cdn.prod.website-files.com/672cb53b9f8f60aabd3a77f1/675b2760884eb70453b01a6e_67385ad214e6e06d838a39e1_Domaine%2520Dugat-Py%2520Meursault%2520Vieilles%2520Vignes%2520Cote%2520de%2520Beaune%25202007.png,,"2007, 2008, 2010",clay-limestone,chardonnay,white,3480,,Barrel fermentation,12–15 months in 50% new French oak,"Citrus, hazelnut, toasted brioche, creamy texture","Lobster, scallops, aged goat cheese",94 (Wine Advocate),,354915,Domaine Dugat-Py Meursault Vieilles Vignes Cote de Beaune 2007
Domaine Dupont-Fahn Meursault Les Tillets Cote de Beaune 2022,domaine-dupont-fahn-meursault-les-tillets-cote-de-beaune-2022,675834b9bb95cd936a45d91a,672cb53b9f8f60aabd3a77c2,675b275f66dff4115844141b,Thu Dec 12 2024 18:11:43 GMT+0000 (Coordinated Universal Time),Wed Dec 18 2024 14:56:05 GMT+0000 (Coordinated Universal Time),Wed Dec 18 2024 14:59:00 GMT+0000 (Coordinated Universal Time),https://cdn.prod.website-files.com/672cb53b9f8f60aabd3a77f1/675b275f66dff411584413e8_6734e1e971c56169c7c60eb9_Domaine%2520Dupont-Fahn%2520Meursault%2520Les%2520Tillets%2520Cote%2520de%2520Beaune%25202022.png,,"2022, 2020, 2019",marl-limestone,chardonnay,white,598,,Fermentation in oak barrels,12 months in French oak barrels,"Lemon zest, white peach, almond, vibrant minerality","Sole meunière, roast poultry, soft cheeses",92 (Wine Spectator),,354917,Domaine Dupont-Fahn Meursault Les Tillets Cote de Beaune 2022
Domaine Faiveley Chambolle Musigny 1er Cru Aux Beaux Bruns 2018,domaine-faiveley-chambolle-musigny-1er-cru-aux-beaux-bruns-2018,675834b9bb95cd936a45d91a,672cb53b9f8f60aabd3a77c2,675b275f5a35573310d29aa6,Thu Dec 12 2024 18:11:43 GMT+0000 (Coordinated Universal Time),Wed Dec 18 2024 14:56:05 GMT+0000 (Coordinated Universal Time),Wed Dec 18 2024 14:59:00 GMT+0000 (Coordinated Universal Time),https://cdn.prod.website-files.com/672cb53b9f8f60aabd3a77f1/675b275f5a35573310d29a0a_67385ad32558c24c42730e85_Domaine%2520Faiveley%2520Chambolle%2520Musigny%25201er%2520Cru%2520Aux%2520Beaux%2520Bruns%25202018.png,,"2018, 2019, 2020",clay-limestone,pinot-noir,red,658,,Fermented in open wooden vats,14–16 months in 30% new French oak,"Red cherry, rose petals, spice, elegant tannins","Duck breast, veal medallions, creamy Brie",93 (Wine Advocate),,354919,Domaine Faiveley Chambolle Musigny 1er Cru Aux Beaux Bruns 2018
Domaine Faiveley Chambolle Musigny 1er Cru Les Charmes 2020,domaine-faiveley-chambolle-musigny-1er-cru-les-charmes-2020,675834b9bb95cd936a45d91a,672cb53b9f8f60aabd3a77c2,675b276333b7ce13408a94bd,Thu Dec 12 2024 18:11:47 GMT+0000 (Coordinated Universal Time),Wed Dec 18 2024 14:56:05 GMT+0000 (Coordinated Universal Time),Wed Dec 18 2024 14:59:00 GMT+0000 (Coordinated Universal Time),https://cdn.prod.website-files.com/672cb53b9f8f60aabd3a77f1/675b276333b7ce13408a9451_67385ad2667430263c6fe1f5_Domaine%2520Faiveley%2520Chambolle%2520Musigny%25201er%2520Cru%2520Les%2520Charmes%25202020.png,,"2020, 2019",limestone,pinot-noir,red,898,,Traditional vinification,16 months in 40% new oak barrels,"Strawberry, raspberry, floral, silky texture","Roasted lamb, wild mushrooms, aged cheeses",94 (Decanter),,354921,Domaine Faiveley Chambolle Musigny 1er Cru Les Charmes 2020
Domaine Faiveley Gevrey Chambertin 1er Cru Clos des Issarts 2020,domaine-faiveley-gevrey-chambertin-1er-cru-clos-des-issarts-2020,675834b9bb95cd936a45d91a,672cb53b9f8f60aabd3a77c2,675b27602da817cae7817944,Thu Dec 12 2024 18:11:44 GMT+0000 (Coordinated Universal Time),Wed Dec 18 2024 14:56:08 GMT+0000 (Coordinated Universal Time),Wed Dec 18 2024 14:59:00 GMT+0000 (Coordinated Universal Time),https://cdn.prod.website-files.com/672cb53b9f8f60aabd3a77f1/675b27602da817cae7817938_67385ad3d5b1010043d7dc04_Domaine%2520Faiveley%2520Gevrey%2520Chambertin%25201er%2520Cru%2520Clos%2520des%2520Issarts%25202020.png,,"2020, 2018",stony-limestone,pinot-noir,red,958,,Whole-cluster fermentation,16 months in 40% new French oak,"Black fruits, forest floor, earthy complexity","Beef Wellington, venison stew, Comté",94 (Wine Enthusiast),,354923,Domaine Faiveley Gevrey Chambertin 1er Cru Clos des Issarts 2020
Domaine Florent Garaudet Monthelie Sous le Cellier Cote de Beaune 2016,domaine-florent-garaudet-monthelie-sous-le-cellier-cote-de-beaune-2016,675834b9bb95cd936a45d91a,672cb53b9f8f60aabd3a77c2,675b2760d9cfd3f28149a8d4,Thu Dec 12 2024 18:11:44 GMT+0000 (Coordinated Universal Time),Wed Dec 18 2024 14:56:05 GMT+0000 (Coordinated Universal Time),Wed Dec 18 2024 14:59:00 GMT+0000 (Coordinated Universal Time),https://cdn.prod.website-files.com/672cb53b9f8f60aabd3a77f1/675b2760d9cfd3f28149a893_6734e1e84e0c2b49adfefdf7_Domaine%2520Florent%2520Garaudet%2520Monthelie%2520Sous%2520le%2520Cellier%2520Cote%2520de%2520Beaune%25202016.png,,"2016, 2017",clay-limestone,pinot-noir,red,459,,Open vat fermentation,12 months in 20% new French oak,"Raspberry, spice, earthy tones, balanced acidity","Roast chicken, mushroom risotto, mild cheeses",91 (Wine Spectator),,354925,Domaine Florent Garaudet Monthelie Sous le Cellier Cote de Beaune 2016
Domaine Françoise André Corton Les Renardes Grand Cru 2020,domaine-francoise-andre-corton-les-renardes-grand-cru-2020,675834b9bb95cd936a45d91a,672cb53b9f8f60aabd3a77c2,675b276073555e4688509557,Thu Dec 12 2024 18:11:44 GMT+0000 (Coordinated Universal Time),Wed Dec 18 2024 14:56:05 GMT+0000 (Coordinated Universal Time),Wed Dec 18 2024 14:59:00 GMT+0000 (Coordinated Universal Time),https://cdn.prod.website-files.com/672cb53b9f8f60aabd3a77f1/675b276073555e4688509473_6734e1e8c19f9467dc9c2476_Domaine%2520Francoise%2520Andre%2520Corton%2520Les%2520Renardes%2520Grand%2520Cru%25202020.png,,"2020, 2019",marl-limestone,pinot-noir,red,998,,Fermentation in small vats,18 months in 50% new French oak,"Dark cherry, licorice, truffle, velvety tannins","Filet mignon, truffle pasta, aged Gruyère",95 (Wine Advocate),,354927,Domaine Françoise Andre Corton Les Renardes Grand Cru 2020
Domaine Gilbert et Christine Felettig Chambolle-Musigny Vieilles Vignes 2020,domaine-gilbert-et-christine-felettig-chambolle-musigny-vieilles-vignes-2020,675834b9bb95cd936a45d91a,672cb53b9f8f60aabd3a77c2,675b276169860da8c0261044,Thu Dec 12 2024 18:11:45 GMT+0000 (Coordinated Universal Time),Wed Dec 18 2024 14:56:06 GMT+0000 (Coordinated Universal Time),Wed Dec 18 2024 14:59:00 GMT+0000 (Coordinated Universal Time),https://cdn.prod.website-files.com/672cb53b9f8f60aabd3a77f1/675b276069860da8c0261039_6732083b978046947150015d_Domaine%2520Gilbert%2520et%2520Christine%2520Felettig%2520Chambolle-Musigny%2520Vieilles%2520Vignes%25202020.png,,"2020, 2019, 2018",clay-limestone,pinot-noir,red,890,,Whole-cluster fermentation,16 months in 40% new French oak,"Red cherry, rose petals, spice, silky tannins","Duck confit, mushroom risotto, Brie cheese",93 (Wine Enthusiast),,354929,Domaine Gilbert et Christine Felettig Chambolle-Musigny Vieilles Vignes 2020
"Domaine Huet Vouvray 'Le Haut Lieu' Sec, Loire 2019",domaine-huet-vouvray-le-haut-lieu-sec-loire-2019,675834b9bb95cd936a45d91a,672cb53b9f8f60aabd3a77c2,675b276166b985d10e7f6b09,Thu Dec 12 2024 18:11:45 GMT+0000 (Coordinated Universal Time),Wed Dec 18 2024 14:56:06 GMT+0000 (Coordinated Universal Time),Wed Dec 18 2024 14:59:00 GMT+0000 (Coordinated Universal Time),https://cdn.prod.website-files.com/672cb53b9f8f60aabd3a77f1/675b276166b985d10e7f6ac7_6734e1ea248f6736ced6f0ae_Domaine%2520Huet%2520Vouvray%2520%2527Le%2520Haut%2520Lieu%2527%2520Sec%252C%2520Loire%25202019.png,,"2019, 2020",clay; limestone,chenin-blanc,white,298,,Fermentation in stainless steel,6 months in neutral barrels,"Green apple, citrus, honey, mineral finish","Seafood, goat cheese, roasted vegetables",94 (Wine Advocate),,354931,"Domaine Huet Vouvray 'Le Haut Lieu' Sec, Loire 2019"
Domaine Jean Fery Bourgogne Blanc 2021,domaine-jean-fery-bourgogne-blanc-2021,675834b9bb95cd936a45d91a,672cb53b9f8f60aabd3a77c2,675b2762661290aa70ec9b59,Thu Dec 12 2024 18:11:46 GMT+0000 (Coordinated Universal Time),Wed Dec 18 2024 14:56:06 GMT+0000 (Coordinated Universal Time),Wed Dec 18 2024 14:59:00 GMT+0000 (Coordinated Universal Time),https://cdn.prod.website-files.com/672cb53b9f8f60aabd3a77f1/675b2762661290aa70ec9ab9_673208383c41597f4ec6befe_Domaine%2520Jean%2520Fery%2520Bourgogne%2520Blanc%25202021.png,,"2021, 2020",clay-limestone,chardonnay,white,298,,Fermentation in stainless steel,6–8 months in neutral oak,"Lemon zest, white flowers, crisp minerality","Grilled fish, soft cheeses, light salads",90 (Wine Spectator),,354933,Domaine Jean Fery Bourgogne Blanc 2021
Domaine Jean Fery Chassagne-Montrachet “Abbaye de Morgeot” 2021,domaine-jean-fery-chassagne-montrachet-abbaye-de-morgeot-2021,675834b9bb95cd936a45d91a,672cb53b9f8f60aabd3a77c2,675b2761d9cfd3f28149a9b7,Thu Dec 12 2024 18:11:45 GMT+0000 (Coordinated Universal Time),Wed Dec 18 2024 14:56:06 GMT+0000 (Coordinated Universal Time),Wed Dec 18 2024 14:59:00 GMT+0000 (Coordinated Universal Time),https://cdn.prod.website-files.com/672cb53b9f8f60aabd3a77f1/675b2761d9cfd3f28149a967_6732083897804694714fff8f_Domaine%2520Jean%2520Fery%2520Chassagne-Montrachet%2520Abbaye%2520de%2520Morgeot%25202021.png,,"2021, 2019",marl-limestone,chardonnay,white,970,,Fermentation in French oak barrels,12 months in 30% new oak,"Ripe peach, almond, subtle vanilla, creamy texture","Lobster, scallops, roasted poultry",94 (Decanter),,354935,Domaine Jean Fery Chassagne-Montrachet “Abbaye de Morgeot” 2021
Domaine Jean Fery Corton Charlemagne Grand Cru 2021,domaine-jean-fery-corton-charlemagne-grand-cru-2021,675834b9bb95cd936a45d91a,672cb53b9f8f60aabd3a77c2,675b2762c466249d93926cf4,Thu Dec 12 2024 18:11:46 GMT+0000 (Coordinated Universal Time),Wed Dec 18 2024 14:56:06 GMT+0000 (Coordinated Universal Time),Wed Dec 18 2024 14:59:00 GMT+0000 (Coordinated Universal Time),https://cdn.prod.website-files.com/672cb53b9f8f60aabd3a77f1/675b276224fd78adeb7c1f80_6732083aa63da4ba03542784_Domaine%2520Jean%2520Fery%2520Corton%2520Charlemagne%2520Grand%2520Cru%2520Blanc%25202021.png,,"2021, 2020",limestone; marl,chardonnay,white,1780,,Barrel fermentation,16 months in 40% new French oak,"Citrus, flint, hazelnut, powerful and elegant finish","Sole meunière, white truffle pasta, aged goat cheese",95 (Wine Advocate),,354937,Domaine Jean Fery Corton Charlemagne Grand Cru 2021
Domaine Jean Fery Corton Charlemagne Grand Cru Blanc 2021,domaine-jean-fery-corton-charlemagne-grand-cru-blanc-2021,675834b9bb95cd936a45d91a,672cb53b9f8f60aabd3a77c2,675b276224fd78adeb7c1fa6,Thu Dec 12 2024 18:11:46 GMT+0000 (Coordinated Universal Time),Wed Dec 18 2024 14:56:06 GMT+0000 (Coordinated Universal Time),Wed Dec 18 2024 14:59:00 GMT+0000 (Coordinated Universal Time),https://cdn.prod.website-files.com/672cb53b9f8f60aabd3a77f1/675b276224fd78adeb7c1f80_6732083aa63da4ba03542784_Domaine%2520Jean%2520Fery%2520Corton%2520Charlemagne%2520Grand%2520Cru%2520Blanc%25202021.png,,"2021, 2020",limestone; clay,chardonnay,white,1580,,Fermentation in French oak barrels,18 months in 50% new oak barrels,"Lime, toasted nuts, mineral-driven, long finish","Oysters, rich fish dishes, Comté",96 (Wine Enthusiast),,354939,Domaine Jean Fery Corton Charlemagne Grand Cru Blanc 2021
Domaine Jean Fery Meursault Blanc 2022,domaine-jean-fery-meursault-blanc-2022,675834b9bb95cd936a45d91a,672cb53b9f8f60aabd3a77c2,675b27628a2f1a58413fd6d8,Thu Dec 12 2024 18:11:46 GMT+0000 (Coordinated Universal Time),Wed Dec 18 2024 14:56:07 GMT+0000 (Coordinated Universal Time),Wed Dec 18 2024 14:59:00 GMT+0000 (Coordinated Universal Time),https://cdn.prod.website-files.com/672cb53b9f8f60aabd3a77f1/675b27628a2f1a58413fd698_6732083af8b006c89bbd44c6_Domaine%2520Jean%2520Fery%2520Meursault%2520blanc%25202022.png,,"2022, 2021",clay-limestone,chardonnay,white,740,,Barrel fermentation,12 months in 30% new French oak,"Lemon curd, honey, floral, balanced acidity","Pan-seared salmon, roast chicken, creamy cheeses",92 (Vinous),,354941,Domaine Jean Fery Meursault Blanc 2022
Domaine Jean Fery Morey-Saint-Denis “Champs de la Vigne” 2021,domaine-jean-fery-morey-saint-denis-champs-de-la-vigne-2021,675834b9bb95cd936a45d91a,672cb53b9f8f60aabd3a77c2,675b2763302e0731d32f8fe7,Thu Dec 12 2024 18:11:47 GMT+0000 (Coordinated Universal Time),Wed Dec 18 2024 14:56:07 GMT+0000 (Coordinated Universal Time),Wed Dec 18 2024 14:59:00 GMT+0000 (Coordinated Universal Time),https://cdn.prod.website-files.com/672cb53b9f8f60aabd3a77f1/675b2762302e0731d32f8fa5_6732083a0eec89800b00e8cf_Domaine%2520Jean%2520Fery%2520Morey-Saint-Denis%2520%25E2%2580%259CChamps%2520de%2520la%2520Vigne%25E2%2580%259D%25202021.png,,"2021, 2020",clay-limestone,pinot-noir,red,710,,Traditional vinification,14 months in 30% new French oak,"Blackberry, violet, earthy undertones, velvety tannins","Grilled duck, veal stew, mushroom dishes",93 (Wine Advocate),,354943,Domaine Jean Fery Morey-Saint-Denis “Champs de la Vigne” 2021
Domaine Jean Fery Pernand-Vergelesse “Sous les Clou” 2022,domaine-jean-fery-pernand-vergelesse-sous-les-clou-2022,675834b9bb95cd936a45d91a,672cb53b9f8f60aabd3a77c2,675b276335c8eb9a8cb09ed5,Thu Dec 12 2024 18:11:47 GMT+0000 (Coordinated Universal Time),Wed Dec 18 2024 14:56:08 GMT+0000 (Coordinated Universal Time),Wed Dec 18 2024 14:59:00 GMT+0000 (Coordinated Universal Time),https://cdn.prod.website-files.com/672cb53b9f8f60aabd3a77f1/675b276335c8eb9a8cb09eb0_67320838b317b2ada13fdb99_Domaine%2520Jean%2520Fery%2520Pernand-Vergelesse%2520Sous%2520les%2520Clou%25202022.png,,"2022, 2021",chalk; limestone,pinot-noir,red,438,,Open vat fermentation,12 months in 20% new oak,"Red currant, cherry, floral notes, bright acidity","Roast pork, herbed chicken, Gruyère",91 (Wine Enthusiast),,354945,Domaine Jean Fery Pernand-Vergelesse “Sous les Clou” 2022
Domaine Jean Fery Savigny-Les-Beaunes “Sous la Cabotte” Rouge 2022,domaine-jean-fery-savigny-les-beaunes-sous-la-cabotte-rouge-2022,675834b9bb95cd936a45d91a,672cb53b9f8f60aabd3a77c2,675b27646391c7c3e24376e8,Thu Dec 12 2024 18:11:48 GMT+0000 (Coordinated Universal Time),Wed Dec 18 2024 14:56:07 GMT+0000 (Coordinated Universal Time),Wed Dec 18 2024 14:59:00 GMT+0000 (Coordinated Universal Time),https://cdn.prod.website-files.com/672cb53b9f8f60aabd3a77f1/675b27636391c7c3e2437664_67320839ebb8cbbc748d5e12_Domaine%2520Jean%2520Fery%2520Savigny-Les-Beaunes%2520%25E2%2580%259CSous%2520la%2520Cabotte%25E2%2580%259D%2520Rouge%25202022.png,,"2022, 2020",clay-limestone,pinot-noir,red,398,,Fermented in open-top vats,12 months in 25% new French oak,"Raspberry, spice, soft tannins, elegant structure","Lamb chops, beef tartare, soft cheeses",90 (Wine Spectator),,354947,Domaine Jean Fery Savigny-Les-Beaunes “Sous la Cabotte” Rouge 2022
Domaine Jean Fery Vosne-Romanée 1er Cru En Orveaux 2021,domaine-jean-fery-vosne-romanee-1er-cru-en-orveaux-2021,675834b9bb95cd936a45d91a,672cb53b9f8f60aabd3a77c2,675b2764767fa649c537bb0e,Thu Dec 12 2024 18:11:48 GMT+0000 (Coordinated Universal Time),Wed Dec 18 2024 14:56:08 GMT+0000 (Coordinated Universal Time),Wed Dec 18 2024 14:59:00 GMT+0000 (Coordinated Universal Time),https://cdn.prod.website-files.com/672cb53b9f8f60aabd3a77f1/675b2764767fa649c537baf9_67346e83bc5f919c008d727b_Domaine%2520Jean%2520Fery%2520Vosne-Romane%25CC%2581e%25201er%2520Cru%2520En%2520Orveaux.png,,"2021, 2020",clay-limestone,pinot-noir,red,1110,,Traditional vinification,16 months in 40% new French oak,"Black cherry, rose petals, spice, silky tannins","Game meats, duck breast, hard cheeses",94 (Wine Advocate),,354949,Domaine Jean Fery Vosne-Romanee 1er Cru En Orveaux 2021
Domaine Jean Fery Vosne-Romanée 2021,domaine-jean-fery-vosne-romanee-2021,675834b9bb95cd936a45d91a,672cb53b9f8f60aabd3a77c2,675b2764fdd73f2c00aa28e8,Thu Dec 12 2024 18:11:48 GMT+0000 (Coordinated Universal Time),Wed Dec 18 2024 14:56:08 GMT+0000 (Coordinated Universal Time),Wed Dec 18 2024 14:59:00 GMT+0000 (Coordinated Universal Time),https://cdn.prod.website-files.com/672cb53b9f8f60aabd3a77f1/675b2763fdd73f2c00aa28ce_673208398d026f28cfc890a6_Domaine%2520Jean%2520Fery%2520Vosne-Romane%25CC%2581e%25202021.png,,"2021, 2020",limestone; marl,pinot-noir,red,770,,Open vat fermentation,14 months in 30% new French oak,"Red fruit, spice, floral notes, elegant structure","Beef Wellington, mushroom dishes, Brie cheese",92 (Decanter),,354951,Domaine Jean Fery Vosne-Romanee 2021
Domaine Jean Grivot Nuits-Saint-Georges Aux Lavieres 2018,domaine-jean-grivot-nuits-saint-georges-aux-lavieres-2018,675834b9bb95cd936a45d91a,672cb53b9f8f60aabd3a77c2,675b276435c8eb9a8cb09f61,Thu Dec 12 2024 18:11:48 GMT+0000 (Coordinated Universal Time),Wed Dec 18 2024 14:56:08 GMT+0000 (Coordinated Universal Time),Wed Dec 18 2024 14:59:00 GMT+0000 (Coordinated Universal Time),https://cdn.prod.website-files.com/672cb53b9f8f60aabd3a77f1/675b276435c8eb9a8cb09f0c_67386df94da80eda38501694_Domaine%2520Jean%2520Grivot%2520Nuits-Saint-Georges%2520Aux%2520Lavieres%25202018.png,,"2018, 2017, 2015",clay-limestone,pinot-noir,red,798,,Fermentation with partial whole clusters,18 months in 40% new French oak,"Dark berries, black tea, earthy undertones, refined tannins","Grilled lamb, braised beef, Gruyère",95 (Vinous),,354953,Domaine Jean Grivot Nuits-Saint-Georges Aux Lavieres 2018
Domaine Jean Pascal et Fils Bourgogne Côte d’Or Blanc 2022,domaine-jean-pascal-et-fils-bourgogne-cote-dor-blanc-2022,675834b9bb95cd936a45d91a,672cb53b9f8f60aabd3a77c2,675b276466dff411584419ac,Thu Dec 12 2024 18:11:48 GMT+0000 (Coordinated Universal Time),Wed Dec 18 2024 14:56:08 GMT+0000 (Coordinated Universal Time),Wed Dec 18 2024 14:59:00 GMT+0000 (Coordinated Universal Time),https://cdn.prod.website-files.com/672cb53b9f8f60aabd3a77f1/675b276466dff4115844198d_673208392f57a890e3a6910f_Domaine%2520Jean%2520Pascal%2520et%2520Fils%2520Bourgogne%2520Cote%2520d%25E2%2580%2599Or%2520Blanc%25202022.png,,"2022, 2021",clay-limestone,chardonnay,white,240,,Fermentation in stainless steel,8 months in neutral oak barrels,"Citrus, green apple, white flowers, crisp finish","Grilled fish, vegetable quiche, goat cheese",90 (Wine Enthusiast),,354955,Domaine Jean Pascal et Fils Bourgogne Cote d’Or Blanc 2022
Domaine Jean Pascal et Fils Bourgogne Côte d’Or Rouge 2021,domaine-jean-pascal-et-fils-bourgogne-cote-dor-rouge-2021,675834b9bb95cd936a45d91a,672cb53b9f8f60aabd3a77c2,675b27647e0487513c15f874,Thu Dec 12 2024 18:11:48 GMT+0000 (Coordinated Universal Time),Wed Dec 18 2024 14:56:08 GMT+0000 (Coordinated Universal Time),Wed Dec 18 2024 14:59:00 GMT+0000 (Coordinated Universal Time),https://cdn.prod.website-files.com/672cb53b9f8f60aabd3a77f1/675b27647e0487513c15f869_67320838b75bbb32981cf207_Domaine%2520Jean%2520Pascal%2520et%2520Fils%2520Bourgogne%2520Cote%2520d%25E2%2580%2599Or%2520Rouge%25202021.png,,"2021, 2020",clay-limestone,pinot-noir,red,230,,Traditional vinification,10 months in used French oak,"Red cherry, raspberry, hints of spice, light tannins","Roasted chicken, charcuterie, Camembert",89 (Wine Spectator),,354957,Domaine Jean Pascal et Fils Bourgogne Cote d’Or Rouge 2021
Domaine Jean Pascal et Fils Puligny-Montrachet Blanc 2022,domaine-jean-pascal-et-fils-puligny-montrachet-blanc-2022,675834b9bb95cd936a45d91a,672cb53b9f8f60aabd3a77c2,675b27659b03153bc38c286c,Thu Dec 12 2024 18:11:49 GMT+0000 (Coordinated Universal Time),Wed Dec 18 2024 14:56:09 GMT+0000 (Coordinated Universal Time),Wed Dec 18 2024 14:59:00 GMT+0000 (Coordinated Universal Time),https://cdn.prod.website-files.com/672cb53b9f8f60aabd3a77f1/675b27659b03153bc38c2801_6732083cebb8cbbc748d6645_Domaine%2520Jean%2520Pascal%2520et%2520Fils%2520Puligny-Montrachet%2520Blanc%25202022.png,,"2022, 2021",clay-limestone,chardonnay,white,588,,Barrel fermentation,10 months in 25% new French oak,"Lemon zest, white flowers, minerality, lively finish","Sole, creamy pasta, aged goat cheese",91 (Decanter),,354961,Domaine Jean Pascal et Fils Puligny-Montrachet Blanc 2022
Domaine Jean Pascal et Fils Puligny-Montrachet Rouge 2022,domaine-jean-pascal-et-fils-puligny-montrachet-rouge-2022,675834b9bb95cd936a45d91a,672cb53b9f8f60aabd3a77c2,675b27652b605982414dc735,Thu Dec 12 2024 18:11:49 GMT+0000 (Coordinated Universal Time),Wed Dec 18 2024 14:56:09 GMT+0000 (Coordinated Universal Time),Wed Dec 18 2024 14:59:00 GMT+0000 (Coordinated Universal Time),https://cdn.prod.website-files.com/672cb53b9f8f60aabd3a77f1/675b27652b605982414dc707_67320839c9ce93f6d270e95f_Domaine%2520Jean%2520Pascal%2520et%2520Fils%2520Puligny-Montrachet%2520Rouge%25202022.png,,"2022, 2020",clay-limestone,pinot-noir,red,480,,Open vat fermentation,12 months in 30% new oak,"Red berries, violet, earthy spice, soft tannins","Roasted duck, herbed pork, Comté",89 (Wine Spectator),,354963,Domaine Jean Pascal et Fils Puligny-Montrachet Rouge 2022
Domaine Jean Pascal et Fils Puligny-Montrachet “Les Enseigneres” 2021,domaine-jean-pascal-et-fils-puligny-montrachet-les-enseigneres-2021,675834b9bb95cd936a45d91a,672cb53b9f8f60aabd3a77c2,675b276551c9256a4f6a1fa4,Thu Dec 12 2024 18:11:49 GMT+0000 (Coordinated Universal Time),Wed Dec 18 2024 14:56:09 GMT+0000 (Coordinated Universal Time),Wed Dec 18 2024 14:59:00 GMT+0000 (Coordinated Universal Time),https://cdn.prod.website-files.com/672cb53b9f8f60aabd3a77f1/675b276551c9256a4f6a1f37_6732083b030e4ac46af67b77_Domaine%2520Jean%2520Pascal%2520et%2520Fils%2520Puligny-Montrachet%2520%25E2%2580%259CLes%2520Enseigneres%25E2%2580%259D%25202021.png,,"2021, 2020",clay-limestone,chardonnay,white,830,,Fermentation in French oak barrels,12 months in 30% new French oak,"Ripe pear, almond, subtle vanilla, creamy texture","Lobster, scallops, roasted chicken",93 (Wine Advocate),,354959,Domaine Jean Pascal et Fils Puligny-Montrachet “Les Enseigneres” 2021
Domaine Jean Pascal et Fils Volnay 2021,domaine-jean-pascal-et-fils-volnay-2021,675834b9bb95cd936a45d91a,672cb53b9f8f60aabd3a77c2,675b2766061aeb5c8775d0f4,Thu Dec 12 2024 18:11:50 GMT+0000 (Coordinated Universal Time),Wed Dec 18 2024 14:56:09 GMT+0000 (Coordinated Universal Time),Wed Dec 18 2024 14:59:00 GMT+0000 (Coordinated Universal Time),https://cdn.prod.website-files.com/672cb53b9f8f60aabd3a77f1/675b2765661290aa70ec9c64_67320839881386c295df1b17_Domaine%2520Jean%2520Pascal%2520et%2520Fils%2520Volnay%25202021.png,,"2021, 2019",rocky-limestone,pinot-noir,red,398,,Traditional vinification,14 months in 20% new French oak,"Bright cherry, cranberry, floral hints, silky finish","Lamb chops, mushroom tart, mild cheeses",91 (Vinous),,354965,Domaine Jean Pascal et Fils Volnay 2021
Domaine Jean Pascal et Fils Volnay 2022,domaine-jean-pascal-et-fils-volnay-2022,675834b9bb95cd936a45d91a,672cb53b9f8f60aabd3a77c2,675b2765661290aa70ec9c77,Thu Dec 12 2024 18:11:49 GMT+0000 (Coordinated Universal Time),Wed Dec 18 2024 14:56:09 GMT+0000 (Coordinated Universal Time),Wed Dec 18 2024 14:59:00 GMT+0000 (Coordinated Universal Time),https://cdn.prod.website-files.com/672cb53b9f8f60aabd3a77f1/675b2765661290aa70ec9c64_67320839881386c295df1b17_Domaine%2520Jean%2520Pascal%2520et%2520Fils%2520Volnay%25202021.png,,"2022, 2021",limestone; clay,pinot-noir,red,480,,Open vat fermentation,12 months in 20% new French oak,"Strawberry, clove, earthy undertones, vibrant acidity","Veal stew, roasted vegetables, Gouda",92 (Wine Enthusiast),,354967,Domaine Jean Pascal et Fils Volnay 2022
Domaine Jean-Yves Devevey Bourgogne Hautes Côtes de Beaune 18 Lunes Blanc Burgundy 2018,domaine-jean-yves-devevey-bourgogne-hautes-cotes-de-beaune-18-lunes-blanc-burgundy-2018,675834b9bb95cd936a45d91a,672cb53b9f8f60aabd3a77c2,675b27668cf71119770809c9,Thu Dec 12 2024 18:11:50 GMT+0000 (Coordinated Universal Time),Wed Dec 18 2024 14:56:09 GMT+0000 (Coordinated Universal Time),Wed Dec 18 2024 14:59:00 GMT+0000 (Coordinated Universal Time),https://cdn.prod.website-files.com/672cb53b9f8f60aabd3a77f1/675b27668cf711197708098b_6734e1e960675dcc402e07f1_Domaine%2520Jean-Yves%2520Devevey%2520Bourgogne%2520Hautes%2520Cotes%2520de%2520Beaune%252018%2520Lunes%2520Blanc%2520Burgundy%25202018.png,,"2018, 2017",clay-limestone,chardonnay,white,359,,Fermented in French oak barrels,18 months in neutral French oak,"Citrus, white peach, subtle toast, creamy finish","Grilled seafood, creamy pasta, goat cheese",91 (Vinous),,354969,Domaine Jean-Yves Devevey Bourgogne Hautes Cotes de Beaune 18 Lunes Blanc Burgundy 2018
Domaine Jourdan Chinon Rouge L'Arcestrale 2017,domaine-jourdan-chinon-rouge-larcestrale-2017,675834b9bb95cd936a45d91a,672cb53b9f8f60aabd3a77c2,675b27663bc5e1bb8bb1e496,Thu Dec 12 2024 18:11:50 GMT+0000 (Coordinated Universal Time),Wed Dec 18 2024 14:56:10 GMT+0000 (Coordinated Universal Time),Wed Dec 18 2024 14:59:00 GMT+0000 (Coordinated Universal Time),https://cdn.prod.website-files.com/672cb53b9f8f60aabd3a77f1/675b27663bc5e1bb8bb1e469_6732083b79a22c13b8f4687a_Domaine%2520Jourdan%2520Chinon%2520Rouge%2520L_Arcestrale%25202017.png,,"2017, 2016",sand; loam; gravel,cabernet-franc,red,370,,Native yeast fermentation,12 months in large neutral barrels,"Dark plum, forest floor, peppery finish","Duck confit, ratatouille, aged Gouda",90 (Wine Enthusiast),,354971,Domaine Jourdan Chinon Rouge L'Arcestrale 2017
Domaine Jourdan Chinon Rouge Les Trois Quartiers 2018,domaine-jourdan-chinon-rouge-les-trois-quartiers-2018,675834b9bb95cd936a45d91a,672cb53b9f8f60aabd3a77c2,675b2766cd0d40e1dbcc45f0,Thu Dec 12 2024 18:11:50 GMT+0000 (Coordinated Universal Time),Wed Dec 18 2024 14:56:10 GMT+0000 (Coordinated Universal Time),Wed Dec 18 2024 14:59:00 GMT+0000 (Coordinated Universal Time),https://cdn.prod.website-files.com/672cb53b9f8f60aabd3a77f1/675b2766cd0d40e1dbcc45ad_6732083a6f63cc0817591ee3_Domaine%2520Jourdan%2520Chinon%2520Rouge%2520Les%2520Trois%2520Quartiers%25202018.png,,"2018, 2020",clay; limestone,cabernet-franc,red,294,,Open vat fermentation,14 months in oak foudres,"Blackcurrant, tobacco, silky tannins","Grilled lamb, charcuterie, hard cheeses",92 (Wine Advocate),,354973,Domaine Jourdan Chinon Rouge Les Trois Quartiers 2018
Domaine Leflaive Bourgogne Blanc Burgundy 2021,domaine-leflaive-bourgogne-blanc-burgundy-2021,675834b9bb95cd936a45d91a,672cb53b9f8f60aabd3a77c2,675b27671c9f109b3672ea47,Thu Dec 12 2024 18:11:51 GMT+0000 (Coordinated Universal Time),Wed Dec 18 2024 14:56:09 GMT+0000 (Coordinated Universal Time),Wed Dec 18 2024 14:59:00 GMT+0000 (Coordinated Universal Time),https://cdn.prod.website-files.com/672cb53b9f8f60aabd3a77f1/675b27661c9f109b3672ea3b_67385ad3f54ebe0d0213a009_Domaine%2520Leflaive%2520Bourgogne%2520Blanc%2520Burgundy%25202021.png,,"2021, 2019",clay-limestone,chardonnay,white,998,,Barrel fermentation,10 months in 15% new French oak,"Green apple, citrus, mineral undertones, lively acidity","Shellfish, roasted chicken, brie",91 (Decanter),,354975,Domaine Leflaive Bourgogne Blanc Burgundy 2021
Domaine Leflaive Mâcon Igé 2022,domaine-leflaive-macon-ige-2022,675834b9bb95cd936a45d91a,672cb53b9f8f60aabd3a77c2,675b2767268ad26abf7a70b6,Thu Dec 12 2024 18:11:51 GMT+0000 (Coordinated Universal Time),Wed Dec 18 2024 14:56:10 GMT+0000 (Coordinated Universal Time),Wed Dec 18 2024 14:59:00 GMT+0000 (Coordinated Universal Time),https://cdn.prod.website-files.com/672cb53b9f8f60aabd3a77f1/675b2766268ad26abf7a7065_67385ad30036ea328223cd6f_Domaine%2520Leflaive%2520Macon%2520Ige%25202022.png,,"2022, 2021",marl; clay,chardonnay,white,668,,Stainless steel fermentation,8 months in stainless steel,"Lemon, white flowers, fresh minerality","Grilled fish, vegetable quiche, chèvre",90 (Wine Spectator),,354977,Domaine Leflaive Macon Ige 2022
Domaine Leflaive Mâcon-Verzé Burgundy 2022,domaine-leflaive-macon-verze-burgundy-2022,675834b9bb95cd936a45d91a,672cb53b9f8f60aabd3a77c2,675b2767323f34ba9d2505bd,Thu Dec 12 2024 18:11:51 GMT+0000 (Coordinated Universal Time),Wed Dec 18 2024 14:56:10 GMT+0000 (Coordinated Universal Time),Wed Dec 18 2024 14:59:00 GMT+0000 (Coordinated Universal Time),https://cdn.prod.website-files.com/672cb53b9f8f60aabd3a77f1/675b2767323f34ba9d250590_6732083b5ed161e1fce1994f_Domaine%2520Leflaive%2520Macon-Verze%2520Burgundy%25202022.png,,"2022, 2021",limestone; marl,chardonnay,white,499,,Fermented in neutral barrels,10 months in oak barrels,"Pear, almond, honeysuckle, crisp finish","Seared scallops, risotto, aged Gruyère",91 (Wine Enthusiast),,354979,Domaine Leflaive Macon-Verze Burgundy 2022
Domaine Leflaive Pouilly-Fuissé 2021,domaine-leflaive-pouilly-fuisse-2021,675834b9bb95cd936a45d91a,672cb53b9f8f60aabd3a77c2,675b2767b99c0cc95dcd083e,Thu Dec 12 2024 18:11:51 GMT+0000 (Coordinated Universal Time),Wed Dec 18 2024 14:56:10 GMT+0000 (Coordinated Universal Time),Wed Dec 18 2024 14:59:00 GMT+0000 (Coordinated Universal Time),https://cdn.prod.website-files.com/672cb53b9f8f60aabd3a77f1/675b2767b99c0cc95dcd0821_67385ad20ff4a1de0cc26a76_Domaine%2520Leflaive%2520Pouilly%2520Fuisse%25CC%2581%25202021.png,,"2021, 2020",limestone,chardonnay,white,798,,Barrel fermentation,12 months in 20% new French oak,"Peach, citrus, hazelnut, creamy mouthfeel","Lobster, creamy pasta, roast poultry",93 (Vinous),,354981,Domaine Leflaive Pouilly-Fuisse 2021
Domaine Leflaive Pouilly-Fuissé La Chaneau 2020,domaine-leflaive-pouilly-fuisse-la-chaneau-2020,675834b9bb95cd936a45d91a,672cb53b9f8f60aabd3a77c2,675b2767465ad9a9657cbe27,Thu Dec 12 2024 18:11:51 GMT+0000 (Coordinated Universal Time),Wed Dec 18 2024 14:56:11 GMT+0000 (Coordinated Universal Time),Wed Dec 18 2024 14:59:00 GMT+0000 (Coordinated Universal Time),https://cdn.prod.website-files.com/672cb53b9f8f60aabd3a77f1/675b2767465ad9a9657cbdba_67385ad3d5b1010043d7dc4f_Domaine%2520Leflaive%2520Pouilly%2520Fuisse%25CC%2581%2520La%2520Chaneau%25202020.png,,"2020, 2019",clay-limestone,chardonnay,white,998,,Indigenous yeast fermentation,14 months in 25% new oak barrels,"Apricot, brioche, floral hints, long mineral finish","Halibut, truffle risotto, aged goat cheese",94 (Wine Advocate),,354983,Domaine Leflaive Pouilly-Fuisse La Chaneau 2020
Domaine Marquis d'Angerville Champans Volnay Premier Cru 2017,domaine-marquis-dangerville-champans-volnay-premier-cru-2017,675834b9bb95cd936a45d91a,672cb53b9f8f60aabd3a77c2,675b276824fd78adeb7c21d9,Thu Dec 12 2024 18:11:52 GMT+0000 (Coordinated Universal Time),Wed Dec 18 2024 14:56:11 GMT+0000 (Coordinated Universal Time),Wed Dec 18 2024 14:59:00 GMT+0000 (Coordinated Universal Time),https://cdn.prod.website-files.com/672cb53b9f8f60aabd3a77f1/675b276724fd78adeb7c21cb_6734e1e80cac8927c3b50ffc_Domaine%2520Marquis%2520d%2527Angerville%2520Champans%2520Volnay%2520Premier%2520Cru%25202017.png,,"2017, 2015, 2014",stony-limestone,pinot-noir,red,1238,,Traditional vinification,18 months in 20% new French oak,"Cherry, rose petals, earthy spice, refined tannins","Roast duck, mushroom dishes, soft cheeses",95 (Decanter),,354985,Domaine Marquis d'Angerville Champans Volnay Premier Cru 2017
"Domaine Patrice Rion Les Charmes, Chambolle-Musigny 1er Cru, 2014",domaine-patrice-rion-les-charmes-chambolle-musigny-1er-cru-2014,675834b9bb95cd936a45d91a,672cb53b9f8f60aabd3a77c2,675b27680c853e1a610b4cc8,Thu Dec 12 2024 18:11:52 GMT+0000 (Coordinated Universal Time),Wed Dec 18 2024 14:56:11 GMT+0000 (Coordinated Universal Time),Wed Dec 18 2024 14:59:00 GMT+0000 (Coordinated Universal Time),https://cdn.prod.website-files.com/672cb53b9f8f60aabd3a77f1/675b27680c853e1a610b4c82_6732083b14d78dd1b88404da_Domaine%2520Patrice%2520Rion%2520Les%2520Charmes%252C%2520Chambolle-Musigny%25201er%2520Cru%252C%25202014.png,,"2014, 2016",clay-limestone,pinot-noir,red,880,,Traditional fermentation,18 months in 30% new French oak,"Cherry, rose petals, earthy spice, silky tannins","Roast duck, coq au vin, soft cheeses",94 (Wine Advocate),,354987,"Domaine Patrice Rion Les Charmes, Chambolle-Musigny 1er Cru, 2014"
Domaine Ramonet Mâcon Perronne 2020,domaine-ramonet-macon-perronne-2020,675834b9bb95cd936a45d91a,672cb53b9f8f60aabd3a77c2,675b27694074ecbef1a8cb67,Thu Dec 12 2024 18:11:53 GMT+0000 (Coordinated Universal Time),Wed Dec 18 2024 14:56:11 GMT+0000 (Coordinated Universal Time),Wed Dec 18 2024 14:59:00 GMT+0000 (Coordinated Universal Time),https://cdn.prod.website-files.com/672cb53b9f8f60aabd3a77f1/675b2768061aeb5c8775d289_6734e1ea10981908f2e5e71d_Domaine%2520Ramonet%2520Macon%2520Peronne.png,,"2020, 2021",clay-limestone,chardonnay,white,648,,Stainless steel fermentation,6 months in neutral oak barrels,"Lemon zest, white flowers, mineral finish","Grilled fish, vegetable quiche, fresh chèvre",90 (Vinous),,354989,Domaine Ramonet Macon Perronne 2020
Domaine Ramonet Mâcon Perronne 2021,domaine-ramonet-macon-perronne-2021,675834b9bb95cd936a45d91a,672cb53b9f8f60aabd3a77c2,675b2768061aeb5c8775d29f,Thu Dec 12 2024 18:11:52 GMT+0000 (Coordinated Universal Time),Wed Dec 18 2024 14:56:11 GMT+0000 (Coordinated Universal Time),Wed Dec 18 2024 14:59:00 GMT+0000 (Coordinated Universal Time),https://cdn.prod.website-files.com/672cb53b9f8f60aabd3a77f1/675b2768061aeb5c8775d289_6734e1ea10981908f2e5e71d_Domaine%2520Ramonet%2520Macon%2520Peronne.png,,"2021, 2020",clay-limestone,chardonnay,white,668,,Fermented in neutral oak barrels,8 months in neutral oak,"Peach, honeysuckle, crisp minerality","Seared scallops, creamy pastas, light poultry dishes",91 (Wine Enthusiast),,354991,Domaine Ramonet Macon Perronne 2021
Domaine Wachau Riesling Ried Loibenberg Federspiel 2020,domaine-wachau-riesling-ried-loibenberg-federspiel-2020,675834b9bb95cd936a45d91a,672cb53b9f8f60aabd3a77c2,675b276845ad0ffea9ce4290,Thu Dec 12 2024 18:11:52 GMT+0000 (Coordinated Universal Time),Wed Dec 18 2024 14:56:11 GMT+0000 (Coordinated Universal Time),Wed Dec 18 2024 14:59:00 GMT+0000 (Coordinated Universal Time),https://cdn.prod.website-files.com/672cb53b9f8f60aabd3a77f1/675b276845ad0ffea9ce427a_67385ad2d6914ae792ab8607_Domaine%2520Wachau%2520Riesling%2520Ried%2520Loibenberg%2520Federspiel%25202020.png,,"2020, 2019",primary-rock; sand,riesling,white,198,,Controlled fermentation in stainless steel,6 months on lees in stainless steel,"Green apple, citrus, herbal notes, vibrant minerality","Sushi, Asian dishes, fresh salads",92 (Wine Spectator),,354993,Domaine Wachau Riesling Ried Loibenberg Federspiel 2020
Domaine de Chevalier Rouge 1986,domaine-de-chevalier-rouge-1986,675834b9bb95cd936a45d91a,672cb53b9f8f60aabd3a77c2,675b275d391a4ea24dcd120c,Thu Dec 12 2024 18:11:41 GMT+0000 (Coordinated Universal Time),Wed Dec 18 2024 14:56:03 GMT+0000 (Coordinated Universal Time),Wed Dec 18 2024 14:59:00 GMT+0000 (Coordinated Universal Time),https://cdn.prod.website-files.com/672cb53b9f8f60aabd3a77f1/675b275c391a4ea24dcd11e9_673208389e575f0f0e1414af_Domaine%2520de%2520Chevalier%2520Rouge%25201986.png,,"1986, 1989, 1982",gravel; sand,cabernet-sauvignon; merlot; petit-verdot,red,998,,Traditional Bordeaux vinification,18 months in 50% new oak barrels,"Blackcurrant, cedar, leather, earthy tones","Grilled lamb, venison, hard cheeses",91 (Wine Spectator),,354891,Domaine de Chevalier Rouge 1986
Domaine de Chevalier Rouge 1993,domaine-de-chevalier-rouge-1993,675834b9bb95cd936a45d91a,672cb53b9f8f60aabd3a77c2,675b275d891c75a399f8e680,Thu Dec 12 2024 18:11:41 GMT+0000 (Coordinated Universal Time),Wed Dec 18 2024 14:56:03 GMT+0000 (Coordinated Universal Time),Wed Dec 18 2024 14:59:00 GMT+0000 (Coordinated Universal Time),,,"1993, 1990, 1994",gravel; sand,cabernet-sauvignon; merlot; petit-verdot,red,848,,Traditional Bordeaux vinification,18 months in 40% new oak barrels,"Plum, tobacco, pencil shavings, firm tannins","Duck confit, beef Wellington, aged cheddar",88 (Wine Advocate),,354893,Domaine de Chevalier Rouge 1993
Domaine de Montbourgeau Côtes du Jura Secret de Montbourgeau NV,domaine-de-montbourgeau-cotes-du-jura-secret-de-montbourgeau-nv,675834b9bb95cd936a45d91a,672cb53b9f8f60aabd3a77c2,675b275d5f874ed2f9e4e6a7,Thu Dec 12 2024 18:11:41 GMT+0000 (Coordinated Universal Time),Wed Dec 18 2024 14:56:03 GMT+0000 (Coordinated Universal Time),Wed Dec 18 2024 14:59:00 GMT+0000 (Coordinated Universal Time),https://cdn.prod.website-files.com/672cb53b9f8f60aabd3a77f1/675b275c5f874ed2f9e4e66a_6734e1ebdf5c1e097e38c6fb_Domaine%2520de%2520Montbourgeau%2520Cotes%2520du%2520Jura%2520Secret%2520de%2520Montbourgeau%2520NV.png,,NV,marl; limestone,savagnin; chardonnay,white,448,,Oxidative fermentation,30 months in old oak barrels,"Walnut, dried fruit, sherry-like complexity","Comté cheese, mushroom dishes, roasted pork",92 (Decanter),,354895,Domaine de Montbourgeau Côtes du Jura Secret de Montbourgeau NV
"Domaine des Jeunes Pousses Beaujolais d'Emeringes ""Aux Chanes"" 2021",domaine-des-jeunes-pousses-beaujolais-demeringes-aux-chanes-2021,675834b9bb95cd936a45d91a,672cb53b9f8f60aabd3a77c2,675b275e5087a4313a2069d3,Thu Dec 12 2024 18:11:42 GMT+0000 (Coordinated Universal Time),Wed Dec 18 2024 14:56:04 GMT+0000 (Coordinated Universal Time),Wed Dec 18 2024 14:59:00 GMT+0000 (Coordinated Universal Time),https://cdn.prod.website-files.com/672cb53b9f8f60aabd3a77f1/675b275e5087a4313a206983_67385ad273b190ea1e1d0b40_Domaine%2520des%2520Jeunes%2520Pousses%2520Beaujolais%2520d%2527Emeringes%2520_Aux%2520Chanes_%25202021.png,,"2021, 2020",granite,gamay,red,268,,Carbonic maceration,6–8 months in stainless steel,"Red berries, floral notes, light body","Charcuterie, roasted chicken, soft cheeses",90 (Wine Enthusiast),,354909,"Domaine des Jeunes Pousses Beaujolais d'Emeringes ""Aux Chanes"" 2021"
"Domaine des Jeunes Pousses Beaujolais d'Emeringes ""La Croix"" 2021",domaine-des-jeunes-pousses-beaujolais-demeringes-la-croix-2021,675834b9bb95cd936a45d91a,672cb53b9f8f60aabd3a77c2,675b275f87d97e855054de3c,Thu Dec 12 2024 18:11:43 GMT+0000 (Coordinated Universal Time),Wed Dec 18 2024 14:56:05 GMT+0000 (Coordinated Universal Time),Wed Dec 18 2024 14:59:00 GMT+0000 (Coordinated Universal Time),https://cdn.prod.website-files.com/672cb53b9f8f60aabd3a77f1/675b275f87d97e855054de35_67385ad25079331077f228d5_Domaine%2520des%2520Jeunes%2520Pousses%2520Beaujolais%2520d%2527Emeringes%2520_La%2520Croix_%25202021.png,,"2021, 2019",clay-limestone,gamay,red,258,,Traditional vinification,6–9 months in neutral oak barrels,"Ripe cherry, spice, fresh acidity","Grilled sausages, mushroom dishes, Camembert",91 (Decanter),,354911,"Domaine des Jeunes Pousses Beaujolais d'Emeringes ""La Croix"" 2021"
Domaine des Jeunes Pousses Beaujolais d'Emeringes Replat de Vavre 2021,domaine-des-jeunes-pousses-beaujolais-demeringes-replat-de-vavre-2021,675834b9bb95cd936a45d91a,672cb53b9f8f60aabd3a77c2,675b275f87e87033856336ee,Thu Dec 12 2024 18:11:43 GMT+0000 (Coordinated Universal Time),Wed Dec 18 2024 14:56:04 GMT+0000 (Coordinated Universal Time),Wed Dec 18 2024 14:59:00 GMT+0000 (Coordinated Universal Time),https://cdn.prod.website-files.com/672cb53b9f8f60aabd3a77f1/675b275f87e870338563363c_67385ad212ab66f45bc30efa_Domaine%2520des%2520Jeunes%2520Pousses%2520Beaujolais%2520d%2527Emeringes%2520Replat%2520de%2520Vavre%25202021.png,,"2021, 2020",schist,gamay,red,258,,Semi-carbonic maceration,8–10 months in old oak barrels,"Blackcurrant, pepper, earthy undertones","Duck confit, pork tenderloin, Gruyère cheese",92 (Vinous),,354913,Domaine des Jeunes Pousses Beaujolais d'Emeringes Replat de Vavre 2021
Domäne Wachau Achleiten Riesling Smaragd 2020,domane-wachau-achleiten-riesling-smaragd-2020,675834b9bb95cd936a45d91a,672cb53b9f8f60aabd3a77c2,675b276a21e15b11f6b96c5b,Thu Dec 12 2024 18:11:54 GMT+0000 (Coordinated Universal Time),Wed Dec 18 2024 14:56:12 GMT+0000 (Coordinated Universal Time),Wed Dec 18 2024 14:59:00 GMT+0000 (Coordinated Universal Time),https://cdn.prod.website-files.com/672cb53b9f8f60aabd3a77f1/675b276921e15b11f6b96bbe_6734e1e9c4b8b8485bdad711_Domane%2520Wachau%2520Riesling%2520Ried%2520Loibenberg%2520Federspiel%25202020.png,,"2020, 2019, 2018",gneiss; mica-schist,riesling,white,298,,Fermentation in steel and large oak,10 months on fine lees,"Apricot, lime zest, floral notes, saline finish","Grilled seafood, veal schnitzel, goat cheese",94 (Wine Advocate),,354995,Domane Wachau Achleiten Riesling Smaragd 2020
Dosio Riserva Speciale Barolo DOCG 1982,dosio-riserva-speciale-barolo-docg-1982,675834b9bb95cd936a45d91a,672cb53b9f8f60aabd3a77c2,675b276966dff41158441c6c,Thu Dec 12 2024 18:11:53 GMT+0000 (Coordinated Universal Time),Wed Dec 18 2024 14:56:12 GMT+0000 (Coordinated Universal Time),Wed Dec 18 2024 14:59:00 GMT+0000 (Coordinated Universal Time),https://cdn.prod.website-files.com/672cb53b9f8f60aabd3a77f1/675b276966dff41158441c32_6734e1e80f317306e667487a_Dosio%2520Riserva%2520Speciale%2520Barolo%2520DOCG.png,,"1982, 1985",clay-limestone,nebbiolo,red,599,,Traditional maceration and fermentation,36 months in large Slavonian oak,"Dried cherry, leather, truffle, evolved tannins","Braised beef, aged Parmesan, mushroom risotto",96 (Decanter),,354997,Dosio Riserva Speciale Barolo DOCG 1982
Errazuriz Aconcagua Costa Chardonnay Aconcagua Valley 2018,errazuriz-aconcagua-costa-chardonnay-aconcagua-valley-2018,675834b9bb95cd936a45d91a,672cb53b9f8f60aabd3a77c2,675b276999b4070c0ac50c6c,Thu Dec 12 2024 18:11:53 GMT+0000 (Coordinated Universal Time),Wed Dec 18 2024 14:56:12 GMT+0000 (Coordinated Universal Time),Wed Dec 18 2024 14:59:00 GMT+0000 (Coordinated Universal Time),https://cdn.prod.website-files.com/672cb53b9f8f60aabd3a77f1/675b276999b4070c0ac50c24_6734e1e8f86c501ae29217b2_Errazuriz%2520Aconcagua%2520Costa%2520Chardonnay%2520Aconcagua%2520Valley%25202018.png,,"2018, 2019",granite; schist,chardonnay,white,229,,Barrel fermentation,10 months in 20% new French oak,"Tropical fruit, toasted almonds, citrus, creamy texture","Lobster, creamy pasta, roasted chicken",93 (Wine Enthusiast),,354999,Errazuriz Aconcagua Costa Chardonnay Aconcagua Valley 2018
Errazuriz Don Maximiano Founder's Reserve 2017,errazuriz-don-maximiano-founders-reserve-2017,675834b9bb95cd936a45d91a,672cb53b9f8f60aabd3a77c2,675b276acaeaffec3895e9f9,Thu Dec 12 2024 18:11:54 GMT+0000 (Coordinated Universal Time),Wed Dec 18 2024 14:56:12 GMT+0000 (Coordinated Universal Time),Wed Dec 18 2024 14:59:00 GMT+0000 (Coordinated Universal Time),https://cdn.prod.website-files.com/672cb53b9f8f60aabd3a77f1/675b2769caeaffec3895e9c6_6734e1e99f6b607178f1c77d_Errazuriz%2520Don%2520Maximiano%2520Founder%2527s%2520Reserve%25202017.png,,"2017, 2018, 2015",alluvial-soils,cabernet-sauvignon; carmenere; syrah; petit-verdot,red,588,,"Stainless steel fermentation, extended maceration",22 months in 70% new French oak barrels,"Blackberry, cassis, dark chocolate, polished tannins","Grilled lamb, beef tenderloin, hard cheeses",96 (James Suckling),,355001,Errazuriz Don Maximiano Founder's Reserve 2017
Esprit Leflaive Pouilly-Fuissé Clos Reyssier 2019,esprit-leflaive-pouilly-fuisse-clos-reyssier-2019,675834b9bb95cd936a45d91a,672cb53b9f8f60aabd3a77c2,675b2769302e0731d32f9370,Thu Dec 12 2024 18:11:53 GMT+0000 (Coordinated Universal Time),Wed Dec 18 2024 14:56:13 GMT+0000 (Coordinated Universal Time),Wed Dec 18 2024 14:59:00 GMT+0000 (Coordinated Universal Time),https://cdn.prod.website-files.com/672cb53b9f8f60aabd3a77f1/675b2769302e0731d32f9353_67385ad4eec8342a652e120a_Esprit%2520Leflaive%2520Pouilly%2520Fuisse%25CC%2581%2520Clos%2520Reyssier%25202019.png,,"2019, 2020",limestone; marl,chardonnay,white,858,,Indigenous yeast fermentation,10 months in oak barrels,"Lemon, white peach, floral hints, long mineral finish","Roast poultry, creamy mushroom dishes, mild cheeses",93 (Wine Spectator),,355003,Esprit Leflaive Pouilly-Fuisse Clos Reyssier 2019
F.X. Pichler Dürnsteiner Riesling Smaragd Wachau 2018,f-x-pichler-durnsteiner-riesling-smaragd-wachau-2018,675834b9bb95cd936a45d91a,672cb53b9f8f60aabd3a77c2,675b276a0935ed67dede0dbe,Thu Dec 12 2024 18:11:54 GMT+0000 (Coordinated Universal Time),Wed Dec 18 2024 14:56:12 GMT+0000 (Coordinated Universal Time),Wed Dec 18 2024 14:59:00 GMT+0000 (Coordinated Universal Time),https://cdn.prod.website-files.com/672cb53b9f8f60aabd3a77f1/675b276a0935ed67dede0da4_6734e1ebbedaddb536db0c23_F.X.%2520Pichler%2520Durnsteiner%2520Riesling%2520Smaragd%2520Wachau%25202018.png,,"2018, 2017",primary-rock; loess,riesling,white,358,,Fermentation in stainless steel,6-8 months on lees in steel tanks,"Apricot, lime, wet stone, rich and vibrant texture","Asian cuisine, grilled fish, spicy dishes",96 (Wine Spectator),,355005,F.X. Pichler Durnsteiner Riesling Smaragd Wachau 2018
F.X. Pichler Riesling Ried Steinertal 2021,f-x-pichler-riesling-ried-steinertal-2021,675834b9bb95cd936a45d91a,672cb53b9f8f60aabd3a77c2,675b276b6391c7c3e2437aea,Thu Dec 12 2024 18:11:55 GMT+0000 (Coordinated Universal Time),Wed Dec 18 2024 14:56:12 GMT+0000 (Coordinated Universal Time),Wed Dec 18 2024 14:59:00 GMT+0000 (Coordinated Universal Time),https://cdn.prod.website-files.com/672cb53b9f8f60aabd3a77f1/675b276a6391c7c3e24379fb_6734e1eb0f317306e667495c_F.X.%2520Pichler%2520Riesling%2520Ried%2520Steinertal%25202021.png,,"2021, 2020",gravelly; primary-rock,riesling,white,458,,Controlled fermentation in steel,10 months on fine lees,"Green apple, white peach, floral notes, saline finish","Sushi, pork dishes, light creamy sauces",95 (Wine Advocate),,355007,F.X. Pichler Riesling Ried Steinertal 2021
Ferrero Barolo Classico Extra Vecchio 1949,ferrero-barolo-classico-extra-vecchio-1949,675834b9bb95cd936a45d91a,672cb53b9f8f60aabd3a77c2,675b276b1fae028cdb4e3e58,Thu Dec 12 2024 18:11:55 GMT+0000 (Coordinated Universal Time),Wed Dec 18 2024 14:56:13 GMT+0000 (Coordinated Universal Time),Wed Dec 18 2024 14:59:00 GMT+0000 (Coordinated Universal Time),https://cdn.prod.website-files.com/672cb53b9f8f60aabd3a77f1/675b276b1fae028cdb4e3e12_673461d498308e64c19bae0a_Ferrero%2520Barolo%2520Classico%2520Extra%2520Vecchio.png,,1949,calcareous-marl,nebbiolo,red,999,,Long maceration and oak fermentation,36 months in large oak casks,"Evolved: dried rose, leather, dried cherry, tobacco","Braised lamb, mushroom risotto",Rare collector’s vintage,,355017,Ferrero Barolo Classico Extra Vecchio 1949
Fontanafredda Barolo 1982,fontanafredda-barolo-1982,675834b9bb95cd936a45d91a,672cb53b9f8f60aabd3a77c2,675b276d66b985d10e7f7127,Thu Dec 12 2024 18:11:57 GMT+0000 (Coordinated Universal Time),Wed Dec 18 2024 14:56:13 GMT+0000 (Coordinated Universal Time),Wed Dec 18 2024 14:59:00 GMT+0000 (Coordinated Universal Time),https://cdn.prod.website-files.com/672cb53b9f8f60aabd3a77f1/675b276c66b985d10e7f7064_673473ad3dd434a47f4812bc_Fontanafredda%2520Barolo%25201982.png,,"1982, 1985",clay-limestone,nebbiolo,red,788,,Traditional Barolo fermentation,24-36 months in Slavonian oak,"Cherry, tar, dried roses, subtle spice","Roast beef, aged Parmesan, game meat",94 (Wine Enthusiast),,355019,Fontanafredda Barolo 1982
Fontanafredda Barolo 1989,fontanafredda-barolo-1989,675834b9bb95cd936a45d91a,672cb53b9f8f60aabd3a77c2,675b276c5f874ed2f9e4ef1b,Thu Dec 12 2024 18:11:56 GMT+0000 (Coordinated Universal Time),Wed Dec 18 2024 14:56:13 GMT+0000 (Coordinated Universal Time),Wed Dec 18 2024 14:59:00 GMT+0000 (Coordinated Universal Time),https://cdn.prod.website-files.com/672cb53b9f8f60aabd3a77f1/675b276c5f874ed2f9e4eed9_6732083b31a447d9eeb65fce_Fontanafredda%2520Barolo%25201989.png,,"1989, 1990",clay-limestone,nebbiolo,red,788,,Maceration and oak fermentation,36 months in large oak barrels,"Plum, licorice, tobacco, earthy tones","Truffle dishes, red meat, firm cheeses",95 (Wine Advocate),,355021,Fontanafredda Barolo 1989
Fontevino Brunello di Montalcino DOCG Tuscany 1978,fontevino-brunello-di-montalcino-docg-tuscany-1978,675834b9bb95cd936a45d91a,672cb53b9f8f60aabd3a77c2,675b276c2da817cae781802c,Thu Dec 12 2024 18:11:56 GMT+0000 (Coordinated Universal Time),Wed Dec 18 2024 14:56:13 GMT+0000 (Coordinated Universal Time),Wed Dec 18 2024 14:59:00 GMT+0000 (Coordinated Universal Time),https://cdn.prod.website-files.com/672cb53b9f8f60aabd3a77f1/675b276c2da817cae7817e35_6732083b201c93c99b7adb29_Fontevino%2520Brunello%2520di%2520Montalcino%2520DOCG%2520Tuscany%25201978.png,,"1978, 1977",galestro; clay,sangiovese-grosso,red,729,,Long maceration and fermentation,36 months in large Slavonian oak,"Dried cherry, balsamic, tobacco, firm tannins","Bistecca alla Fiorentina, hearty stews",Rare vintage collectible,,355023,Fontevino Brunello di Montalcino DOCG Tuscany 1978
Fratelli Minuto Barolo Riserva DOCG Piedmont 1967,fratelli-minuto-barolo-riserva-docg-piedmont-1967,675834b9bb95cd936a45d91a,672cb53b9f8f60aabd3a77c2,675b276c5087a4313a207629,Thu Dec 12 2024 18:11:56 GMT+0000 (Coordinated Universal Time),Wed Dec 18 2024 14:56:13 GMT+0000 (Coordinated Universal Time),Wed Dec 18 2024 14:59:00 GMT+0000 (Coordinated Universal Time),https://cdn.prod.website-files.com/672cb53b9f8f60aabd3a77f1/675b276c5087a4313a207614_6734e1fea0e6120d3924eee8_Fratelli%2520Minuto%2520Barolo%2520Riserva%2520DOCG%2520Piedmont%25201967.png,,"1967, 1964",marl; calcareous-clay,nebbiolo,red,699,,Extended fermentation and aging,48 months in large oak casks,"Dried flowers, tar, cherry liqueur, leather","Wild boar, truffle pasta, aged Pecorino",96 (Decanter),,355025,Fratelli Minuto Barolo Riserva DOCG Piedmont 1967
Giacomo Borgogno & Figli No Name Piedmont 2020,giacomo-borgogno-figli-no-name-piedmont-2020,675834b9bb95cd936a45d91a,672cb53b9f8f60aabd3a77c2,675b276c207cdd1f7e1485f8,Thu Dec 12 2024 18:11:56 GMT+0000 (Coordinated Universal Time),Wed Dec 18 2024 14:56:13 GMT+0000 (Coordinated Universal Time),Wed Dec 18 2024 14:59:00 GMT+0000 (Coordinated Universal Time),https://cdn.prod.website-files.com/672cb53b9f8f60aabd3a77f1/675b276c207cdd1f7e1485ba_67387163d5b1010043e578f5_Giacomo%2520Borgogno%2520%2526%2520Figli%2520No%2520Name%2520Piedmont%25202020.png,,"2020, 2018",calcareous-clay,nebbiolo,red,388,,"Long fermentation, stainless steel",12 months in large oak casks,"Cherry, violet, licorice, firm tannins","Truffle dishes, game, aged Parmesan",92 (Wine Enthusiast),,355027,Giacomo Borgogno & Figli No Name Piedmont 2020
Gilles Gelin Crémant de Bourgogne,gilles-gelin-cremant-de-bourgogne,675834b9bb95cd936a45d91a,672cb53b9f8f60aabd3a77c2,675b2783f842cac1bdb13910,Thu Dec 12 2024 18:12:19 GMT+0000 (Coordinated Universal Time),Wed Dec 18 2024 14:56:14 GMT+0000 (Coordinated Universal Time),Wed Dec 18 2024 14:59:00 GMT+0000 (Coordinated Universal Time),https://cdn.prod.website-files.com/672cb53b9f8f60aabd3a77f1/675b2783f842cac1bdb138fe_67501c91bf0d601887c8dd36_Gilles%2520Gelin%2520Cre%25CC%2581mant%2520de%2520Bourgogne.png,,NV batches vary,clay-limestone,chardonnay; pinot-noir,sparkling,198,,Traditional method,12-18 months on lees,"Fine bubbles, green apple, citrus, hints of toast","Oysters, sushi, light canapés",88-90 points,,,Gilles Gelin Cremant de Bourgogne
Gilles Gelin Moulin-à-Vent 2020,gilles-gelin-moulin-a-vent-2020,675834b9bb95cd936a45d91a,672cb53b9f8f60aabd3a77c2,675b27844074ecbef1a8d70a,Thu Dec 12 2024 18:12:20 GMT+0000 (Coordinated Universal Time),Wed Dec 18 2024 14:56:14 GMT+0000 (Coordinated Universal Time),Wed Dec 18 2024 14:59:00 GMT+0000 (Coordinated Universal Time),https://cdn.prod.website-files.com/672cb53b9f8f60aabd3a77f1/675b27844074ecbef1a8d6f9_67501c919da985ae9bbd9c0c_Gilles%2520Gelin%2520Moulin-a%25CC%2580-Vent%25202020.png,,2020,granite,gamay,red,198,,Partial carbonic maceration,10-12 months in oak,"Black cherry, plum, violet, pepper, fine tannins","Duck confit, roasted pork, aged cheese",90-92 points,,,Gilles Gelin Moulin-a-Vent 2020
Godmé Sabine Terre de Verzenay Grand Cru Extra Brut Champagne NV,godme-sabine-terre-de-verzenay-grand-cru-extra-brut-champagne-nv,675834b9bb95cd936a45d91a,672cb53b9f8f60aabd3a77c2,675b276d33b7ce13408a9c3a,Thu Dec 12 2024 18:11:57 GMT+0000 (Coordinated Universal Time),Wed Dec 18 2024 14:56:14 GMT+0000 (Coordinated Universal Time),Wed Dec 18 2024 14:59:00 GMT+0000 (Coordinated Universal Time),https://cdn.prod.website-files.com/672cb53b9f8f60aabd3a77f1/675b276c33b7ce13408a9bfb_673871649b4c89bda577d480_Godme%2520Sabine%2520Terre%2520de%2520Verzenay%2520Grand%2520Cru%2520Extra%2520Brut%2520Champagne%2520NV.png,,NV,chalk; clay,pinot-noir; chardonnay,sparkling,558,,Traditional Champagne method,36 months on lees,"Green apple, toasted brioche, minerality, vibrant acidity","Oysters, caviar, creamy cheeses",94 (Wine Spectator),,355029,Godme Sabine Terre de Verzenay Grand Cru Extra Brut Champagne NV
Grgich Hills Chardonnay 2020,grgich-hills-chardonnay-2020,675834b9bb95cd936a45d91a,672cb53b9f8f60aabd3a77c2,675b276d53ee6074439e66b3,Thu Dec 12 2024 18:11:57 GMT+0000 (Coordinated Universal Time),Wed Dec 18 2024 14:56:14 GMT+0000 (Coordinated Universal Time),Wed Dec 18 2024 14:59:00 GMT+0000 (Coordinated Universal Time),https://cdn.prod.website-files.com/672cb53b9f8f60aabd3a77f1/675b276d53ee6074439e666d_6734e1ea915ee1ab21f7162b_Grgich%2520Hills%2520Chardonnay%25202020.png,,"2020, 2019",gravel; clay,chardonnay,white,498,,Fermented in oak barrels,10 months in French oak,"Peach, citrus, hazelnut, balanced oak influence","Roasted chicken, creamy pasta, seafood",93 (Wine Advocate),,355031,Grgich Hills Chardonnay 2020
Grgich Hills Fumé Blanc 2021,grgich-hills-fume-blanc-2021,675834b9bb95cd936a45d91a,672cb53b9f8f60aabd3a77c2,675b276d6391c7c3e2437cb1,Thu Dec 12 2024 18:11:57 GMT+0000 (Coordinated Universal Time),Wed Dec 18 2024 14:56:15 GMT+0000 (Coordinated Universal Time),Wed Dec 18 2024 14:59:00 GMT+0000 (Coordinated Universal Time),https://cdn.prod.website-files.com/672cb53b9f8f60aabd3a77f1/675b276d6391c7c3e2437c84_6734e1ebd76538209c91ce08_Grgich%2520Hills%2520Fume%2520Blanc%25202021.png,,"2021, 2020",gravelly-loam,sauvignon-blanc,white,390,,Stainless steel fermentation,Brief time on lees,"Grapefruit, lime, grassy notes, crisp and refreshing","Goat cheese, shellfish, light salads",91 (Wine Enthusiast),,355033,Grgich Hills Fume Blanc 2021
Grgich Hills Sauvignon Blanc Skin-Fermented 2020,grgich-hills-sauvignon-blanc-skin-fermented-2020,675834b9bb95cd936a45d91a,672cb53b9f8f60aabd3a77c2,675b276d465ad9a9657cc04b,Thu Dec 12 2024 18:11:57 GMT+0000 (Coordinated Universal Time),Wed Dec 18 2024 14:56:14 GMT+0000 (Coordinated Universal Time),Wed Dec 18 2024 14:59:00 GMT+0000 (Coordinated Universal Time),https://cdn.prod.website-files.com/672cb53b9f8f60aabd3a77f1/675b276d465ad9a9657cc031_6734e1ebc2482aa5c66c6ce0_Grgich%2520Hills%2520Sauvignon%2520Blanc%2520Skin-Fermented%25202020.png,,2020,gravelly-loam,sauvignon-blanc,white,438,,"Skin contact, aged in neutral oak",8 months in neutral barrels,"Tropical fruits, orange peel, tea-like tannins","Spicy dishes, smoked salmon, herbaceous cuisine",92 (Decanter),,355035,Grgich Hills Sauvignon Blanc Skin-Fermented 2020
"Gustave Lorentz Riesling Altenberg de Bergheim, Alsace Grand Cru 2018",gustave-lorentz-riesling-altenberg-de-bergheim-alsace-grand-cru-2018,675834b9bb95cd936a45d91a,672cb53b9f8f60aabd3a77c2,675b276e66dff4115844205a,Thu Dec 12 2024 18:11:58 GMT+0000 (Coordinated Universal Time),Wed Dec 18 2024 14:56:17 GMT+0000 (Coordinated Universal Time),Wed Dec 18 2024 14:59:00 GMT+0000 (Coordinated Universal Time),https://cdn.prod.website-files.com/672cb53b9f8f60aabd3a77f1/675b276d66dff41158442011_6734e1eb643313cf48d0ea2d_Gustave%2520Lorentz%2520Riesling%2520Altenberg%2520de%2520Bergheim%252C%2520Alsace%2520Grand%2520Cru%25202018.png,,"2018, 2017",marl-limestone,riesling,white,298,,"Gentle pressing, slow fermentation",12 months on lees,"Lemon zest, white peach, petrol notes, vibrant minerality","Asian dishes, pork, spiced vegetarian meals",95 (Wine Advocate),,355037,"Gustave Lorentz Riesling Altenberg de Bergheim, Alsace Grand Cru 2018"
Henri Giraud 'Esprit Nature' Champagne NV,henri-giraud-esprit-nature-champagne-nv,675834b9bb95cd936a45d91a,672cb53b9f8f60aabd3a77c2,675b276e309e3b68f0536d06,Thu Dec 12 2024 18:11:58 GMT+0000 (Coordinated Universal Time),Wed Dec 18 2024 14:56:15 GMT+0000 (Coordinated Universal Time),Wed Dec 18 2024 14:59:00 GMT+0000 (Coordinated Universal Time),https://cdn.prod.website-files.com/672cb53b9f8f60aabd3a77f1/675b276e309e3b68f0536cf0_6732083bd8ede2fd03ebb732_Henri%2520Giraud%2520_Esprit%2520Nature_%2520Champagne%2520NV.png,,NV,chalk,pinot-noir; chardonnay,sparkling,388,,Minimal intervention Champagne,24 months on lees,"Pear, red apple, brioche, subtle spice","Seafood platters, fried appetizers",93 (Wine Spectator),,355039,Henri Giraud 'Esprit Nature' Champagne NV
Henri Jouan Chambolle-Musigny Vieilles Vignes 2019,henri-jouan-chambolle-musigny-vieilles-vignes-2019,675834b9bb95cd936a45d91a,672cb53b9f8f60aabd3a77c2,675b276eb99c0cc95dcd0c90,Thu Dec 12 2024 18:11:58 GMT+0000 (Coordinated Universal Time),Wed Dec 18 2024 14:56:15 GMT+0000 (Coordinated Universal Time),Wed Dec 18 2024 14:59:00 GMT+0000 (Coordinated Universal Time),https://cdn.prod.website-files.com/672cb53b9f8f60aabd3a77f1/675b276eb99c0cc95dcd0c08_6734e1ebfd17aa5dc9ce5a34_Henri%2520Jouan%2520Chambolle%2520Musigny%2520Vieilles%2520Vignes%25202019.png,,"2019, 2018",limestone; marl,pinot-noir,red,648,,Traditional fermentation,12-18 months in French oak barrels,"Strawberry, raspberry, rose petals, silky tannins","Duck, mushroom risotto, soft cheeses",94 (Vinous),,355041,Henri Jouan Chambolle-Musigny Vieilles Vignes 2019
Henri Jouan Clos Saint-Denis Vieilles Vignes Grand Cru 2019,henri-jouan-clos-saint-denis-vieilles-vignes-grand-cru-2019,675834b9bb95cd936a45d91a,672cb53b9f8f60aabd3a77c2,675b276f302e0731d32f9750,Thu Dec 12 2024 18:11:59 GMT+0000 (Coordinated Universal Time),Wed Dec 18 2024 14:56:15 GMT+0000 (Coordinated Universal Time),Wed Dec 18 2024 14:59:00 GMT+0000 (Coordinated Universal Time),https://cdn.prod.website-files.com/672cb53b9f8f60aabd3a77f1/675b276e302e0731d32f9719_6734e1e9bbcb44e7a06b0ca7_Henri%2520Jouan%2520Clos%2520Saint%2520Denis%2520Vieilles%2520Vignes%2520Grand%2520Cru%25202019.png,,"2019, 2018",clay-limestone,pinot-noir,red,2398,,"Gentle extraction, traditional method",18-20 months in French oak (30% new),"Blackberry, dark cherry, forest floor, complex finish","Venison, truffle dishes, aged cheeses",97 (Wine Advocate),,355043,Henri Jouan Clos Saint-Denis Vieilles Vignes Grand Cru 2019
Henri Jouan Gevrey-Chambertin Aux Echezeaux Vieilles Vignes 2019,henri-jouan-gevrey-chambertin-aux-echezeaux-vieilles-vignes-2019,675834b9bb95cd936a45d91a,672cb53b9f8f60aabd3a77c2,675b276e9ee615df28bb44ec,Thu Dec 12 2024 18:11:58 GMT+0000 (Coordinated Universal Time),Wed Dec 18 2024 14:56:15 GMT+0000 (Coordinated Universal Time),Wed Dec 18 2024 14:59:00 GMT+0000 (Coordinated Universal Time),https://cdn.prod.website-files.com/672cb53b9f8f60aabd3a77f1/675b276e9ee615df28bb44df_6734e1ebc83e8d4a7bdeb628_Henri%2520Jouan%2520Gevrey%2520Chambertin%2520Aux%2520Echezeaux%2520VV%25202019.png,,"2019, 2018",limestone; marl,pinot-noir,red,738,,Traditional Burgundian methods,12-15 months in French oak barrels,"Black currant, spice, earthy notes, velvety texture","Roast lamb, wild mushroom dishes",95 (Burghound),,355045,Henri Jouan Gevrey-Chambertin Aux Echezeaux Vieilles Vignes 2019
Hospices de Beaune Beaune Premier Cru Cuvée Guigone de Salins 2014,hospices-de-beaune-beaune-premier-cru-cuvee-guigone-de-salins-2014,675834b9bb95cd936a45d91a,672cb53b9f8f60aabd3a77c2,675b27703a24227e8ea1c878,Thu Dec 12 2024 18:12:00 GMT+0000 (Coordinated Universal Time),Wed Dec 18 2024 14:56:16 GMT+0000 (Coordinated Universal Time),Wed Dec 18 2024 14:59:00 GMT+0000 (Coordinated Universal Time),https://cdn.prod.website-files.com/672cb53b9f8f60aabd3a77f1/675b27703a24227e8ea1c868_67385ad22558c24c42730e36_Hospices%2520de%2520Beaune%2520Beaune%2520Premier%2520Cru%2520Cuvee%2520Guigone%2520de%2520Salins%25202014.png,,"2014, 2012",clay-limestone,pinot-noir,red,798,,Traditional Burgundian methods,12-18 months in French oak barrels,"Red berries, floral notes, subtle earthiness","Duck, mushroom tart, roasted chicken",92 (Wine Spectator),,355049,Hospices de Beaune Beaune Premier Cru Cuvee Guigone de Salins 2014
Hospices de Beaune Bâtard-Montrachet Grand Cru Cuvée Dames de Flandres 2009,hospices-de-beaune-batard-montrachet-grand-cru-cuvee-dames-de-flandres-2009,675834b9bb95cd936a45d91a,672cb53b9f8f60aabd3a77c2,675b276e767fa649c537c43a,Thu Dec 12 2024 18:11:58 GMT+0000 (Coordinated Universal Time),Wed Dec 18 2024 14:56:16 GMT+0000 (Coordinated Universal Time),Wed Dec 18 2024 14:59:00 GMT+0000 (Coordinated Universal Time),https://cdn.prod.website-files.com/672cb53b9f8f60aabd3a77f1/675b276e767fa649c537c409_67386034548fcf4356933e87_Hospices%2520de%2520Beaune%2520Batard-Montrachet%2520Grand%2520Cru%2520Cuvee%2520Dames%2520de%2520Flandres%2520Cote%2520de%2520Beaune%25202009.png,,"2009, 2008",limestone-clay,chardonnay,white,3980,,Barrel fermentation,12-15 months in French oak,"Citrus, white peach, toasted almonds, rich texture","Lobster, scallops, creamy poultry dishes",95 (Wine Advocate),,355047,Hospices de Beaune Bâtard-Montrachet Grand Cru Cuvee Dames de Flandres 2009
Hospices de Beaune Volnay Santenots Jehan de Massol 2015,hospices-de-beaune-volnay-santenots-jehan-de-massol-2015,675834b9bb95cd936a45d91a,672cb53b9f8f60aabd3a77c2,675b276f463212b5d2b485f8,Thu Dec 12 2024 18:11:59 GMT+0000 (Coordinated Universal Time),Wed Dec 18 2024 14:56:16 GMT+0000 (Coordinated Universal Time),Wed Dec 18 2024 14:59:00 GMT+0000 (Coordinated Universal Time),https://cdn.prod.website-files.com/672cb53b9f8f60aabd3a77f1/675b276f463212b5d2b485df_67385ad312ab66f45bc30f62_Hospices%2520de%2520Beaune%2520Volnay%2520Santenots%2520Jehan%2520de%2520Massol%25202015.png,,"2015, 2014",clay-limestone,pinot-noir,red,1498,,"Gentle extraction, traditional method",14 months in French oak barrels,"Strawberry, raspberry, rose petals, silky texture","Roast pork, grilled salmon, Brie",94 (Wine Enthusiast),,355051,Hospices de Beaune Volnay Santenots Jehan de Massol 2015
Hubert Lamy Saint Aubin 1er Cru Les Frionnes 2020,hubert-lamy-saint-aubin-1er-cru-les-frionnes-2020,675834b9bb95cd936a45d91a,672cb53b9f8f60aabd3a77c2,675b276f7e0487513c15fe6b,Thu Dec 12 2024 18:11:59 GMT+0000 (Coordinated Universal Time),Wed Dec 18 2024 14:56:16 GMT+0000 (Coordinated Universal Time),Wed Dec 18 2024 14:59:00 GMT+0000 (Coordinated Universal Time),https://cdn.prod.website-files.com/672cb53b9f8f60aabd3a77f1/675b276f7e0487513c15fe3f_67385ad2d6914ae792ab8604_Hubert%2520Lamy%2520Saint%2520Aubin%25201er%2520Cru%2520Les%2520Frionnes%25202020.png,,"2020, 2018",limestone,chardonnay,white,798,,"Whole-bunch pressing, natural yeasts",12 months in French oak barrels,"Lemon, green apple, floral notes, vibrant minerality","Seared fish, vegetable risotto, goat cheese",94 (Decanter),,355053,Hubert Lamy Saint Aubin 1er Cru Les Frionnes 2020
Jean Groubier Charmes-Chambertin Grand Cru 2004,jean-groubier-charmes-chambertin-grand-cru-2004,675834b9bb95cd936a45d91a,672cb53b9f8f60aabd3a77c2,675b2770d430118e61edafe9,Thu Dec 12 2024 18:12:00 GMT+0000 (Coordinated Universal Time),Wed Dec 18 2024 14:56:17 GMT+0000 (Coordinated Universal Time),Wed Dec 18 2024 14:59:00 GMT+0000 (Coordinated Universal Time),https://cdn.prod.website-files.com/672cb53b9f8f60aabd3a77f1/675b276fd430118e61edafa8_67386df95079331077fd6796_Jean%2520Groubier%252C%2520Charmes-Chambertin%2520Grand%2520Cru%25202004.png,,"2004, 2002",marl; limestone,pinot-noir,red,980,,Traditional Burgundian methods,18 months in French oak barrels,"Black cherry, truffle, earthy tones, velvety tannins","Venison, beef stew, truffle pasta",94 (Wine Advocate),,355057,Jean Groubier Charmes-Chambertin Grand Cru 2004
Jean et Sébastien Dauvissat Séchet Chablis Premier Cru 2020,jean-et-sebastien-dauvissat-sechet-chablis-premier-cru-2020,675834b9bb95cd936a45d91a,672cb53b9f8f60aabd3a77c2,675b276f5a35573310d2a1f5,Thu Dec 12 2024 18:11:59 GMT+0000 (Coordinated Universal Time),Wed Dec 18 2024 14:56:16 GMT+0000 (Coordinated Universal Time),Wed Dec 18 2024 14:59:00 GMT+0000 (Coordinated Universal Time),https://cdn.prod.website-files.com/672cb53b9f8f60aabd3a77f1/675b276f5a35573310d2a1db_6734e1e92457bd4006d80eaf_Jean%2520et%2520Sebastien%2520Dauvissat%2520Sechet%2520Chablis%2520Premier%2520Cru%25202020.png,,"2020, 2019",kimmeridgian-clay,chardonnay,white,396,,Stainless steel and neutral oak,12-14 months on fine lees,"Crisp citrus, green apple, chalky minerality","Oysters, sushi, fresh goat cheese",93 (Burghound),,355055,Jean et Sebastien Dauvissat Sechet Chablis Premier Cru 2020
Jean-Philippe Marchand Morey-Saint-Denis 1er Cru Clos des Ormes 1993,jean-philippe-marchand-morey-saint-denis-1er-cru-clos-des-ormes-1993,675834b9bb95cd936a45d91a,672cb53b9f8f60aabd3a77c2,675b27700c853e1a610b5067,Thu Dec 12 2024 18:12:00 GMT+0000 (Coordinated Universal Time),Wed Dec 18 2024 14:56:17 GMT+0000 (Coordinated Universal Time),Wed Dec 18 2024 14:59:00 GMT+0000 (Coordinated Universal Time),https://cdn.prod.website-files.com/672cb53b9f8f60aabd3a77f1/675b27700c853e1a610b501f_6734e1eb147ba9c131b876ca_Jean-Philippe%2520Marchand%252C%2520Morey-Saint-Denis%25201er%2520Cru%252C%2520Clos%2520des%2520Ormes.png,,"1993, 1990",clay-limestone,pinot-noir,red,998,,Minimal intervention,15 months in French oak barrels,"Cherry, spice, underbrush, well-integrated tannins","Grilled duck, mushroom risotto, Gruyere",92 (Vinous),,355059,Jean-Philippe Marchand Morey-Saint-Denis 1er Cru Clos des Ormes 1993
Jean-Philippe Marchand Morey-Saint-Denis 1er Cru Faconnières 1993,jean-philippe-marchand-morey-saint-denis-1er-cru-faconnieres-1993,675834b9bb95cd936a45d91a,672cb53b9f8f60aabd3a77c2,675b2770391a4ea24dcd1d8e,Thu Dec 12 2024 18:12:00 GMT+0000 (Coordinated Universal Time),Wed Dec 18 2024 14:56:17 GMT+0000 (Coordinated Universal Time),Wed Dec 18 2024 14:59:00 GMT+0000 (Coordinated Universal Time),https://cdn.prod.website-files.com/672cb53b9f8f60aabd3a77f1/675b2770391a4ea24dcd1d81_6734625305b2fec5c3c557da_Jean-Philippe%2520Marchand%252C%2520Morey-Saint-Denis%25201er%2520Cru%252C%2520Faconnieres%25201993.png,,"1993, 1990",clay-limestone,pinot-noir,red,980,,Traditional Burgundian methods,15 months in French oak barrels,"Blackcurrant, plum, earthy notes, silky finish","Rack of lamb, wild mushroom dishes",93 (Wine Spectator),,355061,Jean-Philippe Marchand Morey-Saint-Denis 1er Cru Faconnieres 1993
Joseph Drouhin Beaune 1er Cru Le Clos des Mouches Rouge 1997,joseph-drouhin-beaune-1er-cru-le-clos-des-mouches-rouge-1997,675834b9bb95cd936a45d91a,672cb53b9f8f60aabd3a77c2,675b27715a35573310d2a2b2,Thu Dec 12 2024 18:12:01 GMT+0000 (Coordinated Universal Time),Wed Dec 18 2024 14:56:18 GMT+0000 (Coordinated Universal Time),Wed Dec 18 2024 14:59:00 GMT+0000 (Coordinated Universal Time),https://cdn.prod.website-files.com/672cb53b9f8f60aabd3a77f1/675b27715a35573310d2a292_6734e1ebc32fd1fddfe7ec37_Joseph%2520Drouhin%252C%2520Beaune%25201er%2520Cru%252C%2520Le%2520Clos%2520des%2520Mouches%2520Rouge.png,,"1997, 1995",clay-limestone,pinot-noir,red,1198,,Minimal intervention,16 months in French oak barrels,"Red berries, dried rose petals, earthy notes, balanced acidity","Duck confit, grilled salmon, roasted vegetables",91 (Vinous),,355067,Joseph Drouhin Beaune 1er Cru Le Clos des Mouches Rouge 1997
Joseph Drouhin Les Roncières Nuits-Saint-Georges Premier Cru 1988,joseph-drouhin-les-roncieres-nuits-saint-georges-premier-cru-1988,675834b9bb95cd936a45d91a,672cb53b9f8f60aabd3a77c2,675b277142e6050038142f4b,Thu Dec 12 2024 18:12:01 GMT+0000 (Coordinated Universal Time),Wed Dec 18 2024 14:56:18 GMT+0000 (Coordinated Universal Time),Wed Dec 18 2024 14:59:00 GMT+0000 (Coordinated Universal Time),https://cdn.prod.website-files.com/672cb53b9f8f60aabd3a77f1/675b277142e6050038142f29_6732083aac101628a1f7a5be_Joseph%2520Drouhin%2520Les%2520Roncieres%2520Nuits-Saint-%2520Georges%2520Premier%2520Cru%25201988.png,,"1988, 1985",marl; limestone,pinot-noir,red,1380,,Gentle maceration,14-16 months in French oak barrels,"Black cherry, forest floor, leather, soft finish","Roast game, aged cheeses, mushroom dishes",90 (Wine Advocate),,355063,Joseph Drouhin Les Roncieres Nuits-Saint-Georges Premier Cru 1988
Joseph Drouhin Marquis de Laguiche Morgeot Chassagne-Montrachet Premier Cru 2020,joseph-drouhin-marquis-de-laguiche-morgeot-chassagne-montrachet-premier-cru-2020,675834b9bb95cd936a45d91a,672cb53b9f8f60aabd3a77c2,675b27717e0487513c160449,Thu Dec 12 2024 18:12:01 GMT+0000 (Coordinated Universal Time),Wed Dec 18 2024 14:56:18 GMT+0000 (Coordinated Universal Time),Wed Dec 18 2024 14:59:00 GMT+0000 (Coordinated Universal Time),https://cdn.prod.website-files.com/672cb53b9f8f60aabd3a77f1/675b27717e0487513c1603c4_67385ad33c6b445a0002ae7c_Joseph%2520Drouhin%2520Marquis%2520de%2520Laguiche%2520Morgeot%2520Chassagne-Montrachet%2520Premier%2520Cru%25202020.png,,"2020, 2018",clay-limestone,chardonnay,white,1268,,"Whole-bunch pressing, natural yeast",12 months in French oak barrels,"Ripe pear, citrus zest, toasted almonds, creamy texture","Lobster, rich seafood dishes, creamy pastas",96 (Wine Spectator),,355065,Joseph Drouhin Marquis de Laguiche Morgeot Chassagne-Montrachet Premier Cru 2020
Joseph Drouhin Vosne-Romanée 2020,joseph-drouhin-vosne-romanee-2020,675834b9bb95cd936a45d91a,672cb53b9f8f60aabd3a77c2,675b27712d9d5305f3f2b539,Thu Dec 12 2024 18:12:01 GMT+0000 (Coordinated Universal Time),Wed Dec 18 2024 14:56:17 GMT+0000 (Coordinated Universal Time),Wed Dec 18 2024 14:59:00 GMT+0000 (Coordinated Universal Time),https://cdn.prod.website-files.com/672cb53b9f8f60aabd3a77f1/675b27712d9d5305f3f2b4dd_67385ad30ff4a1de0cc26ab7_Joseph%2520Drouhin%252C%2520Vosne-Romanee%25202020.png,,"2020, 2019",limestone-clay,pinot-noir,red,728,,Traditional Burgundian methods,14 months in French oak barrels,"Raspberry, violet, subtle spice, refined structure","Beef Wellington, roast chicken, soft cheeses",94 (Burghound),,355069,Joseph Drouhin Vosne-Romanee 2020
Kopke 10 Years Old Port NV,kopke-10-years-old-port-nv,675834b9bb95cd936a45d91a,672cb53b9f8f60aabd3a77c2,675b27712b64815c4ab6fcfc,Thu Dec 12 2024 18:12:01 GMT+0000 (Coordinated Universal Time),Wed Dec 18 2024 14:56:18 GMT+0000 (Coordinated Universal Time),Wed Dec 18 2024 14:59:00 GMT+0000 (Coordinated Universal Time),https://cdn.prod.website-files.com/672cb53b9f8f60aabd3a77f1/675b27712b64815c4ab6fce6_67385ad442b050bada514bf7_Kopke%252010%2520Years%2520Old%2520Port%2520NV.png,,NV,schist,touriga-nacional; touriga-franca; others,red,298,,"Traditional port winemaking, fortification",10 years in oak,"Dried fruits, caramel, walnut, smooth texture","Stilton cheese, dark chocolate desserts, nuts",92 (Wine Spectator),,355071,Kopke 10 Years Old Port NV
Kopke Vintage Port 2002,kopke-vintage-port-2002,675834b9bb95cd936a45d91a,672cb53b9f8f60aabd3a77c2,675b2771268ad26abf7a76c1,Thu Dec 12 2024 18:12:01 GMT+0000 (Coordinated Universal Time),Wed Dec 18 2024 14:56:21 GMT+0000 (Coordinated Universal Time),Wed Dec 18 2024 14:59:00 GMT+0000 (Coordinated Universal Time),https://cdn.prod.website-files.com/672cb53b9f8f60aabd3a77f1/675b2771268ad26abf7a7695_67385ad27ac5550075a2b378_Kopke%2520Vintage%2520Port%25202002.png,,"2002, 2000",schist,touriga-nacional; touriga-franca; others,red,498,,"Fortified wine, traditional foot treading",2-3 years in oak; bottle ageing,"Blackcurrant, fig, spice, firm tannins, long finish","Blue cheese, roasted lamb, dark chocolate",93 (Wine Advocate),,355073,Kopke Vintage Port 2002
"La Maison Romane Mousses Sauvages ""Chardonnay"" 2022",la-maison-romane-mousses-sauvages-chardonnay-2022,675834b9bb95cd936a45d91a,672cb53b9f8f60aabd3a77c2,675b2772d68d4adf129dd8a5,Thu Dec 12 2024 18:12:02 GMT+0000 (Coordinated Universal Time),Wed Dec 18 2024 14:56:19 GMT+0000 (Coordinated Universal Time),Wed Dec 18 2024 14:59:00 GMT+0000 (Coordinated Universal Time),https://cdn.prod.website-files.com/672cb53b9f8f60aabd3a77f1/675b2772d68d4adf129dd860_67385ad4a8068b36ecb7b2c6_La%2520Maison%2520Romane%2520Mousses%2520Sauvages%2520_Chardonnay_%25202022.png,,2022,clay-limestone,chardonnay,white,228,,Organic and natural winemaking,Minimal ageing,"Fresh citrus, green apple, floral notes","Grilled fish, fresh goat cheese, light salads",91 (Decanter),,355075,"La Maison Romane Mousses Sauvages ""Chardonnay"" 2022"
"La Maison Romane Mousses Sauvages ""Mirabelle"" 2022",la-maison-romane-mousses-sauvages-mirabelle-2022,675834b9bb95cd936a45d91a,672cb53b9f8f60aabd3a77c2,675b277251c9256a4f6a2da3,Thu Dec 12 2024 18:12:02 GMT+0000 (Coordinated Universal Time),Wed Dec 18 2024 14:56:19 GMT+0000 (Coordinated Universal Time),Wed Dec 18 2024 14:59:00 GMT+0000 (Coordinated Universal Time),https://cdn.prod.website-files.com/672cb53b9f8f60aabd3a77f1/675b277251c9256a4f6a2d9b_67385ad263ceb23b3a5290be_La%2520Maison%2520Romane%2520Mousses%2520Sauvages%2520_Mirabelle_%25202022.png,,2022,clay-loam,pinot-blanc,white,198,,"Organic, wild fermentation",Stainless steel,"Ripe stone fruits, mirabelle plum, vibrant acidity","Seafood, chicken, stone fruit desserts",90 (Wine Enthusiast),,355077,"La Maison Romane Mousses Sauvages ""Mirabelle"" 2022"
"La Maison Romane Mousses Sauvages ""Pinot Noir"" 2021 (Beer)",la-maison-romane-mousses-sauvages-pinot-noir-2021-beer,675834b9bb95cd936a45d91a,672cb53b9f8f60aabd3a77c2,675b27720935ed67dede1553,Thu Dec 12 2024 18:12:02 GMT+0000 (Coordinated Universal Time),Wed Dec 18 2024 14:56:20 GMT+0000 (Coordinated Universal Time),Wed Dec 18 2024 14:59:00 GMT+0000 (Coordinated Universal Time),https://cdn.prod.website-files.com/672cb53b9f8f60aabd3a77f1/675b27720935ed67dede14a2_67385ad462341f743988be2d_La%2520Maison%2520Romane%2520Mousses%2520Sauvages%2520_Pinot%2520Noir_%25202021%2520(Beer).png,,2021,n-a,pinot-noir,red,168,,"Mixed fermentation, wild yeasts",Stainless steel; bottle conditioned,"Berry notes, light fizz, refreshing texture","Charcuterie, mushroom-based dishes, light cheeses",89 (Beer Advocate),,355079,"La Maison Romane Mousses Sauvages ""Pinot Noir"" 2021 (Beer)"
La Petite Odyssée Pétillant Naturel Rosé 2020,la-petite-odyssee-petillant-naturel-rose-2020,675834b9bb95cd936a45d91a,672cb53b9f8f60aabd3a77c2,675b277253ee6074439e6be2,Thu Dec 12 2024 18:12:02 GMT+0000 (Coordinated Universal Time),Wed Dec 18 2024 14:56:19 GMT+0000 (Coordinated Universal Time),Wed Dec 18 2024 14:59:00 GMT+0000 (Coordinated Universal Time),https://cdn.prod.website-files.com/672cb53b9f8f60aabd3a77f1/675b277253ee6074439e6b50_6732083b3f3020e9ad6a6b17_La%2520Petite%2520Odyssee%2520Petillant%2520Naturel%2520Rose%25202020.png,,"2020, 2019",sand; clay,grenache; syrah,red,209,,"Natural, ancestral method",Bottle fermentation,"Fresh red berries, citrus zest, lively bubbles","Tapas, light salads, fruit-based desserts",92 (Vinous),,355081,La Petite Odyssee Petillant Naturel Rose 2020
"La Rioja Alta, Viña Alberdi Reserva 2019",la-rioja-alta-vina-alberdi-reserva-2019,675834b9bb95cd936a45d91a,672cb53b9f8f60aabd3a77c2,675b277324fd78adeb7c2958,Thu Dec 12 2024 18:12:03 GMT+0000 (Coordinated Universal Time),Wed Dec 18 2024 14:56:19 GMT+0000 (Coordinated Universal Time),Wed Dec 18 2024 14:59:00 GMT+0000 (Coordinated Universal Time),https://cdn.prod.website-files.com/672cb53b9f8f60aabd3a77f1/675b277224fd78adeb7c2912_6734e1e9643313cf48d0e1cc_La%2520Rioja%2520Alta%252C%2520Vina%2520Alberdi%2520Reserva%25202019.png,,"2019, 2018",clay-limestone,tempranillo,red,255,,Traditional Rioja method,2 years in American oak,"Cherry, vanilla, tobacco, balanced acidity","Grilled meats, Manchego, tomato-based dishes",94 (Wine Enthusiast),,355083,"La Rioja Alta, Vina Alberdi Reserva 2019"
Lake Chalice Raptor Sauvignon Blanc 2021,lake-chalice-raptor-sauvignon-blanc-2021,675834b9bb95cd936a45d91a,672cb53b9f8f60aabd3a77c2,675b2773af55d8f98b65798b,Thu Dec 12 2024 18:12:03 GMT+0000 (Coordinated Universal Time),Wed Dec 18 2024 14:56:19 GMT+0000 (Coordinated Universal Time),Wed Dec 18 2024 14:59:00 GMT+0000 (Coordinated Universal Time),https://cdn.prod.website-files.com/672cb53b9f8f60aabd3a77f1/675b2772af55d8f98b657976_6732083b24f84e3009922a95_Lake%2520Chalice%2520Raptor%2520Sauv%2520Blanc%25202021.png,,"2021, 2020",gravelly-loam,sauvignon-blanc,white,145,,Cool fermentation in stainless steel,3-6 months on lees,"Passionfruit, citrus, grassy notes, crisp finish","Seafood, goat cheese, asparagus",92 (Wine Spectator),,355085,Lake Chalice Raptor Sauvignon Blanc 2021
Larmandier-Bernier Terre de Vertus Blanc de Blancs Premier Cru Non-Dosé 2016,larmandier-bernier-terre-de-vertus-blanc-de-blancs-premier-cru-non-dose-2016,675834b9bb95cd936a45d91a,672cb53b9f8f60aabd3a77c2,675b2773f842cac1bdb11d97,Thu Dec 12 2024 18:12:03 GMT+0000 (Coordinated Universal Time),Wed Dec 18 2024 14:56:20 GMT+0000 (Coordinated Universal Time),Wed Dec 18 2024 14:59:00 GMT+0000 (Coordinated Universal Time),https://cdn.prod.website-files.com/672cb53b9f8f60aabd3a77f1/675b2773f842cac1bdb11cd8_6734e1e9bedaddb536db0a08_Larmandier-Bernier%2520Terre%2520de%2520Vertus%2520Blanc%2520de%2520Blancs%2520Premier%2520Cru%2520Non-Dose%25202016.png,,"2016, 2014",chalk,chardonnay,white,798,,"Biodynamic practices, fermentation in oak",4+ years on lees,"Green apple, brioche, chalky minerality, dry finish","Oysters, sushi, creamy seafood dishes",96 (Wine Advocate),,355087,Larmandier-Bernier Terre de Vertus Blanc de Blancs Premier Cru Non-Dose 2016
Le Petit Smith Haut Lafitte 2017,le-petit-smith-haut-lafitte-2017,675834b9bb95cd936a45d91a,672cb53b9f8f60aabd3a77c2,675b277335c8eb9a8cb0a928,Thu Dec 12 2024 18:12:03 GMT+0000 (Coordinated Universal Time),Wed Dec 18 2024 14:56:20 GMT+0000 (Coordinated Universal Time),Wed Dec 18 2024 14:59:00 GMT+0000 (Coordinated Universal Time),https://cdn.prod.website-files.com/672cb53b9f8f60aabd3a77f1/675b277335c8eb9a8cb0a8f3_67386df96540e46d382e26f0_Le%2520Petit%2520Smith%2520Haut%2520Lafitte%25202017.png,,"2017, 2016",gravel; clay,merlot; cabernet-sauvignon,red,225,,Traditional Bordeaux method,12-14 months in French oak,"Blackcurrant, plum, vanilla, elegant tannins","Roast chicken, pork tenderloin, mushroom dishes",91 (Decanter),,355089,Le Petit Smith Haut Lafitte 2017
Leroy Beaujolais Villages Primeur 2023,leroy-beaujolais-villages-primeur-2023,675834b9bb95cd936a45d91a,672cb53b9f8f60aabd3a77c2,675b2774abc5beb691c6a38b,Thu Dec 12 2024 18:12:04 GMT+0000 (Coordinated Universal Time),Wed Dec 18 2024 14:56:20 GMT+0000 (Coordinated Universal Time),Wed Dec 18 2024 14:59:00 GMT+0000 (Coordinated Universal Time),https://cdn.prod.website-files.com/672cb53b9f8f60aabd3a77f1/675b2773abc5beb691c69fe9_673474202bdde28b5e4d2ad6_Leroy%2520Beaujolais%2520Villages%2520Primeur.png,,2023,granite,gamay,red,538,,Carbonic maceration,Bottled young,"Bright red berries, floral notes, vibrant and fresh","Charcuterie, soft cheeses, roasted vegetables",92 (Wine Enthusiast),,355091,Leroy Beaujolais Villages Primeur 2023
Les Parcellaires de Saulx Charmes Chambertin Grand Cru 2016,les-parcellaires-de-saulx-charmes-chambertin-grand-cru-2016,675834b9bb95cd936a45d91a,672cb53b9f8f60aabd3a77c2,675b27742d9d5305f3f2b64f,Thu Dec 12 2024 18:12:04 GMT+0000 (Coordinated Universal Time),Wed Dec 18 2024 14:56:20 GMT+0000 (Coordinated Universal Time),Wed Dec 18 2024 14:59:00 GMT+0000 (Coordinated Universal Time),https://cdn.prod.website-files.com/672cb53b9f8f60aabd3a77f1/675b27732d9d5305f3f2b642_67386df9a9101e07f16f762e_Les%2520Parcellaires%2520de%2520Saulx%2520Charmes%2520Chambertin%2520Grand%2520Cru%25202016.png,,"2010, 2016, 2018",limestone; clay,pinot-noir,red,1998,,"Traditional fermentation, oak barrels",18-24 months in French oak,"Complex red fruits, earthy notes, silky texture","Duck confit, game meats, aged cheeses",93-96 points (varied),,355093,Les Parcellaires de Saulx Charmes Chambertin Grand Cru 2016
"Les Parcellaires de Saulx Gevrey Chambertin ""Les Evocelles"" 2018",les-parcellaires-de-saulx-gevrey-chambertin-les-evocelles-2018,675834b9bb95cd936a45d91a,672cb53b9f8f60aabd3a77c2,675b27746391c7c3e243809c,Thu Dec 12 2024 18:12:04 GMT+0000 (Coordinated Universal Time),Wed Dec 18 2024 14:56:23 GMT+0000 (Coordinated Universal Time),Wed Dec 18 2024 14:59:00 GMT+0000 (Coordinated Universal Time),https://cdn.prod.website-files.com/672cb53b9f8f60aabd3a77f1/675b27746391c7c3e2438078_67385ad37ac5550075a2b3e3_Les%2520Parcellaires%2520de%2520Saulx%2520Gevrey%2520Chambertin%2520_Les%2520Evocelles_%25202018.png,,"2015, 2018, 2019",gravelly-limestone,pinot-noir,red,598,,"Small batch, gentle extraction",12-18 months in French oak,"Vibrant cherries, mineral edge, elegant structure","Beef tenderloin, mushroom risotto",92-94 points,,355095,"Les Parcellaires de Saulx Gevrey Chambertin ""Les Evocelles"" 2018"
Luis Felipe Edwards 'LFE 900' Colchagua Valley 2018,luis-felipe-edwards-lfe-900-colchagua-valley-2018,675834b9bb95cd936a45d91a,672cb53b9f8f60aabd3a77c2,675b27740157ef5762bf1124,Thu Dec 12 2024 18:12:04 GMT+0000 (Coordinated Universal Time),Wed Dec 18 2024 14:56:20 GMT+0000 (Coordinated Universal Time),Wed Dec 18 2024 14:59:00 GMT+0000 (Coordinated Universal Time),https://cdn.prod.website-files.com/672cb53b9f8f60aabd3a77f1/675b27740157ef5762bf1039_6734e1eab3985100e7448cd3_Luis%2520Felipe%2520Edwards%2520%2527LFE%2520900%2527%2520Colchagua%2520Valley%25202018.png,,"2017, 2018, 2020",clay,carmenere; syrah; cabernet,red,229,,"Handpicked, cold maceration",14-16 months in French oak,"Bold dark fruits, spicy undertones, smooth tannins","Lamb stew, BBQ ribs, smoked cheese",91-93 points,,355097,Luis Felipe Edwards 'LFE 900' Colchagua Valley 2018
Maison Nicolas Potel Saint-Romain Blanc 2007,maison-nicolas-potel-saint-romain-blanc-2007,675834b9bb95cd936a45d91a,672cb53b9f8f60aabd3a77c2,675b27752998dcbdaee02411,Thu Dec 12 2024 18:12:05 GMT+0000 (Coordinated Universal Time),Wed Dec 18 2024 14:56:21 GMT+0000 (Coordinated Universal Time),Wed Dec 18 2024 14:59:00 GMT+0000 (Coordinated Universal Time),https://cdn.prod.website-files.com/672cb53b9f8f60aabd3a77f1/675b27752998dcbdaee023ae_6732083a977517353b70aa48_Maison%2520Nicolas%2520Potel%2520Saint-Romain%2520Blanc.png,,"2005, 2007, 2009",clay,chardonnay,white,488,,Fermented in neutral barrels,10-12 months in French oak,"Citrus, white flowers, slight nuttiness","Grilled seafood, creamy pasta",90-92 points,,355101,Maison Nicolas Potel Saint-Romain Blanc 2007
Maison de Montille Pommard 1er Cru Pomone 2019,maison-de-montille-pommard-1er-cru-pomone-2019,675834b9bb95cd936a45d91a,672cb53b9f8f60aabd3a77c2,675b277566b985d10e7f7756,Thu Dec 12 2024 18:12:05 GMT+0000 (Coordinated Universal Time),Wed Dec 18 2024 14:56:21 GMT+0000 (Coordinated Universal Time),Wed Dec 18 2024 14:59:00 GMT+0000 (Coordinated Universal Time),https://cdn.prod.website-files.com/672cb53b9f8f60aabd3a77f1/675b277466b985d10e7f7504_67386df97ac5550075ad11c6_Maison%2520de%2520Montille%2520Pommard%25201er%2520Cru%2520Pomone%25202019.png,,"2015, 2019, 2020",limestone,pinot-noir,red,798,,"Biodynamic practices, natural ferment",12-14 months in French oak,"Intense red berries, floral notes, refined tannins","Herb-crusted lamb, truffle dishes",92-95 points,,355099,Maison de Montille Pommard 1er Cru Pomone 2019
"Marchand Tawse, Clos de la Roche Grand Cru 2012",marchand-tawse-clos-de-la-roche-grand-cru-2012,675834b9bb95cd936a45d91a,672cb53b9f8f60aabd3a77c2,675b2775309e3b68f053721a,Thu Dec 12 2024 18:12:05 GMT+0000 (Coordinated Universal Time),Wed Dec 18 2024 14:56:21 GMT+0000 (Coordinated Universal Time),Wed Dec 18 2024 14:59:00 GMT+0000 (Coordinated Universal Time),https://cdn.prod.website-files.com/672cb53b9f8f60aabd3a77f1/675b2775309e3b68f05371ea_67386df981d888807b9bb9f7_Marchand%2520Tawse%252C%2520Clos%2520de%2520la%2520Roche%2520Grand%2520Cru%25202012.png,,"2009, 2012, 2015",rocky-limestone,pinot-noir,red,2580,,"Native yeast ferment, whole-cluster",18-24 months in French oak,"Layers of red fruits, spices, and forest floor complexity","Roast duck, venison, aged Gruyere",94-97 points,,355103,"Marchand Tawse, Clos de la Roche Grand Cru 2012"
Marchesi di Barolo 'Barolo' DOCG Piedmont 1952,marchesi-di-barolo-barolo-docg-piedmont-1952,675834b9bb95cd936a45d91a,672cb53b9f8f60aabd3a77c2,675b2775abc5beb691c6a6a9,Thu Dec 12 2024 18:12:05 GMT+0000 (Coordinated Universal Time),Wed Dec 18 2024 14:56:21 GMT+0000 (Coordinated Universal Time),Wed Dec 18 2024 14:59:00 GMT+0000 (Coordinated Universal Time),https://cdn.prod.website-files.com/672cb53b9f8f60aabd3a77f1/675b2775abc5beb691c6a699_67386dfdcab8ba18ca6f17f1_Marchesi%2520di%2520Barolo%2520%2527Barolo%2527%2520DOCG%2520Piedmont%25201952.png,,"1952, 1961, 1971",marl,nebbiolo,red,998,,"Long maceration, traditional ferment",Aged in large Slavonian oak,"Leather, dried cherry, tobacco, ethereal bouquet","Braised beef, osso buco, black truffle dishes",Historical classic,,355105,Marchesi di Barolo 'Barolo' DOCG Piedmont 1952
Markus Molitor Riesling Haus Klosterberg Cuvee Sekt Brut NV,markus-molitor-riesling-haus-klosterberg-cuvee-sekt-brut-nv,675834b9bb95cd936a45d91a,672cb53b9f8f60aabd3a77c2,675b2775f9e406bf85e2a458,Thu Dec 12 2024 18:12:05 GMT+0000 (Coordinated Universal Time),Wed Dec 18 2024 14:56:21 GMT+0000 (Coordinated Universal Time),Wed Dec 18 2024 14:59:00 GMT+0000 (Coordinated Universal Time),https://cdn.prod.website-files.com/672cb53b9f8f60aabd3a77f1/675b2775f9e406bf85e2a3e0_6734e1e95a1826ab32a7957e_Markus%2520Molitor%2520Riesling%2520Haus%2520Klosterberg%2520Cuvee%2520Sekt%2520Brut%2520NV.png,,NV,slate,riesling,white,248,,Bottle-fermented sparkling wine,12-24 months sur lie,"Crisp green apple, citrus zest, mineral backbone","Oysters, sushi, fresh salads",89-91 points,,355107,Markus Molitor Riesling Haus Klosterberg Cuvee Sekt Brut NV
Markus Molitor Urziger Wurzgarten Riesling Spatlese Dry 2020,markus-molitor-urziger-wurzgarten-riesling-spatlese-dry-2020,675834b9bb95cd936a45d91a,672cb53b9f8f60aabd3a77c2,675b277606bd6c89359ba147,Thu Dec 12 2024 18:12:06 GMT+0000 (Coordinated Universal Time),Wed Dec 18 2024 14:56:21 GMT+0000 (Coordinated Universal Time),Wed Dec 18 2024 14:59:00 GMT+0000 (Coordinated Universal Time),https://cdn.prod.website-files.com/672cb53b9f8f60aabd3a77f1/675b277606bd6c89359ba0d3_6734e1e9d444c8d905bf20ed_Markus%2520Molitor%2520Urziger%2520Wurzgarten%2520Riesling%2520Spatlese%2520Dry%25202020.png,,"2018, 2020, 2021",slate,riesling,white,285,,"Natural fermentation, cool temps",Stainless steel & neutral barrels,"Exotic fruits, lime, flinty minerality","Spicy dishes, seafood, soft cheeses",94-96 points,,355109,Markus Molitor Urziger Wurzgarten Riesling Spatlese Dry 2020
Mascarello Michele Barolo Riserva Speciale Podere Rocchette 1967,mascarello-michele-barolo-riserva-speciale-podere-rocchette-1967,675834b9bb95cd936a45d91a,672cb53b9f8f60aabd3a77c2,675b277653ee6074439e7097,Thu Dec 12 2024 18:12:06 GMT+0000 (Coordinated Universal Time),Wed Dec 18 2024 14:56:22 GMT+0000 (Coordinated Universal Time),Wed Dec 18 2024 14:59:00 GMT+0000 (Coordinated Universal Time),https://cdn.prod.website-files.com/672cb53b9f8f60aabd3a77f1/675b277653ee6074439e7079_6732083c2ccae61f6c8bb732_Mascarello%2520Michele%2520Barolo%2520Riserva%2520Speciale%2520Podere%2520Rocchette%25201967.png,,"1961, 1967, 1974",clay; limestone,nebbiolo,white,778,,"Traditional maceration, slow fermentation",Extended Slavonian oak aging,"Matured truffle, rose petals, tar notes, ethereal finish","Aged steaks, porcini mushrooms, rich risottos",Legendary vintage,,355111,Mascarello Michele Barolo Riserva Speciale Podere Rocchette 1967
Masi Costasera Amarone Classico DOCG (Year of Dragon Special Edition) 2018,masi-costasera-amarone-classico-docg-year-of-dragon-special-edition-2018,675834b9bb95cd936a45d91a,672cb53b9f8f60aabd3a77c2,675b27772d9d5305f3f2b923,Thu Dec 12 2024 18:12:07 GMT+0000 (Coordinated Universal Time),Wed Dec 18 2024 14:56:22 GMT+0000 (Coordinated Universal Time),Wed Dec 18 2024 14:59:00 GMT+0000 (Coordinated Universal Time),https://cdn.prod.website-files.com/672cb53b9f8f60aabd3a77f1/675b27762d9d5305f3f2b889_67386dfaf54ebe0d021e0460_Masi%2520Costasera%2520Amarone%2520Classico%2520DOCG%2520(Year%2520of%2520Dragon%2520Special%2520Edition)%25202018.png,,"2015, 2016, 2018",limestone; volcanic-soils,corvina; rondinella; molinara,red,438,,"Appassimento drying, slow ferment",24-36 months in oak,"Intense black cherry, cocoa, sweet spices","Aged Parmigiano, hearty stews, dark chocolate",93-95 points,,355113,Masi Costasera Amarone Classico DOCG (Year of Dragon Special Edition) 2018
Mate Brunello di Montalcino 2017,mate-brunello-di-montalcino-2017,675834b9bb95cd936a45d91a,672cb53b9f8f60aabd3a77c2,675b2776fb10441f81010d16,Thu Dec 12 2024 18:12:06 GMT+0000 (Coordinated Universal Time),Wed Dec 18 2024 14:56:22 GMT+0000 (Coordinated Universal Time),Wed Dec 18 2024 14:59:00 GMT+0000 (Coordinated Universal Time),https://cdn.prod.website-files.com/672cb53b9f8f60aabd3a77f1/675b2776fb10441f81010cff_67386df90ff4a1de0ccce888_Mate%2520Brunello%2520di%2520Montalcino%25202017.png,,"2015, 2017, 2019",clay; galestro,sangiovese-grosso,red,438,,"Small batch, native yeast ferment",36-48 months in French oak,"Cherry, tobacco, leather, elegant tannins","Bistecca alla Fiorentina, hard Italian cheeses",94-96 points,,355115,Mate Brunello di Montalcino 2017
"Matrot, Meursault 1er Cru, Perrieres 2021",matrot-meursault-1er-cru-perrieres-2021,675834b9bb95cd936a45d91a,672cb53b9f8f60aabd3a77c2,675b2777cd0d40e1dbcc4e45,Thu Dec 12 2024 18:12:07 GMT+0000 (Coordinated Universal Time),Wed Dec 18 2024 14:56:22 GMT+0000 (Coordinated Universal Time),Wed Dec 18 2024 14:59:00 GMT+0000 (Coordinated Universal Time),https://cdn.prod.website-files.com/672cb53b9f8f60aabd3a77f1/675b2776cd0d40e1dbcc4dee_6734701377f8ebc01ddb2b3f_Matrot%252C%2520Meursault%25201er%2520Cru%252C%2520Perrieres%25202021.png,,"2017, 2020, 2021",limestone; clay,chardonnay,white,1580,,"Natural fermentation, neutral barrels",12-14 months in oak,"Citrus, white peach, hazelnut, mineral backbone","Lobster, creamy chicken dishes",92-94 points,,355117,"Matrot, Meursault 1er Cru, Perrieres 2021"
"Michel Bouzereau, Meursault 1er Cru, Genevrieres 2008",michel-bouzereau-meursault-1er-cru-genevrieres-2008,675834b9bb95cd936a45d91a,672cb53b9f8f60aabd3a77c2,675b277787d97e855054f97b,Thu Dec 12 2024 18:12:07 GMT+0000 (Coordinated Universal Time),Wed Dec 18 2024 14:56:22 GMT+0000 (Coordinated Universal Time),Wed Dec 18 2024 14:59:00 GMT+0000 (Coordinated Universal Time),https://cdn.prod.website-files.com/672cb53b9f8f60aabd3a77f1/675b277787d97e855054f974_6734e1e9d444c8d905bf20e6_Michel%2520Bouzereau%252C%2520Meursault%25201er%2520Cru%252C%2520Genevrieres%25202008.png,,"2005, 2008, 2012",clay-limestone,chardonnay,white,1398,,"Traditional vinification, oak ferment",12-18 months in oak,"Honeyed notes, baked apple, balanced acidity","Scallops, white truffle pasta",90-92 points,,355119,"Michel Bouzereau, Meursault 1er Cru, Genevrieres 2008"
Michel Magnien Gevrey Chambertin Aux Echezeaux 2020,michel-magnien-gevrey-chambertin-aux-echezeaux-2020,675834b9bb95cd936a45d91a,672cb53b9f8f60aabd3a77c2,675b2777f842cac1bdb1247f,Thu Dec 12 2024 18:12:07 GMT+0000 (Coordinated Universal Time),Wed Dec 18 2024 14:56:23 GMT+0000 (Coordinated Universal Time),Wed Dec 18 2024 14:59:00 GMT+0000 (Coordinated Universal Time),https://cdn.prod.website-files.com/672cb53b9f8f60aabd3a77f1/675b2777f842cac1bdb1244b_67385ad44da80eda3844e127_Michel%2520Magnien%2520Gevrey%2520Chambertin%2520Aux%2520Echezeaux%25202020.png,,"2018, 2020, 2021",rocky-limestone,pinot-noir,red,588,,"Biodynamic, handpicked, whole cluster",12-18 months in French oak,"Dark cherry, violet, earthy spice","Roast duck, wild mushroom dishes",91-93 points,,355121,Michel Magnien Gevrey Chambertin Aux Echezeaux 2020
Michel Magnien Gevrey Chambertin Les Seuvrées VV 2020,michel-magnien-gevrey-chambertin-les-seuvrees-vv-2020,675834b9bb95cd936a45d91a,672cb53b9f8f60aabd3a77c2,675b27778a2f1a58413fe46a,Thu Dec 12 2024 18:12:07 GMT+0000 (Coordinated Universal Time),Wed Dec 18 2024 14:56:23 GMT+0000 (Coordinated Universal Time),Wed Dec 18 2024 14:59:00 GMT+0000 (Coordinated Universal Time),https://cdn.prod.website-files.com/672cb53b9f8f60aabd3a77f1/675b27778a2f1a58413fe463_67385ad3ac831b128c8ae3e4_Michel%2520Magnien%2520Gevrey%2520Chambertin%2520Les%2520Seuvre%25CC%2581es%2520VV%25202020.png,,"2018, 2020, 2021",gravelly-soils,pinot-noir,red,568,,Whole-cluster fermentation,14-16 months in oak,"Black cherry, forest floor, silky tannins","Herb-crusted pork, beef bourguignon",90-92 points,,355123,Michel Magnien Gevrey Chambertin Les Seuvrées VV 2020
Michel Magnien Vosne Romanée VV 2020,michel-magnien-vosne-romanee-vv-2020,675834b9bb95cd936a45d91a,672cb53b9f8f60aabd3a77c2,675b2778e0b0f105c7176f18,Thu Dec 12 2024 18:12:08 GMT+0000 (Coordinated Universal Time),Wed Dec 18 2024 14:56:23 GMT+0000 (Coordinated Universal Time),Wed Dec 18 2024 14:59:00 GMT+0000 (Coordinated Universal Time),https://cdn.prod.website-files.com/672cb53b9f8f60aabd3a77f1/675b2777e0b0f105c7176dde_67385ad37fdaa19e3bb21b04_Michel%2520Magnien%2520Vosne%2520Romane%25CC%2581e%2520VV%25202020.png,,"2017, 2019, 2020",clay-limestone,pinot-noir,red,858,,"Organic practices, native fermentation",16-18 months in French oak,"Raspberry, exotic spice, smooth texture","Lamb chops, truffle risotto",92-94 points,,355125,Michel Magnien Vosne Romanée VV 2020
Michel Niellon Chassagne Montrachet 1er Cru Clos de la Maltroie 2020,michel-niellon-chassagne-montrachet-1er-cru-clos-de-la-maltroie-2020,675834b9bb95cd936a45d91a,672cb53b9f8f60aabd3a77c2,675b2778c032071eb45a476e,Thu Dec 12 2024 18:12:08 GMT+0000 (Coordinated Universal Time),Wed Dec 18 2024 14:56:23 GMT+0000 (Coordinated Universal Time),Wed Dec 18 2024 14:59:00 GMT+0000 (Coordinated Universal Time),https://cdn.prod.website-files.com/672cb53b9f8f60aabd3a77f1/675b2778c032071eb45a4665_67385ad4a8068b36ecb7b2d2_Michel%2520Niellon%2520Chassagne%2520Montrachet%25201er%2520Cru%2520Clos%2520de%2520la%2520Maltroie%25202020.png,,"2019, 2020, 2021",clay-limestone,chardonnay,white,799,,"Low intervention, neutral oak ferment",12-14 months in French oak,"Citrus, white flowers, toasted almond","Sea bass, creamy vegetable dishes",91-94 points,,355127,Michel Niellon Chassagne Montrachet 1er Cru Clos de la Maltroie 2020
Michel Niellon Chassagne Montrachet 2021,michel-niellon-chassagne-montrachet-2021,675834b9bb95cd936a45d91a,672cb53b9f8f60aabd3a77c2,675b2778c223e83080057c99,Thu Dec 12 2024 18:12:08 GMT+0000 (Coordinated Universal Time),Wed Dec 18 2024 14:56:24 GMT+0000 (Coordinated Universal Time),Wed Dec 18 2024 14:59:00 GMT+0000 (Coordinated Universal Time),https://cdn.prod.website-files.com/672cb53b9f8f60aabd3a77f1/675b2778c223e83080057c70_67385ad4cab8ba18ca6441f5_Michel%2520Niellon%2520Chassagne%2520Montrachet%25202021.png,,"2018, 2020, 2021",clay,chardonnay,white,498,,"Traditional fermentation, oak barrels",10-12 months in French oak,"Lemon zest, green apple, subtle minerality","Grilled prawns, goat cheese tart",90-92 points,,355129,Michel Niellon Chassagne Montrachet 2021
Neirano Barolo Riserva 1985,neirano-barolo-riserva-1985,675834b9bb95cd936a45d91a,672cb53b9f8f60aabd3a77c2,675b27786391c7c3e2438242,Thu Dec 12 2024 18:12:08 GMT+0000 (Coordinated Universal Time),Wed Dec 18 2024 14:56:24 GMT+0000 (Coordinated Universal Time),Wed Dec 18 2024 14:59:00 GMT+0000 (Coordinated Universal Time),https://cdn.prod.website-files.com/672cb53b9f8f60aabd3a77f1/675b27786391c7c3e24381ee_67385ad31b7da7852951b74f_Neirano%2520Barolo%2520Riserva%25201985.png,,"1982, 1985, 1989",marl; clay,nebbiolo,red,818,,"Traditional vinification, long maceration",Aged in large Slavonian oak,"Matured leather, dried cherry, tobacco","Braised meats, aged Parmigiano",Vintage treasure,,355131,Neirano Barolo Riserva 1985
OBORA Julienas 2023,obora-julienas-2023,675834b9bb95cd936a45d91a,672cb53b9f8f60aabd3a77c2,675b2779884eb70453b03bc8,Thu Dec 12 2024 18:12:09 GMT+0000 (Coordinated Universal Time),Wed Dec 18 2024 14:56:25 GMT+0000 (Coordinated Universal Time),Wed Dec 18 2024 14:59:00 GMT+0000 (Coordinated Universal Time),https://cdn.prod.website-files.com/672cb53b9f8f60aabd3a77f1/675b2778884eb70453b03b09_67386df95cd48337ddf6e1d9_OBORA%2520Julienas%25202023.png,,2023,granite,gamay,red,328,,Carbonic maceration,Minimal oak ageing,"Bright red fruits, floral notes, lively acidity","Charcuterie, roasted chicken",Fresh and vibrant,,355133,OBORA Julienas 2023
Patrick Bouju Domaine de la Boheme Festejar Rose 2019,patrick-bouju-domaine-de-la-boheme-festejar-rose-2019,675834b9bb95cd936a45d91a,672cb53b9f8f60aabd3a77c2,675b27792e7c71c0dd1fa47b,Thu Dec 12 2024 18:12:09 GMT+0000 (Coordinated Universal Time),Wed Dec 18 2024 14:56:24 GMT+0000 (Coordinated Universal Time),Wed Dec 18 2024 14:59:00 GMT+0000 (Coordinated Universal Time),https://cdn.prod.website-files.com/672cb53b9f8f60aabd3a77f1/675b27792e7c71c0dd1fa42f_6732083b790a1cecead01779_Patrick%2520Bouju%2520-%2520Domaine%2520de%2520la%2520Boheme%2520Festejar%2520Rose%25202019.png,,"NV, 2019, 2021",mixed-soils,gamay; blended-varietals,red,229,,"Natural winemaking, pétillant naturel",Minimal intervention,"Strawberry, wild herbs, refreshing bubbles","Light salads, tapas, soft cheeses",Artisan favorite,,355135,Patrick Bouju Domaine de la Boheme Festejar Rose 2019
Penfolds Bin 169 Cabernet Sauvignon 2018,penfolds-bin-169-cabernet-sauvignon-2018,675834b9bb95cd936a45d91a,672cb53b9f8f60aabd3a77c2,675b2779b0e53cb6caee2a17,Thu Dec 12 2024 18:12:09 GMT+0000 (Coordinated Universal Time),Wed Dec 18 2024 14:56:24 GMT+0000 (Coordinated Universal Time),Wed Dec 18 2024 14:59:00 GMT+0000 (Coordinated Universal Time),https://cdn.prod.website-files.com/672cb53b9f8f60aabd3a77f1/675b2779b0e53cb6caee29fd_6734e1e9d76538209c91cd7f_Penfolds%2520Bin%2520169%2520Cabernet%2520Sauvignon%25202018.png,,"2016, 2018, 2019",terra-rossa,cabernet-sauvignon,red,1458,,"Modern vinification, small lot ferment",18 months in French oak,"Blackcurrant, cassis, mocha, powerful structure","Grilled steak, hard cheeses",94-96 points,,355137,Penfolds Bin 169 Cabernet Sauvignon 2018
Philippe Chavy Meursault Charmes Meursault Premier Cru 2020,philippe-chavy-meursault-charmes-meursault-premier-cru-2020,675834b9bb95cd936a45d91a,672cb53b9f8f60aabd3a77c2,675b27792e4aa9fca2894c8b,Thu Dec 12 2024 18:12:09 GMT+0000 (Coordinated Universal Time),Wed Dec 18 2024 14:56:24 GMT+0000 (Coordinated Universal Time),Wed Dec 18 2024 14:59:00 GMT+0000 (Coordinated Universal Time),https://cdn.prod.website-files.com/672cb53b9f8f60aabd3a77f1/675b27792e4aa9fca2894c7d_6734e1ebc02b8e0e5204612c_Philippe%2520Chavy%2520Meursault%2520Charmes%2520Meursault%2520Premier%2520Cru%25202020.png,,"2019, 2020, 2021",clay-limestone,chardonnay,white,998,,"Handpicked, native yeast ferment",12-16 months in French oak,"Citrus zest, green apple, honey, mineral undertones","Lobster, creamy sauces, Comté cheese",91-94 points,,355139,Philippe Chavy Meursault Charmes Meursault Premier Cru 2020
Pierre Gimonnet et Fils Blanc de Blancs Gastronome Champagne 2016,pierre-gimonnet-et-fils-blanc-de-blancs-gastronome-champagne-2016,675834b9bb95cd936a45d91a,672cb53b9f8f60aabd3a77c2,675b2779465ad9a9657cc6ac,Thu Dec 12 2024 18:12:09 GMT+0000 (Coordinated Universal Time),Wed Dec 18 2024 14:56:26 GMT+0000 (Coordinated Universal Time),Wed Dec 18 2024 14:59:00 GMT+0000 (Coordinated Universal Time),https://cdn.prod.website-files.com/672cb53b9f8f60aabd3a77f1/675b2779465ad9a9657cc6a0_67386df970c197f9a507cb42_Pierre%2520Gimonnet%2520et%2520Fils%2520Blanc%2520de%2520Blancs%2520Gastronome%2520Champagne%25202016.png,,"2015, 2016, 2018",chalk,chardonnay,white,448,,Traditional Champagne method,4-5 years on lees,"Lemon curd, white flowers, brioche, elegant minerality","Oysters, smoked salmon, truffle chips",93-95 points,,355141,Pierre Gimonnet et Fils Blanc de Blancs Gastronome Champagne 2016
Pierre Yves Colin Morey Bourgogne Hautes Côtes de Beaune Blanc 2021,pierre-yves-colin-morey-bourgogne-hautes-cotes-de-beaune-blanc-2021,675834b9bb95cd936a45d91a,672cb53b9f8f60aabd3a77c2,675b277b391a4ea24dcd26bd,Thu Dec 12 2024 18:12:11 GMT+0000 (Coordinated Universal Time),Wed Dec 18 2024 14:56:25 GMT+0000 (Coordinated Universal Time),Wed Dec 18 2024 14:59:00 GMT+0000 (Coordinated Universal Time),https://cdn.prod.website-files.com/672cb53b9f8f60aabd3a77f1/675b277b391a4ea24dcd2691_67385ad46ed6615bdc5e70d2_Pierre%2520Yves%2520Colin%2520Morey%2520Bourgogne%2520Hautes%2520Co%25CC%2582tes%2520de%2520Beaune%2520Blanc%25202021.png,,"2019, 2020, 2021",limestone,chardonnay,white,668,,"Minimal intervention, neutral oak",10-12 months in French oak,"White peach, citrus, subtle oak, vibrant acidity","Roast chicken, grilled sea bass",90-92 points,,355143,Pierre Yves Colin Morey Bourgogne Hautes Côtes de Beaune Blanc 2021
Pio Cesare Barolo DOCG Piedmont 1970,pio-cesare-barolo-docg-piedmont-1970,675834b9bb95cd936a45d91a,672cb53b9f8f60aabd3a77c2,675b277aa43a9e90f15118c3,Thu Dec 12 2024 18:12:10 GMT+0000 (Coordinated Universal Time),Wed Dec 18 2024 14:56:25 GMT+0000 (Coordinated Universal Time),Wed Dec 18 2024 14:59:00 GMT+0000 (Coordinated Universal Time),https://cdn.prod.website-files.com/672cb53b9f8f60aabd3a77f1/675b277aa43a9e90f1511898_67386df93c6b445a000e0d87_Pio%2520Cesare%2520Barolo%2520DOCG%2520Piedmont%25201970.png,,"1964, 1970, 1971",marl; clay,nebbiolo,red,898,,Traditional Barolo vinification,Large Slavonian oak; long ageing,"Dried cherry, leather, tar, mature tobacco","Braised lamb, aged Parmigiano, truffles",Vintage collectible,,355145,Pio Cesare Barolo DOCG Piedmont 1970
Piper Heidsieck Champagne Rare 2008,piper-heidsieck-champagne-rare-2008,675834b9bb95cd936a45d91a,672cb53b9f8f60aabd3a77c2,675b277ad05f410629a6d9b9,Thu Dec 12 2024 18:12:10 GMT+0000 (Coordinated Universal Time),Wed Dec 18 2024 14:56:25 GMT+0000 (Coordinated Universal Time),Wed Dec 18 2024 14:59:00 GMT+0000 (Coordinated Universal Time),https://cdn.prod.website-files.com/672cb53b9f8f60aabd3a77f1/675b277ad05f410629a6d9aa_67385ad362341f743988bdf1_Piper%2520Heidsieck%2520Champagne%2520Rare%25202008.png,,"2002, 2008, 2012",chalk; limestone,chardonnay; pinot-noir,sparkling,1338,,Traditional Champagne method,Over 8 years on lees,"Complex layers of citrus, honey, almond, toast","Caviar, seafood risotto, creamy cheeses",95-97 points,,355147,Piper Heidsieck Champagne Rare 2008
Pol Roger Blanc de Blancs 2015,pol-roger-blanc-de-blancs-2015,675834b9bb95cd936a45d91a,672cb53b9f8f60aabd3a77c2,675b277b0157ef5762bf15da,Thu Dec 12 2024 18:12:11 GMT+0000 (Coordinated Universal Time),Wed Dec 18 2024 14:56:25 GMT+0000 (Coordinated Universal Time),Wed Dec 18 2024 14:59:00 GMT+0000 (Coordinated Universal Time),https://cdn.prod.website-files.com/672cb53b9f8f60aabd3a77f1/675b277b0157ef5762bf15c6_6734e1ec2559d66254be2201_Pol%2520Roger%2520Blanc%2520de%2520Blancs%25202015.png,,"2013, 2015, 2018",chalk; limestone,chardonnay,sparkling; white,695,,Traditional method,Minimum 6 years on lees,"Lemon tart, green apple, almond, vibrant minerality","Sushi, scallops, creamy pasta dishes",93-95 points,,355149,Pol Roger Blanc de Blancs 2015
Produttori del Barbaresco Asili Barbaresco Riserva DOCG 2017,produttori-del-barbaresco-asili-barbaresco-riserva-docg-2017,675834b9bb95cd936a45d91a,672cb53b9f8f60aabd3a77c2,675b277b35c8eb9a8cb0ac77,Thu Dec 12 2024 18:12:11 GMT+0000 (Coordinated Universal Time),Wed Dec 18 2024 14:56:26 GMT+0000 (Coordinated Universal Time),Wed Dec 18 2024 14:59:00 GMT+0000 (Coordinated Universal Time),https://cdn.prod.website-files.com/672cb53b9f8f60aabd3a77f1/675b277a35c8eb9a8cb0ac44_6734e1ebbdd26229c6f22ca4_Produttori%2520del%2520Barbaresco%2520Asili%2520Barbaresco%2520Riserva%2520DOCG%25202017.png,,"2016, 2017, 2019",marl; limestone,nebbiolo,red,539,,"Long maceration, traditional style",36 months in large Slavonian oak,"Red cherry, rose petal, spice, firm structure","Veal, roasted game, mushroom risotto",94-96 points,,355151,Produttori del Barbaresco Asili Barbaresco Riserva DOCG 2017
Produttori del Barbaresco Barbaresco 1971,produttori-del-barbaresco-barbaresco-1971,675834b9bb95cd936a45d91a,672cb53b9f8f60aabd3a77c2,675b277b391a4ea24dcd26df,Thu Dec 12 2024 18:12:11 GMT+0000 (Coordinated Universal Time),Wed Dec 18 2024 14:56:26 GMT+0000 (Coordinated Universal Time),Wed Dec 18 2024 14:59:00 GMT+0000 (Coordinated Universal Time),https://cdn.prod.website-files.com/672cb53b9f8f60aabd3a77f1/675b277a391a4ea24dcd2682_6732083b31a447d9eeb65ff0_Produttori%2520del%2520Barbaresco%2520Barbaresco%25201971.png,,"1964, 1971, 1974",calcareous-marl,nebbiolo,red,888,,Traditional vinification,Large neutral oak casks; long ageing,"Dried roses, plum, tobacco, evolved complexity","Osso buco, aged cheeses, porcini dishes",Historical treasure,,355153,Produttori del Barbaresco Barbaresco 1971
Produttori del Barbaresco Montefico Barbaresco Riserva DOCG 2017,produttori-del-barbaresco-montefico-barbaresco-riserva-docg-2017,675834b9bb95cd936a45d91a,672cb53b9f8f60aabd3a77c2,675b277b9b03153bc38c35b9,Thu Dec 12 2024 18:12:11 GMT+0000 (Coordinated Universal Time),Wed Dec 18 2024 14:56:26 GMT+0000 (Coordinated Universal Time),Wed Dec 18 2024 14:59:00 GMT+0000 (Coordinated Universal Time),https://cdn.prod.website-files.com/672cb53b9f8f60aabd3a77f1/675b277b9b03153bc38c359c_6734e1ec3586da1ece07207a_Produttori%2520del%2520Barbaresco%2520Montefico%2520Barbaresco%2520Riserva%2520DOCG%25202017.png,,"2016, 2017, 2019",limestone; marl,nebbiolo,red,539,,Traditional winemaking,36 months in large Slavonian oak,"Black cherry, licorice, herbs, robust tannins","Short ribs, grilled meats, polenta",94-96 points,,355155,Produttori del Barbaresco Montefico Barbaresco Riserva DOCG 2017
Produttori del Barbaresco Montestefano Barbaresco Riserva DOCG 2017,produttori-del-barbaresco-montestefano-barbaresco-riserva-docg-2017,675834b9bb95cd936a45d91a,672cb53b9f8f60aabd3a77c2,675b277e0e2c24f294d5f206,Thu Dec 12 2024 18:12:14 GMT+0000 (Coordinated Universal Time),Wed Dec 18 2024 14:56:26 GMT+0000 (Coordinated Universal Time),Wed Dec 18 2024 14:59:00 GMT+0000 (Coordinated Universal Time),https://cdn.prod.website-files.com/672cb53b9f8f60aabd3a77f1/675b277e0e2c24f294d5f1e2_6734e1ea5f7e08ae1c86b606_Produttori%2520del%2520Barbaresco%2520Montestefano%2520Barbaresco%2520Riserva%2520DOCG%25202017.png,,"2016, 2017, 2019",clay; limestone,nebbiolo,red,539,,"Hand-harvested, long maceration",36 months in large Slavonian oak,"Dark berries, violets, spices, firm acidity","Duck confit, truffle pasta, hard cheeses",94-96 points,,355157,Produttori del Barbaresco Montestefano Barbaresco Riserva DOCG 2017
"Rougeot Père et Fils, Meursault 1er Cru, Charmes 2019",rougeot-pere-et-fils-meursault-1er-cru-charmes-2019,675834b9bb95cd936a45d91a,672cb53b9f8f60aabd3a77c2,675b277cd430118e61edb8a7,Thu Dec 12 2024 18:12:12 GMT+0000 (Coordinated Universal Time),Wed Dec 18 2024 14:56:26 GMT+0000 (Coordinated Universal Time),Wed Dec 18 2024 14:59:00 GMT+0000 (Coordinated Universal Time),https://cdn.prod.website-files.com/672cb53b9f8f60aabd3a77f1/675b277cd430118e61edb882_673463508adf4fc1f54dc210_Rougeot%2520Pere%2520et%2520Fils%252C%2520Meursault%25201er%2520Cru%252C%2520Charmes%25202019.png,,"2018, 2019, 2020",clay-limestone,chardonnay,white,1198,,Fermented in oak barrels,12-16 months in French oak,"Lemon curd, white flowers, hazelnut, creamy texture","Lobster, scallops, truffle pasta",91-94 points,,355159,"Rougeot Père et Fils, Meursault 1er Cru, Charmes 2019"
Siro Pacenti Pelagrilli Brunello di Montalcino 2018,siro-pacenti-pelagrilli-brunello-di-montalcino-2018,675834b9bb95cd936a45d91a,672cb53b9f8f60aabd3a77c2,675b277c0c853e1a610b5708,Thu Dec 12 2024 18:12:12 GMT+0000 (Coordinated Universal Time),Wed Dec 18 2024 14:56:26 GMT+0000 (Coordinated Universal Time),Wed Dec 18 2024 14:59:00 GMT+0000 (Coordinated Universal Time),https://cdn.prod.website-files.com/672cb53b9f8f60aabd3a77f1/675b277c0c853e1a610b56e8_67386df912ab66f45bcf56e1_Siro%2520Pacenti%2520Pelagrilli%2520Brunello%2520di%2520Montalcino%25202018.png,,"2016, 2018, 2019",marl; limestone,sangiovese-grosso,red,448,,"Handpicked, long maceration",24 months in French oak,"Cherry, rose petals, spice, earthy undertones","Roasted lamb, wild boar, hard cheeses",94-96 points,,355161,Siro Pacenti Pelagrilli Brunello di Montalcino 2018
Sperry Alsace Grain de Sable 2021,sperry-alsace-grain-de-sable-2021,675834b9bb95cd936a45d91a,672cb53b9f8f60aabd3a77c2,675b277c2da817cae781896a,Thu Dec 12 2024 18:12:12 GMT+0000 (Coordinated Universal Time),Wed Dec 18 2024 14:56:27 GMT+0000 (Coordinated Universal Time),Wed Dec 18 2024 14:59:00 GMT+0000 (Coordinated Universal Time),https://cdn.prod.website-files.com/672cb53b9f8f60aabd3a77f1/675b277c2da817cae781892f_6732083bfa5c3213e15ff08d_Sperry%2520Alsace%2520Grain%2520de%2520Sable%25202021.png,,"2020, 2021",sand; loam,sylvaner; auxerrois,red,158,,"Organic practices, spontaneous ferment",Stainless steel aging,"Bright citrus, floral, light-bodied minerality","Fresh salads, seafood platters, goat cheese",88-90 points,,355163,Sperry Alsace Grain de Sable 2021
"Sperry Alsace Pinot Noir ""Les Origines"" 2022",sperry-alsace-pinot-noir-les-origines-2022,675834b9bb95cd936a45d91a,672cb53b9f8f60aabd3a77c2,675b277cbb3ae91156a771e8,Thu Dec 12 2024 18:12:12 GMT+0000 (Coordinated Universal Time),Wed Dec 18 2024 14:56:27 GMT+0000 (Coordinated Universal Time),Wed Dec 18 2024 14:59:00 GMT+0000 (Coordinated Universal Time),https://cdn.prod.website-files.com/672cb53b9f8f60aabd3a77f1/675b277cbb3ae91156a7717a_6732083a327d1fb638606686_Sperry%2520Alsace%2520Pinot%2520Noir%2520_Les%2520Origines_%25202022.png,,"2021, 2022",gravelly; calcareous,pinot-noir,red,198,,"Minimal intervention, whole cluster",Neutral oak,"Raspberry, strawberry, subtle earthy tones","Duck breast, mushroom risotto",89-91 points,,355165,"Sperry Alsace Pinot Noir ""Les Origines"" 2022"
"Sperry Alsace Pinot Noir ""Vieille Vignes"" 2021",sperry-alsace-pinot-noir-vieille-vignes-2021,675834b9bb95cd936a45d91a,672cb53b9f8f60aabd3a77c2,675b277c6a502aacb92aee15,Thu Dec 12 2024 18:12:12 GMT+0000 (Coordinated Universal Time),Wed Dec 18 2024 14:56:27 GMT+0000 (Coordinated Universal Time),Wed Dec 18 2024 14:59:00 GMT+0000 (Coordinated Universal Time),https://cdn.prod.website-files.com/672cb53b9f8f60aabd3a77f1/675b277cbb3ae91156a7717a_6732083a327d1fb638606686_Sperry%2520Alsace%2520Pinot%2520Noir%2520_Les%2520Origines_%25202022.png,,"2020, 2021",clay-limestone,pinot-noir,red,198,,"Handpicked, gentle pressing",Neutral oak,"Black cherry, violet, delicate spice","Charcuterie, coq au vin",90-92 points,,355167,"Sperry Alsace Pinot Noir ""Vieille Vignes"" 2021"
Sperry Alsace Riesling Grand Cru Winzenberg 2018,sperry-alsace-riesling-grand-cru-winzenberg-2018,675834b9bb95cd936a45d91a,672cb53b9f8f60aabd3a77c2,675b277d87d97e855054fc76,Thu Dec 12 2024 18:12:13 GMT+0000 (Coordinated Universal Time),Wed Dec 18 2024 14:56:27 GMT+0000 (Coordinated Universal Time),Wed Dec 18 2024 14:59:00 GMT+0000 (Coordinated Universal Time),https://cdn.prod.website-files.com/672cb53b9f8f60aabd3a77f1/675b277d87d97e855054fc5b_6732083b7b1948ea80a23413_Sperry%2520Alsace%2520Riesling%2520Grand%2520Cru%2520Winzenberg%25202018.png,,"2017, 2018, 2020",granite,riesling,white,198,,Spontaneous fermentation,Stainless steel; extended lees aging,"Green apple, lime zest, slate minerality","Oysters, ceviche, Asian cuisine",92-94 points,,355169,Sperry Alsace Riesling Grand Cru Winzenberg 2018
"Stéphane Magnien, Morey-Saint-Denis 1er Cru, Cuvée Petites Noix 2019",stephane-magnien-morey-saint-denis-1er-cru-cuvee-petites-noix-2019,675834b9bb95cd936a45d91a,672cb53b9f8f60aabd3a77c2,675b277df9e406bf85e2a98f,Thu Dec 12 2024 18:12:13 GMT+0000 (Coordinated Universal Time),Wed Dec 18 2024 14:56:27 GMT+0000 (Coordinated Universal Time),Wed Dec 18 2024 14:59:00 GMT+0000 (Coordinated Universal Time),https://cdn.prod.website-files.com/672cb53b9f8f60aabd3a77f1/675b277df9e406bf85e2a953_6732083a5387060c754b763d_Stephane%2520Magnien%252C%2520Morey-Saint-Denis%25201er%2520Cru%252C%2520Cuvee%252C%2520Petites%2520Noix%25202019.png,,"2018, 2019, 2020",clay-limestone,pinot-noir,red,608,,Whole cluster fermentation,12-18 months in French oak,"Cherry, cranberry, subtle spice, structured tannins","Grilled salmon, roast duck",91-93 points,,355171,"Stephane Magnien, Morey-Saint-Denis 1er Cru, Cuvee Petites Noix 2019"
"Te Mata Awatea Cabernet Merlot, Hawke's Bay 2019",te-mata-awatea-cabernet-merlot-hawkes-bay-2019,675834b9bb95cd936a45d91a,672cb53b9f8f60aabd3a77c2,675b277d9b03153bc38c3719,Thu Dec 12 2024 18:12:13 GMT+0000 (Coordinated Universal Time),Wed Dec 18 2024 14:56:28 GMT+0000 (Coordinated Universal Time),Wed Dec 18 2024 14:59:00 GMT+0000 (Coordinated Universal Time),https://cdn.prod.website-files.com/672cb53b9f8f60aabd3a77f1/675b277d9b03153bc38c36eb_67386dfa5b5b245d69af1fdf_Te%2520Mata%2520Awatea%2520Cabernet%2520Merlot%252C%2520Hawke%2527s%2520Bay%25202019.png,,"2018, 2019, 2020",alluvial-gravel,cabernet-sauvignon; merlot,red,295,,Stainless steel fermentation,12 months in French oak,"Blackcurrant, plum, graphite, silky tannins","Steak, beef wellington, hard cheeses",91-93 points,,355173,"Te Mata Awatea Cabernet Merlot, Hawke's Bay 2019"
Te Mata Elston Chardonnay 2021,te-mata-elston-chardonnay-2021,675834b9bb95cd936a45d91a,672cb53b9f8f60aabd3a77c2,675b277d76596dde4e60080c,Thu Dec 12 2024 18:12:13 GMT+0000 (Coordinated Universal Time),Wed Dec 18 2024 14:56:28 GMT+0000 (Coordinated Universal Time),Wed Dec 18 2024 14:59:00 GMT+0000 (Coordinated Universal Time),https://cdn.prod.website-files.com/672cb53b9f8f60aabd3a77f1/675b277d76596dde4e6007d2_67386dfad8b2c3539d65faed_Te%2520Mata%2520Elston%2520Chardonnay%25202021.png,,"2020, 2021",sand; loam; clay,chardonnay,white,298,,Fermented in oak,10 months in French oak,"Peach, citrus, almond, balanced oak integration","Creamy pasta, roast chicken, soft cheeses",92-94 points,,355175,Te Mata Elston Chardonnay 2021
Te Mata Estate Alma Pinot Noir Hawke's Bay 2021,te-mata-estate-alma-pinot-noir-hawkes-bay-2021,675834b9bb95cd936a45d91a,672cb53b9f8f60aabd3a77c2,675b27806a502aacb92aefa8,Thu Dec 12 2024 18:12:16 GMT+0000 (Coordinated Universal Time),Wed Dec 18 2024 14:56:28 GMT+0000 (Coordinated Universal Time),Wed Dec 18 2024 14:59:00 GMT+0000 (Coordinated Universal Time),https://cdn.prod.website-files.com/672cb53b9f8f60aabd3a77f1/675b277d6a502aacb92aee6e_67386dfa4da80eda385016f5_Te%2520Mata%2520Estate%2520Alma%2520Pinot%2520Noir%2520Hawke%2527s%2520Bay%25202021.png,,"2021, 2022",silt; clay; loam,pinot-noir,red,368,,Fermented in open-top tanks,11 months in French oak,"Red cherry, raspberry, hints of spice","Duck confit, mushroom dishes, salmon",91-93 points,,355177,Te Mata Estate Alma Pinot Noir Hawke's Bay 2021
Te Mata Estate Cabernet Merlot 2020,te-mata-estate-cabernet-merlot-2020,675834b9bb95cd936a45d91a,672cb53b9f8f60aabd3a77c2,675b277ee0b0f105c7177392,Thu Dec 12 2024 18:12:14 GMT+0000 (Coordinated Universal Time),Wed Dec 18 2024 14:56:29 GMT+0000 (Coordinated Universal Time),Wed Dec 18 2024 14:59:00 GMT+0000 (Coordinated Universal Time),https://cdn.prod.website-files.com/672cb53b9f8f60aabd3a77f1/675b277ee0b0f105c7177369_67386dfa2aa3b51fcbf87821_Te%2520Mata%2520Estate%2520Cabernet%2520Merlot%25202020.png,,"2019, 2020",alluvial-gravel,cabernet-sauvignon; merlot,red,198,,Traditional fermentation,9 months in French oak,"Blackberry, cassis, light vanilla notes","Grilled meats, burgers, cheddar",89-91 points,,355179,Te Mata Estate Cabernet Merlot 2020
Te Mata Estate Cape Crest Sauvignon Blanc Hawke's Bay 2020,te-mata-estate-cape-crest-sauvignon-blanc-hawkes-bay-2020,675834b9bb95cd936a45d91a,672cb53b9f8f60aabd3a77c2,675b277e51c9256a4f6a33ac,Thu Dec 12 2024 18:12:14 GMT+0000 (Coordinated Universal Time),Wed Dec 18 2024 14:56:28 GMT+0000 (Coordinated Universal Time),Wed Dec 18 2024 14:59:00 GMT+0000 (Coordinated Universal Time),https://cdn.prod.website-files.com/672cb53b9f8f60aabd3a77f1/675b277e51c9256a4f6a334a_6734e1e9d76538209c91cd29_Te%2520Mata%2520Estate%2520Cape%2520Crest%2520Sauvignon%2520Blanc%2520Hawke%2527s%2520Bay%25202020.png,,"2019, 2020, 2021",gravel; clay,sauvignon-blanc,white,249,,Barrel fermentation,6 months in French oak,"Grapefruit, passionfruit, subtle oak, creamy texture","Goat cheese, asparagus, seafood risotto",91-93 points,,355181,Te Mata Estate Cape Crest Sauvignon Blanc Hawke's Bay 2020
Te Mata Estate Coleraine Hawke's Bay 2021,te-mata-estate-coleraine-hawkes-bay-2021,675834b9bb95cd936a45d91a,672cb53b9f8f60aabd3a77c2,675b277e66b985d10e7f7ccf,Thu Dec 12 2024 18:12:14 GMT+0000 (Coordinated Universal Time),Wed Dec 18 2024 14:56:28 GMT+0000 (Coordinated Universal Time),Wed Dec 18 2024 14:59:00 GMT+0000 (Coordinated Universal Time),https://cdn.prod.website-files.com/672cb53b9f8f60aabd3a77f1/675b277e66b985d10e7f7cb4_67386dfa6b26f4521be3322f_Te%2520Mata%2520Estate%2520Coleraine%2520Hawke%2527s%2520Bay%25202021.png,,"2020, 2021",gravelly-soils,cabernet-sauvignon; merlot,red,698,,Traditional Bordeaux-style ferment,17 months in French oak,"Dark berries, tobacco, cedar, structured finish","Prime rib, lamb rack, aged gouda",95-97 points,,355183,Te Mata Estate Coleraine Hawke's Bay 2021
Tedeschi Amarone della Valpolicella Classico DOCG 1980,tedeschi-amarone-della-valpolicella-classico-docg-1980,675834b9bb95cd936a45d91a,672cb53b9f8f60aabd3a77c2,675b277ea553163bf4afb16e,Thu Dec 12 2024 18:12:14 GMT+0000 (Coordinated Universal Time),Wed Dec 18 2024 14:56:29 GMT+0000 (Coordinated Universal Time),Wed Dec 18 2024 14:59:00 GMT+0000 (Coordinated Universal Time),https://cdn.prod.website-files.com/672cb53b9f8f60aabd3a77f1/675b277ea553163bf4afb0ee_673208395152e4595306db9b_Tedeschi%2520Amarone%2520della%2520Valpolicella%2520Classico%2520DOCG%25201980.png,,"1980, 1983, 1988",clay; limestone,corvina; rondinella; molinara,red,699,,Appassimento (drying grapes),36-48 months in oak,"Dried cherry, plum, tobacco, leather, earthy complexity","Osso buco, aged Parmigiano Reggiano",90-92 points (historic),,355185,Tedeschi Amarone della Valpolicella Classico DOCG 1980
Terre del Barolo Barolo 1967,terre-del-barolo-barolo-1967,675834b9bb95cd936a45d91a,672cb53b9f8f60aabd3a77c2,675b277f0157ef5762bf173a,Thu Dec 12 2024 18:12:15 GMT+0000 (Coordinated Universal Time),Wed Dec 18 2024 14:56:29 GMT+0000 (Coordinated Universal Time),Wed Dec 18 2024 14:59:00 GMT+0000 (Coordinated Universal Time),https://cdn.prod.website-files.com/672cb53b9f8f60aabd3a77f1/675b277f0157ef5762bf16dd_67387164102f21ca9cb16485_Terre%2520del%2520Barolo%2520Barolo%25201967.png,,"1967, 1971, 1974",calcareous-clay,nebbiolo,red,648,,"Long maceration, traditional methods",Large neutral oak barrels,"Rose petal, tar, dried red fruits, truffle, long finish","Wild boar, porcini risotto, mature cheeses",92-94 points (historic),,355187,Terre del Barolo Barolo 1967
The Prisoner Wine Co. 'The Prisoner' Chardonnay Carneros 2021,the-prisoner-wine-co-the-prisoner-chardonnay-carneros-2021,675834b9bb95cd936a45d91a,672cb53b9f8f60aabd3a77c2,675b277f1bb8214e97164ad0,Thu Dec 12 2024 18:12:15 GMT+0000 (Coordinated Universal Time),Wed Dec 18 2024 14:56:29 GMT+0000 (Coordinated Universal Time),Wed Dec 18 2024 14:59:00 GMT+0000 (Coordinated Universal Time),https://cdn.prod.website-files.com/672cb53b9f8f60aabd3a77f1/675b277f1bb8214e97164a8a_6734e1ec91d5af86018be411_The%2520Prisoner%2520Wine%2520Co.%2520%2527The%2520Prisoner%2527%2520Chardonnay%2520Carneros%25202021.png,,"2020, 2021",loam; volcanic-clay,chardonnay,white,398,,Fermented in stainless steel,10 months in French oak,"Ripe tropical fruits, vanilla, cream, toasted almonds","Lobster rolls, chicken alfredo",89-91 points,,355189,The Prisoner Wine Co. 'The Prisoner' Chardonnay Carneros 2021
The Prisoner Wine Co. 'The Prisoner' Pinot Noir Sonoma Coast 2021,the-prisoner-wine-co-the-prisoner-pinot-noir-sonoma-coast-2021,675834b9bb95cd936a45d91a,672cb53b9f8f60aabd3a77c2,675b277fd464bc23eea1e44a,Thu Dec 12 2024 18:12:15 GMT+0000 (Coordinated Universal Time),Wed Dec 18 2024 14:56:29 GMT+0000 (Coordinated Universal Time),Wed Dec 18 2024 14:59:00 GMT+0000 (Coordinated Universal Time),https://cdn.prod.website-files.com/672cb53b9f8f60aabd3a77f1/675b277fd464bc23eea1e417_67385ad472c9592fe66f44bc_The%2520Prisoner%2520Wine%2520Co.%2520%2527The%2520Prisoner%2527%2520Pinot%2520Noir%2520Sonoma%2520Coas%25202021.png,,"2020, 2021",clay-loam,pinot-noir,red,418,,Fermented in open-top tanks,10 months in French oak,"Bright cherry, raspberry, cinnamon, hints of earth","Duck confit, mushroom tart",90-92 points,,355191,The Prisoner Wine Co. 'The Prisoner' Pinot Noir Sonoma Coast 2021
Thomas Morey Chassagne-Montrachet 1er Cru Les Chenevottes 2019,thomas-morey-chassagne-montrachet-1er-cru-les-chenevottes-2019,675834b9bb95cd936a45d91a,672cb53b9f8f60aabd3a77c2,675b27802b605982414ddae4,Thu Dec 12 2024 18:12:16 GMT+0000 (Coordinated Universal Time),Wed Dec 18 2024 14:56:29 GMT+0000 (Coordinated Universal Time),Wed Dec 18 2024 14:59:00 GMT+0000 (Coordinated Universal Time),https://cdn.prod.website-files.com/672cb53b9f8f60aabd3a77f1/675b277f2b605982414dd985_67386dfa5079331077fd6815_Thomas%2520Morey%2520Chassagne%2520Montrachet%25201er%2520Cru%2520Les%2520Chenevottes%25202019.png,,"2018, 2019, 2020",limestone,chardonnay,white,798,,Barrel fermentation,12-16 months in French oak,"Lemon zest, white peach, hazelnut, creamy finish","Scallops, roasted poultry, creamy cheeses",92-94 points,,355193,Thomas Morey Chassagne-Montrachet 1er Cru Les Chenevottes 2019
Thörle Riesling Rheinhessen Auslese 2021,thorle-riesling-rheinhessen-auslese-2021,675834b9bb95cd936a45d91a,672cb53b9f8f60aabd3a77c2,675b2780d9cfd3f28149baa1,Thu Dec 12 2024 18:12:16 GMT+0000 (Coordinated Universal Time),Wed Dec 18 2024 14:56:29 GMT+0000 (Coordinated Universal Time),Wed Dec 18 2024 14:59:00 GMT+0000 (Coordinated Universal Time),https://cdn.prod.website-files.com/672cb53b9f8f60aabd3a77f1/675b2780d9cfd3f28149ba16_6732083c366c9a47970deca7_Thorle%2520Riesling%2520Rheinhessen%2520Auslese.png,,"2020, 2021",loess-loam,riesling,white,398,,"Selective hand harvest, late harvest",Stainless steel; some in large oak,"Candied citrus, honey, apricot, lively acidity","Blue cheese, foie gras, fruit tarts",93-95 points,,355195,Thorle Riesling Rheinhessen Auslese 2021
Thörle Riesling Rheinhessen Kabinett 2022,thorle-riesling-rheinhessen-kabinett-2022,675834b9bb95cd936a45d91a,672cb53b9f8f60aabd3a77c2,675b2780fd842a9391309eaf,Thu Dec 12 2024 18:12:16 GMT+0000 (Coordinated Universal Time),Wed Dec 18 2024 14:56:33 GMT+0000 (Coordinated Universal Time),Wed Dec 18 2024 14:59:00 GMT+0000 (Coordinated Universal Time),https://cdn.prod.website-files.com/672cb53b9f8f60aabd3a77f1/675b2780fd842a9391309e7b_6732083c98e5d10b4f17e01f_Thorle%2520Riesling%2520Rheinhessen%2520Kabinett%25202022.png,,"2021, 2022",loess; limestone,riesling,white,198,,Spontaneous fermentation,Stainless steel,"Green apple, lime, floral notes, crisp minerality","Sushi, salads, light Asian cuisine",91-93 points,,355197,Thorle Riesling Rheinhessen Kabinett 2022
Thörle Riesling Rheinhessen Spätlese 2021,thorle-riesling-rheinhessen-spatlese-2021,675834b9bb95cd936a45d91a,672cb53b9f8f60aabd3a77c2,675b27814d4699b29ad794da,Thu Dec 12 2024 18:12:17 GMT+0000 (Coordinated Universal Time),Wed Dec 18 2024 14:56:31 GMT+0000 (Coordinated Universal Time),Wed Dec 18 2024 14:59:00 GMT+0000 (Coordinated Universal Time),https://cdn.prod.website-files.com/672cb53b9f8f60aabd3a77f1/675b27804d4699b29ad79459_6732083d764d7bdd738faf29_Thorle%2520Riesling%2520Rheinhessen%2520Spatlese%25202021.png,,"2020, 2021",loess-loam,riesling,white,258,,"Late harvest, minimal intervention",Stainless steel; short oak ageing,"Ripe peach, citrus blossom, honey, refreshing acidity","Spicy dishes, soft cheeses, fruit desserts",92-94 points,,355199,Thorle Riesling Rheinhessen Spätlese 2021
Thörle Silvaner Rheinhessen Probstey Trocken 2022,thorle-silvaner-rheinhessen-probstey-trocken-2022,675834b9bb95cd936a45d91a,672cb53b9f8f60aabd3a77c2,675b2781323f34ba9d2515c7,Thu Dec 12 2024 18:12:17 GMT+0000 (Coordinated Universal Time),Wed Dec 18 2024 14:56:30 GMT+0000 (Coordinated Universal Time),Wed Dec 18 2024 14:59:00 GMT+0000 (Coordinated Universal Time),https://cdn.prod.website-files.com/672cb53b9f8f60aabd3a77f1/675b2780323f34ba9d25159a_6732083d4bad1532eeb9873c_Thorles%2520Silvaner%2520Rheinhessen%2520Probstey%2520Trocken.png,,"2021, 2022",limestone,silvaner,white,488,,"Stainless steel, spontaneous ferment",Stainless steel,"Pear, green herbs, flint, crisp and dry finish","Asparagus, goat cheese, grilled fish",91-93 points,,355227,Thorle Silvaner Rheinhessen Probstey Trocken 2022
Two Hands Semillon Adrestia Adelaide 2019,two-hands-semillon-adrestia-adelaide-2019,675834b9bb95cd936a45d91a,672cb53b9f8f60aabd3a77c2,675b27813a24227e8ea1d405,Thu Dec 12 2024 18:12:17 GMT+0000 (Coordinated Universal Time),Wed Dec 18 2024 14:56:31 GMT+0000 (Coordinated Universal Time),Wed Dec 18 2024 14:59:00 GMT+0000 (Coordinated Universal Time),https://cdn.prod.website-files.com/672cb53b9f8f60aabd3a77f1/675b27813a24227e8ea1d3d8_6734e1eabf2c3ddad8c7d8db_Two%2520Hands%2520Semillon%2520Adrestia%2520Adelaide%25202019.png,,"2018, 2019",sandstone; clay,semillon,white,448,,"Stainless steel, oak fermentation",8 months in oak barrels,"Lemon curd, lanolin, beeswax, vibrant acidity","Thai curry, creamy seafood dishes",90-92 points,,355201,Two Hands Semillon Adrestia Adelaide 2019
Unshackled Chardonnay California 2021,unshackled-chardonnay-california-2021,675834b9bb95cd936a45d91a,672cb53b9f8f60aabd3a77c2,675b2781cc258dc50627d29a,Thu Dec 12 2024 18:12:17 GMT+0000 (Coordinated Universal Time),Wed Dec 18 2024 14:56:30 GMT+0000 (Coordinated Universal Time),Wed Dec 18 2024 14:59:00 GMT+0000 (Coordinated Universal Time),https://cdn.prod.website-files.com/672cb53b9f8f60aabd3a77f1/675b2781cc258dc50627d203_67386dfa12ab66f45bcf5714_Unshackled%2520Chardonnay%2520California%25202021.png,,"2020, 2021",varied,chardonnay,white,290,,"Stainless steel, partial oak aging",6-8 months in oak,"Pineapple, ripe pear, vanilla, buttery texture","Crab cakes, roasted chicken, creamy pastas",88-90 points,,355203,Unshackled Chardonnay California 2021
Valdicava Brunello di Montalcino DOCG Tuscany 2016,valdicava-brunello-di-montalcino-docg-tuscany-2016,675834b9bb95cd936a45d91a,672cb53b9f8f60aabd3a77c2,675b278235c8eb9a8cb0b3a9,Thu Dec 12 2024 18:12:18 GMT+0000 (Coordinated Universal Time),Wed Dec 18 2024 14:56:30 GMT+0000 (Coordinated Universal Time),Wed Dec 18 2024 14:59:00 GMT+0000 (Coordinated Universal Time),https://cdn.prod.website-files.com/672cb53b9f8f60aabd3a77f1/675b278235c8eb9a8cb0b39b_6734613d96c925d222468540_Valdicava%2520Brunello%2520di%2520Montalcino%2520DOCG%2520Tuscany.png,,"2015, 2016, 2017",clay; limestone; sand,sangiovese-grosso,red,848,,Fermented in stainless steel,36 months in large oak barrels,"Dark cherry, leather, earth, tobacco, balanced acidity","Braised beef, wild boar, truffle risotto",94-96 points,,355205,Valdicava Brunello di Montalcino DOCG Tuscany 2016
Vereinigte Hospitien - Mosel Riesling Trocken (Dry) 2022,vereinigte-hospitien---mosel-riesling-trocken-dry-2022,675834b9bb95cd936a45d91a,672cb53b9f8f60aabd3a77c2,675b2782061aeb5c8775deed,Thu Dec 12 2024 18:12:18 GMT+0000 (Coordinated Universal Time),Wed Dec 18 2024 14:56:30 GMT+0000 (Coordinated Universal Time),Wed Dec 18 2024 14:59:00 GMT+0000 (Coordinated Universal Time),https://cdn.prod.website-files.com/672cb53b9f8f60aabd3a77f1/675b2781061aeb5c8775dea8_6734e1eb248f6736ced6f19c_Vereinigte%2520Hospitien%2520-%2520Mosel%2520Riesling%2520Trocken%2520(Dry)%25202022.png,,"2021, 2022",slate; quartz,riesling,white,190,,Fermented in stainless steel,Stainless steel; no oak ageing,"Crisp, green apple, citrus, floral, mineral edge","Fresh seafood, sushi, goat cheese",90-92 points,,355207,Vereinigte Hospitien - Mosel Riesling Trocken (Dry) 2022
Vereinigte Hospitien - Piesporter Goldtropfchen Riesling Spatlese 2021,vereinigte-hospitien---piesporter-goldtropfchen-riesling-spatlese-2021,675834b9bb95cd936a45d91a,672cb53b9f8f60aabd3a77c2,675b2782c032071eb45a4c87,Thu Dec 12 2024 18:12:18 GMT+0000 (Coordinated Universal Time),Wed Dec 18 2024 14:56:31 GMT+0000 (Coordinated Universal Time),Wed Dec 18 2024 14:59:00 GMT+0000 (Coordinated Universal Time),https://cdn.prod.website-files.com/672cb53b9f8f60aabd3a77f1/675b2782c032071eb45a4c75_6734e1e9bdd26229c6f22b99_Vereinigte%2520Hospitien%2520-%2520Piesporter%2520Goldtropfchen%2520Riesling%2520Spatlese%25202021.png,,"2020, 2021",slate; clay; limestone,riesling,white,340,,"Selective hand harvest, late harvest",Stainless steel; no oak ageing,"Sweet stone fruit, honey, peach, mineral freshness","Spicy Asian cuisine, fruit desserts, foie gras",92-94 points,,355209,Vereinigte Hospitien - Piesporter Goldtropfchen Riesling Spatlese 2021
Vereinigte Hospitien Trier Scharzhofberger Riesling Grosses Gewachs 2018,vereinigte-hospitien-trier-scharzhofberger-riesling-grosses-gewachs-2018,675834b9bb95cd936a45d91a,672cb53b9f8f60aabd3a77c2,675b27821c9f109b3672fb7f,Thu Dec 12 2024 18:12:18 GMT+0000 (Coordinated Universal Time),Wed Dec 18 2024 14:56:31 GMT+0000 (Coordinated Universal Time),Wed Dec 18 2024 14:59:00 GMT+0000 (Coordinated Universal Time),https://cdn.prod.website-files.com/672cb53b9f8f60aabd3a77f1/675b27821c9f109b3672fb27_6734e1ebd1ca4574e887cedf_Vereinigte%2520Hospitien%2520Trier%2520Scharzhofberger%2520Riesling%2520Grosses%2520Gewachs%25202018.png,,"2017, 2018",slate; quartz,riesling,white,469,,"Slow fermentation, spontaneous yeast",Stainless steel; no oak ageing,"Ripe citrus, white peach, flinty minerality","Lobster, roasted chicken, grilled fish",93-95 points,,355211,Vereinigte Hospitien Trier Scharzhofberger Riesling Grosses Gewachs 2018
Vereinigte Hospitien Trier Sekt Riesling Brut Mosel 2018,vereinigte-hospitien-trier-sekt-riesling-brut-mosel-2018,675834b9bb95cd936a45d91a,672cb53b9f8f60aabd3a77c2,675b2782767fa649c537d2bb,Thu Dec 12 2024 18:12:18 GMT+0000 (Coordinated Universal Time),Wed Dec 18 2024 14:56:31 GMT+0000 (Coordinated Universal Time),Wed Dec 18 2024 14:59:00 GMT+0000 (Coordinated Universal Time),https://cdn.prod.website-files.com/672cb53b9f8f60aabd3a77f1/675b2782767fa649c537d287_6734e1ecc295372840f97859_Vereinigte%2520Hospitien%2520Trier%2520Sekt%2520Riesling%2520Brut%2520Mosel%25202018.png,,"2017, 2018",slate; clay,riesling,white,258,,Traditional method sparkling wine,18 months on lees in bottle,"Crisp, vibrant citrus, green apple, creamy mousse","Oysters, smoked salmon, aperitif",90-92 points,,355213,Vereinigte Hospitien Trier Sekt Riesling Brut Mosel 2018
Vignobles Andre Lurton Chateau de Rochemorin Blanc Pessac-Leognan 2015,vignobles-andre-lurton-chateau-de-rochemorin-blanc-pessac-leognan-2015,675834b9bb95cd936a45d91a,672cb53b9f8f60aabd3a77c2,675b2783fb10441f810117e8,Thu Dec 12 2024 18:12:19 GMT+0000 (Coordinated Universal Time),Wed Dec 18 2024 14:56:32 GMT+0000 (Coordinated Universal Time),Wed Dec 18 2024 14:59:00 GMT+0000 (Coordinated Universal Time),https://cdn.prod.website-files.com/672cb53b9f8f60aabd3a77f1/675b2782fb10441f810117ca_6734e1eb11e7adafd92c565b_Vignobles%2520Andre%2520Lurton%2520Chateau%2520de%2520Rochemorin%2520Blanc%2520Pessac-Leognan%25202015.png,,"2014, 2015, 2016",gravel; clay; limestone,sauvignon-blanc; semillon,white,249,,Fermented in stainless steel and oak,12-18 months in oak barrels,"Lemon zest, honeydew melon, white flowers, oak spice","Grilled seafood, goat cheese, poultry",91-93 points,,355215,Vignobles Andre Lurton Chateau de Rochemorin Blanc Pessac-Leognan 2015
Vinas Mora 'Kaamen II' Primorska Hrvatska 2021,vinas-mora-kaamen-ii-primorska-hrvatska-2021,675834b9bb95cd936a45d91a,672cb53b9f8f60aabd3a77c2,675b2783cb384e11ef6fecb0,Thu Dec 12 2024 18:12:19 GMT+0000 (Coordinated Universal Time),Wed Dec 18 2024 14:56:33 GMT+0000 (Coordinated Universal Time),Wed Dec 18 2024 14:59:00 GMT+0000 (Coordinated Universal Time),https://cdn.prod.website-files.com/672cb53b9f8f60aabd3a77f1/675b2783cb384e11ef6fec94_67385ad47ac5550075a2b4e4_Vinas%2520Mora%2520Andreis%25202021.png,,"2020, 2021",limestone; clay,malvasia; chardonnay,white,503,,Fermented in stainless steel,Short oak maturation,"Citrus, white peach, honey, subtle oak influence","Grilled fish, seafood pasta, fresh salads",88-90 points,,355217,Vinas Mora 'Kaamen II' Primorska Hrvatska 2021
Vinas Mora 'Kaamen III' Primorska Hrvatska 2020,vinas-mora-kaamen-iii-primorska-hrvatska-2020,675834b9bb95cd936a45d91a,672cb53b9f8f60aabd3a77c2,675b27838a2f1a58413feb46,Thu Dec 12 2024 18:12:19 GMT+0000 (Coordinated Universal Time),Wed Dec 18 2024 14:56:32 GMT+0000 (Coordinated Universal Time),Wed Dec 18 2024 14:59:00 GMT+0000 (Coordinated Universal Time),https://cdn.prod.website-files.com/672cb53b9f8f60aabd3a77f1/675b27838a2f1a58413feb05_67385ad47ac5550075a2b470_Vinas%2520Mora%2520%2527Kaamen%2520III%2527%2520Primorska%2520Hrvatska%25202020.png,,"2020, 2021",limestone; clay,malvasia; chardonnay,white,680,,Stainless steel fermentation,Short oak maturation,"Apple, citrus zest, buttered toast, vibrant acidity","Grilled chicken, vegetable dishes, goat cheese",89-91 points,,355219,Vinas Mora 'Kaamen III' Primorska Hrvatska 2020
Vinas Mora 'Kaamen' Primorska Hrvatska 2021,vinas-mora-kaamen-primorska-hrvatska-2021,675834b9bb95cd936a45d91a,672cb53b9f8f60aabd3a77c2,675b27835577966c5986d7db,Thu Dec 12 2024 18:12:19 GMT+0000 (Coordinated Universal Time),Wed Dec 18 2024 14:56:32 GMT+0000 (Coordinated Universal Time),Wed Dec 18 2024 14:59:00 GMT+0000 (Coordinated Universal Time),https://cdn.prod.website-files.com/672cb53b9f8f60aabd3a77f1/675b27835577966c5986d7c0_67385ad49b4c89bda56be641_Vinas%2520Mora%2520%2527Kaamen%2527%2520Primorska%2520Hrvatska%25202021.png,,"2020, 2021",limestone; clay,malvasia; chardonnay,white,430,,Stainless steel fermentation,Short oak maturation,"Peach, citrus, a touch of spice, crisp minerality","Fish, shellfish, light pasta dishes",88-90 points,,355221,Vinas Mora 'Kaamen' Primorska Hrvatska 2021
Vinas Mora Andreis 2021,vinas-mora-andreis-2021,675834b9bb95cd936a45d91a,672cb53b9f8f60aabd3a77c2,675b27832e7c71c0dd1fa9db,Thu Dec 12 2024 18:12:19 GMT+0000 (Coordinated Universal Time),Wed Dec 18 2024 14:56:32 GMT+0000 (Coordinated Universal Time),Wed Dec 18 2024 14:59:00 GMT+0000 (Coordinated Universal Time),https://cdn.prod.website-files.com/672cb53b9f8f60aabd3a77f1/675b2783cb384e11ef6fec94_67385ad47ac5550075a2b4e4_Vinas%2520Mora%2520Andreis%25202021.png,,"2020, 2021",clay; limestone,malvasia; chardonnay; sauvignon-blanc,white,378,,Stainless steel fermentation,Short oak maturation,"Tropical fruits, green apple, citrus, refreshing finish","Light salads, seafood, grilled vegetables",89-91 points,,355223,Vinas Mora Andreis 2021
Vincent Girardin Puligny Montrachet Village VV 2020,vincent-girardin-puligny-montrachet-village-vv-2020,675834b9bb95cd936a45d91a,672cb53b9f8f60aabd3a77c2,675b2784db059bfc62f4f0b4,Thu Dec 12 2024 18:12:20 GMT+0000 (Coordinated Universal Time),Wed Dec 18 2024 14:56:32 GMT+0000 (Coordinated Universal Time),Wed Dec 18 2024 14:59:00 GMT+0000 (Coordinated Universal Time),https://cdn.prod.website-files.com/672cb53b9f8f60aabd3a77f1/675b2784db059bfc62f4f067_67385ad46540e46d3822f67e_Vincent%2520Girardin%2520Puligny%2520Montrachet%2520Village%2520VV%25202020.png,,"2020, 2021",limestone; clay,chardonnay,white,738,,Fermented in oak barrels,12 months in oak barrels,"Citrus, white flowers, butter, mineral touch","Lobster, white fish, roasted poultry",,,355225,Vincent Girardin Puligny Montrachet Village VV 2020
